INFO:     Started server process [47996]
INFO:     Waiting for application startup.
2026-07-27 22:59:48,176 [INFO] [EMIT_PERCENTILE_INVENTORY] stage=schema_backfill legacy_before=24075 regional_backfilled=24075 kazakhstan_backfilled=0 legacy_remaining=0 ambiguous_or_unmatched=0
2026-07-27 22:59:48,365 [INFO] [PROVISOR_AUTO_REFRESH] scheduler disabled: environment=dev
2026-07-27 22:59:48,365 [INFO] [EMIT_REFRESH] scheduler disabled
INFO:     Application startup complete.
INFO:     Uvicorn running on http://127.0.0.1:8000 (Press CTRL+C to quit)
INFO:     127.0.0.1:50734 - "GET /health HTTP/1.1" 200 OK
INFO:     127.0.0.1:50787 - "GET /api/price-formats HTTP/1.1" 200 OK
INFO:     127.0.0.1:50786 - "GET /api/current-user HTTP/1.1" 200 OK
INFO:     127.0.0.1:50788 - "GET /api/current-user HTTP/1.1" 200 OK
INFO:     127.0.0.1:50789 - "GET /api/price-formats HTTP/1.1" 200 OK
INFO:     127.0.0.1:50797 - "GET /api/references/status HTTP/1.1" 200 OK
INFO:     127.0.0.1:50798 - "GET /api/pricing-rules HTTP/1.1" 200 OK
INFO:     127.0.0.1:50791 - "GET /api/price-formats/TEST_01/settings HTTP/1.1" 200 OK
INFO:     127.0.0.1:50799 - "GET /api/price-formats/TEST_01/settings HTTP/1.1" 200 OK
INFO:     127.0.0.1:50808 - "GET /api/pricing-rules HTTP/1.1" 200 OK
INFO:     127.0.0.1:50807 - "GET /api/references/status HTTP/1.1" 200 OK
INFO:     127.0.0.1:50794 - "GET /api/price-lists?format_code=TEST_01 HTTP/1.1" 200 OK
INFO:     127.0.0.1:50802 - "GET /api/price-lists?format_code=TEST_01 HTTP/1.1" 200 OK
2026-07-27 23:00:29,436 [INFO] [PRICE_LIST_ASSIGNMENT_DEBUG] source_type=vidman account_id=1 price_list_id=1478 price_name=јлматы Ч ¬»¬ј ‘арм Ч Zhadi-90@mail.ru items_count=85 real_items_count_from_db=85 visible=true hidden_reason=
2026-07-27 23:00:29,436 [INFO] [PRICE_LIST_ASSIGNMENT_DEBUG] source_type=provisor account_id=4 price_list_id=8322 price_name=јтамирас “ќќ (ATAMIRAS.S “ќќ јлматы) Ч јтамирас “ќќ (ATAMIRAS.S “ќќ јлматы) Ч Aksai4/83 items_count=3767 real_items_count_from_db=3767 visible=true hidden_reason=
2026-07-27 23:00:29,436 [INFO] [PRICE_LIST_ASSIGNMENT_DEBUG] source_type=provisor account_id=3 price_list_id=1417 price_name=«ерде “ќќ Ќѕќ (јктау) Ч «ерде “ќќ Ќѕќ (јктау) Ч ∆асулан-‘арм items_count=2408 real_items_count_from_db=2408 visible=true hidden_reason=
2026-07-27 23:00:29,436 [INFO] [PRICE_LIST_ASSIGNMENT_DEBUG] source_type=provisor account_id=4 price_list_id=1392 price_name=ћедсервис (јтырау) Ч ћедсервис (јтырау) Ч Aksai4/83 items_count=5935 real_items_count_from_db=5935 visible=true hidden_reason=
2026-07-27 23:00:29,436 [INFO] [PRICE_LIST_ASSIGNMENT_DEBUG] source_type=provisor account_id=4 price_list_id=1397 price_name=«ерде “ќќ Ќѕќ (јлматы) Ч «ерде “ќќ Ќѕќ (јлматы) Ч Aksai4/83 items_count=2235 real_items_count_from_db=2235 visible=true hidden_reason=
2026-07-27 23:00:29,436 [INFO] [PRICE_LIST_ASSIGNMENT_DEBUG] source_type=provisor account_id=3 price_list_id=1418 price_name=јк-Ќиет (јктау) Ч јк-Ќиет (јктау) Ч ∆асулан-‘арм items_count=2 real_items_count_from_db=2 visible=true hidden_reason=
2026-07-27 23:00:29,436 [INFO] [PRICE_LIST_ASSIGNMENT_DEBUG] source_type=provisor account_id=4 price_list_id=1145 price_name=јтамирас “ќќ (ATAMIRAS.S “ќќ Ўымкент) Ч јтамирас “ќќ (ATAMIRAS.S “ќќ Ўымкент) Ч Aksai4/83 items_count=4208 real_items_count_from_db=4208 visible=true hidden_reason=
2026-07-27 23:00:29,437 [INFO] [PRICE_LIST_ASSIGNMENT_DEBUG] source_type=provisor account_id=4 price_list_id=158 price_name=ћедсервис ( ызылорда) Ч ћедсервис ( ызылорда) Ч Aksai4/83 items_count=5977 real_items_count_from_db=5977 visible=true hidden_reason=
2026-07-27 23:00:29,437 [INFO] [PRICE_LIST_ASSIGNMENT_DEBUG] source_type=provisor account_id=3 price_list_id=159 price_name=ћедсервис (јктау) Ч ћедсервис (јктау) Ч ∆асулан-‘арм items_count=4948 real_items_count_from_db=4948 visible=true hidden_reason=
2026-07-27 23:00:29,437 [INFO] [PRICE_LIST_ASSIGNMENT_DEBUG] source_type=provisor account_id=4 price_list_id=155 price_name=ћедсервис (ѕавлодар) Ч ћедсервис (ѕавлодар) Ч Aksai4/83 items_count=5414 real_items_count_from_db=5414 visible=true hidden_reason=
2026-07-27 23:00:29,437 [INFO] [PRICE_LIST_ASSIGNMENT_DEBUG] source_type=provisor account_id=4 price_list_id=128 price_name=»нкар (јлматы) Ч »нкар (јлматы) Ч Aksai4/83 items_count=2773 real_items_count_from_db=2773 visible=true hidden_reason=
2026-07-27 23:00:29,437 [INFO] [PRICE_LIST_ASSIGNMENT_DEBUG] source_type=provisor account_id=4 price_list_id=1075 price_name=јманат (јлматы) Ч јманат (јлматы) Ч Aksai4/83 items_count=5183 real_items_count_from_db=5183 visible=true hidden_reason=
2026-07-27 23:00:29,437 [INFO] [PRICE_LIST_ASSIGNMENT_DEBUG] source_type=provisor account_id=3 price_list_id=302 price_name=јманат (јктау) Ч јманат (јктау) Ч ∆асулан-‘арм items_count=4454 real_items_count_from_db=4454 visible=true hidden_reason=
2026-07-27 23:00:29,437 [INFO] [PRICE_LIST_ASSIGNMENT_DEBUG] source_type=provisor account_id=3 price_list_id=8067 price_name=¬ива ‘арм “ќќ(јктау) Ч ¬ива ‘арм “ќќ(јктау) Ч ∆асулан-‘арм items_count=37 real_items_count_from_db=37 visible=true hidden_reason=
2026-07-27 23:00:29,437 [INFO] [PRICE_LIST_ASSIGNMENT_DEBUG] source_type=provisor account_id=3 price_list_id=8781 price_name=“ќќ јЋ јзи€ (јктау) Ч “ќќ јЋ јзи€ (јктау) Ч ∆асулан-‘арм items_count=1 real_items_count_from_db=1 visible=true hidden_reason=
2026-07-27 23:00:29,437 [INFO] [PRICE_LIST_ASSIGNMENT_DEBUG] source_type=provisor account_id=3 price_list_id=8358 price_name=—тофарм средн€€ цена (јктау) Ч —тофарм средн€€ цена (јктау) Ч ∆асулан-‘арм items_count=2385 real_items_count_from_db=2385 visible=true hidden_reason=
2026-07-27 23:00:29,437 [INFO] [PRICE_LIST_ASSIGNMENT_DEBUG] source_type=vidman account_id=2 price_list_id=9665 price_name=јстана Ч “ќќ “ест ћедикал Ч dovulbaevaamangul@gmail.com items_count=224 real_items_count_from_db=224 visible=true hidden_reason=
2026-07-27 23:00:29,437 [INFO] [PRICE_LIST_ASSIGNMENT_DEBUG] source_type=vidman account_id=6 price_list_id=9665 price_name=јстана Ч “ќќ “ест ћедикал Ч aiman.imanbaeva1975@mail.ru items_count=224 real_items_count_from_db=224 visible=true hidden_reason=
2026-07-27 23:00:29,437 [INFO] [PRICE_LIST_ASSIGNMENT_DEBUG] source_type=vidman account_id=1 price_list_id=10925 price_name=јстана Ч »ѕ  азимирова ј.Ќ. (ћедћаг) Ч Zhadi-90@mail.ru items_count=152 real_items_count_from_db=152 visible=true hidden_reason=
2026-07-27 23:00:29,437 [INFO] [PRICE_LIST_ASSIGNMENT_DEBUG] source_type=vidman account_id=6 price_list_id=10925 price_name=јстана Ч »ѕ  азимирова ј.Ќ. (ћедћаг) Ч aiman.imanbaeva1975@mail.ru items_count=152 real_items_count_from_db=152 visible=true hidden_reason=
2026-07-27 23:00:29,437 [INFO] [PRICE_LIST_ASSIGNMENT_DEBUG] source_type=vidman account_id=2 price_list_id=8911 price_name=јлматы Ч “ќќ Rosana.kz Ч dovulbaevaamangul@gmail.com items_count=374 real_items_count_from_db=374 visible=true hidden_reason=
2026-07-27 23:00:29,437 [INFO] [PRICE_LIST_ASSIGNMENT_DEBUG] source_type=vidman account_id=1 price_list_id=8911 price_name=јлматы Ч “ќќ Rosana.kz Ч Zhadi-90@mail.ru items_count=374 real_items_count_from_db=374 visible=true hidden_reason=
2026-07-27 23:00:29,437 [INFO] [PRICE_LIST_ASSIGNMENT_DEBUG] source_type=vidman account_id=6 price_list_id=8911 price_name=јлматы Ч “ќќ Rosana.kz Ч aiman.imanbaeva1975@mail.ru items_count=374 real_items_count_from_db=374 visible=true hidden_reason=
2026-07-27 23:00:29,437 [INFO] [PRICE_LIST_ASSIGNMENT_DEBUG] source_type=vidman account_id=1 price_list_id=11194 price_name= останай Ч “ќќ елешек ‘армаци€ Ч Zhadi-90@mail.ru items_count=4 real_items_count_from_db=4 visible=true hidden_reason=
2026-07-27 23:00:29,437 [INFO] [PRICE_LIST_ASSIGNMENT_DEBUG] source_type=vidman account_id=6 price_list_id=11194 price_name= останай Ч “ќќ елешек ‘армаци€ Ч aiman.imanbaeva1975@mail.ru items_count=4 real_items_count_from_db=4 visible=true hidden_reason=
2026-07-27 23:00:29,437 [INFO] [PRICE_LIST_ASSIGNMENT_DEBUG] source_type=vidman account_id=2 price_list_id=11607 price_name=јстана Ч “ќќ Kazbiotech Ч dovulbaevaamangul@gmail.com items_count=12 real_items_count_from_db=12 visible=true hidden_reason=
2026-07-27 23:00:29,437 [INFO] [PRICE_LIST_ASSIGNMENT_DEBUG] source_type=vidman account_id=1 price_list_id=11607 price_name=јстана Ч “ќќ Kazbiotech Ч Zhadi-90@mail.ru items_count=12 real_items_count_from_db=12 visible=true hidden_reason=
2026-07-27 23:00:29,437 [INFO] [PRICE_LIST_ASSIGNMENT_DEBUG] source_type=vidman account_id=6 price_list_id=11607 price_name=јстана Ч “ќќ Kazbiotech Ч aiman.imanbaeva1975@mail.ru items_count=12 real_items_count_from_db=12 visible=true hidden_reason=
2026-07-27 23:00:29,437 [INFO] [PRICE_LIST_ASSIGNMENT_DEBUG] source_type=vidman account_id=6 price_list_id=8394 price_name=Ўымкент Ч “ќќ ‘ј–ћј“ Ч aiman.imanbaeva1975@mail.ru items_count=2768 real_items_count_from_db=2768 visible=true hidden_reason=
2026-07-27 23:00:29,438 [INFO] [PRICE_LIST_ASSIGNMENT_DEBUG] source_type=vidman account_id=6 price_list_id=10298 price_name=Ўымкент Ч Belasar Pharmacy Ч aiman.imanbaeva1975@mail.ru items_count=3189 real_items_count_from_db=3189 visible=true hidden_reason=
2026-07-27 23:00:29,438 [INFO] [PRICE_LIST_ASSIGNMENT_DEBUG] source_type=vidman account_id=1 price_list_id=1212 price_name=јктобе Ч «ерде јктобе Ч Zhadi-90@mail.ru items_count=2098 real_items_count_from_db=2098 visible=true hidden_reason=
2026-07-27 23:00:29,438 [INFO] [PRICE_LIST_ASSIGNMENT_DEBUG] source_type=vidman account_id=1 price_list_id=391 price_name=јлматы Ч «ерде јлматы Ч Zhadi-90@mail.ru items_count=2183 real_items_count_from_db=2183 visible=true hidden_reason=
2026-07-27 23:00:29,438 [INFO] [PRICE_LIST_ASSIGNMENT_DEBUG] source_type=vidman account_id=1 price_list_id=175 price_name=јктау Ч ћедсервис ѕлюс јктау Ч Zhadi-90@mail.ru items_count=4763 real_items_count_from_db=4763 visible=true hidden_reason=
2026-07-27 23:00:29,438 [INFO] [PRICE_LIST_ASSIGNMENT_DEBUG] source_type=vidman account_id=6 price_list_id=388 price_name=јлматы Ч “ур—ад Ч aiman.imanbaeva1975@mail.ru items_count=1328 real_items_count_from_db=1328 visible=true hidden_reason=
2026-07-27 23:00:29,438 [INFO] [PRICE_LIST_ASSIGNMENT_DEBUG] source_type=vidman account_id=1 price_list_id=9352 price_name=јктау Ч »нкар јктау Ч Zhadi-90@mail.ru items_count=2347 real_items_count_from_db=2347 visible=true hidden_reason=
2026-07-27 23:00:29,438 [INFO] [PRICE_LIST_ASSIGNMENT_DEBUG] source_type=vidman account_id=6 price_list_id=9352 price_name=јктау Ч »нкар јктау Ч aiman.imanbaeva1975@mail.ru items_count=2347 real_items_count_from_db=2347 visible=true hidden_reason=
2026-07-27 23:00:29,438 [INFO] [PRICE_LIST_ASSIGNMENT_DEBUG] source_type=vidman account_id=1 price_list_id=390 price_name=јлматы Ч —адыхан премиум Ч Zhadi-90@mail.ru items_count=3704 real_items_count_from_db=3704 visible=true hidden_reason=
2026-07-27 23:00:29,438 [INFO] [PRICE_LIST_ASSIGNMENT_DEBUG] source_type=vidman account_id=6 price_list_id=5648 price_name=јктобе Ч Dosfarm јктобе Ч aiman.imanbaeva1975@mail.ru items_count=130 real_items_count_from_db=130 visible=true hidden_reason=
2026-07-27 23:00:29,438 [INFO] [PRICE_LIST_ASSIGNMENT_DEBUG] source_type=vidman account_id=1 price_list_id=4237 price_name=јктобе Ч –ј”«ј-јƒ≈ ‘»ЋЋ»јЋ ¬ √ ј “ќЅ≈ Ч Zhadi-90@mail.ru items_count=2100 real_items_count_from_db=2100 visible=true hidden_reason=
2026-07-27 23:00:29,439 [INFO] [PRICE_LIST_ASSIGNMENT_DEBUG] source_type=vidman account_id=6 price_list_id=4237 price_name=јктобе Ч –ј”«ј-јƒ≈ ‘»ЋЋ»јЋ ¬ √ ј “ќЅ≈ Ч aiman.imanbaeva1975@mail.ru items_count=2100 real_items_count_from_db=2100 visible=true hidden_reason=
2026-07-27 23:00:29,439 [INFO] [PRICE_LIST_ASSIGNMENT_DEBUG] source_type=vidman account_id=1 price_list_id=11591 price_name=јктау Ч Ёмити »нтернешнл јктау Ч Zhadi-90@mail.ru items_count=4298 real_items_count_from_db=4298 visible=true hidden_reason=
2026-07-27 23:00:29,439 [INFO] [PRICE_LIST_ASSIGNMENT_DEBUG] source_type=vidman account_id=2 price_list_id=1212 price_name=јктобе Ч «ерде јктобе Ч dovulbaevaamangul@gmail.com items_count=2098 real_items_count_from_db=2098 visible=true hidden_reason=
2026-07-27 23:00:29,439 [INFO] [PRICE_LIST_ASSIGNMENT_DEBUG] source_type=vidman account_id=2 price_list_id=5927 price_name=јктау Ч —тофарм јктау Ч dovulbaevaamangul@gmail.com items_count=2293 real_items_count_from_db=2293 visible=true hidden_reason=
2026-07-27 23:00:29,439 [INFO] [PRICE_LIST_ASSIGNMENT_DEBUG] source_type=vidman account_id=6 price_list_id=10364 price_name=јктау Ч »нкар јктау Ч aiman.imanbaeva1975@mail.ru items_count=2359 real_items_count_from_db=2359 visible=true hidden_reason=
2026-07-27 23:00:29,439 [INFO] [PRICE_LIST_ASSIGNMENT_DEBUG] source_type=vidman account_id=2 price_list_id=10364 price_name=јктау Ч »нкар јктау Ч dovulbaevaamangul@gmail.com items_count=2359 real_items_count_from_db=2359 visible=true hidden_reason=
2026-07-27 23:00:29,439 [INFO] [PRICE_LIST_ASSIGNMENT_DEBUG] source_type=vidman account_id=6 price_list_id=10427 price_name=јктау Ч »нкар јктау Ч aiman.imanbaeva1975@mail.ru items_count=2359 real_items_count_from_db=2359 visible=true hidden_reason=
2026-07-27 23:00:29,439 [INFO] [PRICE_LIST_ASSIGNMENT_DEBUG] source_type=vidman account_id=2 price_list_id=4237 price_name=јктобе Ч –ј”«ј-јƒ≈ ‘»ЋЋ»јЋ ¬ √ ј “ќЅ≈ Ч dovulbaevaamangul@gmail.com items_count=2100 real_items_count_from_db=2100 visible=true hidden_reason=
2026-07-27 23:00:29,439 [INFO] [PRICE_LIST_ASSIGNMENT_DEBUG] source_type=vidman account_id=1 price_list_id=247 price_name=јктобе Ч јманат јктобе Ч Zhadi-90@mail.ru items_count=4618 real_items_count_from_db=4618 visible=true hidden_reason=
2026-07-27 23:00:29,439 [INFO] [PRICE_LIST_ASSIGNMENT_DEBUG] source_type=vidman account_id=6 price_list_id=11591 price_name=јктау Ч Ёмити »нтернешнл јктау Ч aiman.imanbaeva1975@mail.ru items_count=4298 real_items_count_from_db=4298 visible=true hidden_reason=
2026-07-27 23:00:29,443 [INFO] [PRICE_LIST_ASSIGNMENT_DEBUG] source_type=vidman account_id=1 price_list_id=1478 price_name=јлматы Ч ¬»¬ј ‘арм Ч Zhadi-90@mail.ru items_count=85 real_items_count_from_db=85 visible=true hidden_reason=
2026-07-27 23:00:29,443 [INFO] [PRICE_LIST_ASSIGNMENT_DEBUG] source_type=provisor account_id=4 price_list_id=8322 price_name=јтамирас “ќќ (ATAMIRAS.S “ќќ јлматы) Ч јтамирас “ќќ (ATAMIRAS.S “ќќ јлматы) Ч Aksai4/83 items_count=3767 real_items_count_from_db=3767 visible=true hidden_reason=
2026-07-27 23:00:29,443 [INFO] [PRICE_LIST_ASSIGNMENT_DEBUG] source_type=provisor account_id=3 price_list_id=1417 price_name=«ерде “ќќ Ќѕќ (јктау) Ч «ерде “ќќ Ќѕќ (јктау) Ч ∆асулан-‘арм items_count=2408 real_items_count_from_db=2408 visible=true hidden_reason=
2026-07-27 23:00:29,443 [INFO] [PRICE_LIST_ASSIGNMENT_DEBUG] source_type=provisor account_id=4 price_list_id=1392 price_name=ћедсервис (јтырау) Ч ћедсервис (јтырау) Ч Aksai4/83 items_count=5935 real_items_count_from_db=5935 visible=true hidden_reason=
2026-07-27 23:00:29,443 [INFO] [PRICE_LIST_ASSIGNMENT_DEBUG] source_type=provisor account_id=4 price_list_id=1397 price_name=«ерде “ќќ Ќѕќ (јлматы) Ч «ерде “ќќ Ќѕќ (јлматы) Ч Aksai4/83 items_count=2235 real_items_count_from_db=2235 visible=true hidden_reason=
2026-07-27 23:00:29,443 [INFO] [PRICE_LIST_ASSIGNMENT_DEBUG] source_type=provisor account_id=3 price_list_id=1418 price_name=јк-Ќиет (јктау) Ч јк-Ќиет (јктау) Ч ∆асулан-‘арм items_count=2 real_items_count_from_db=2 visible=true hidden_reason=
2026-07-27 23:00:29,443 [INFO] [PRICE_LIST_ASSIGNMENT_DEBUG] source_type=provisor account_id=4 price_list_id=1145 price_name=јтамирас “ќќ (ATAMIRAS.S “ќќ Ўымкент) Ч јтамирас “ќќ (ATAMIRAS.S “ќќ Ўымкент) Ч Aksai4/83 items_count=4208 real_items_count_from_db=4208 visible=true hidden_reason=
2026-07-27 23:00:29,443 [INFO] [PRICE_LIST_ASSIGNMENT_DEBUG] source_type=provisor account_id=4 price_list_id=158 price_name=ћедсервис ( ызылорда) Ч ћедсервис ( ызылорда) Ч Aksai4/83 items_count=5977 real_items_count_from_db=5977 visible=true hidden_reason=
2026-07-27 23:00:29,443 [INFO] [PRICE_LIST_ASSIGNMENT_DEBUG] source_type=provisor account_id=3 price_list_id=159 price_name=ћедсервис (јктау) Ч ћедсервис (јктау) Ч ∆асулан-‘арм items_count=4948 real_items_count_from_db=4948 visible=true hidden_reason=
2026-07-27 23:00:29,444 [INFO] [PRICE_LIST_ASSIGNMENT_DEBUG] source_type=provisor account_id=4 price_list_id=155 price_name=ћедсервис (ѕавлодар) Ч ћедсервис (ѕавлодар) Ч Aksai4/83 items_count=5414 real_items_count_from_db=5414 visible=true hidden_reason=
2026-07-27 23:00:29,447 [INFO] [PRICE_LIST_ASSIGNMENT_DEBUG] source_type=provisor account_id=4 price_list_id=128 price_name=»нкар (јлматы) Ч »нкар (јлматы) Ч Aksai4/83 items_count=2773 real_items_count_from_db=2773 visible=true hidden_reason=
2026-07-27 23:00:29,447 [INFO] [PRICE_LIST_ASSIGNMENT_DEBUG] source_type=provisor account_id=4 price_list_id=1075 price_name=јманат (јлматы) Ч јманат (јлматы) Ч Aksai4/83 items_count=5183 real_items_count_from_db=5183 visible=true hidden_reason=
2026-07-27 23:00:29,447 [INFO] [PRICE_LIST_ASSIGNMENT_DEBUG] source_type=provisor account_id=3 price_list_id=302 price_name=јманат (јктау) Ч јманат (јктау) Ч ∆асулан-‘арм items_count=4454 real_items_count_from_db=4454 visible=true hidden_reason=
2026-07-27 23:00:29,447 [INFO] [PRICE_LIST_ASSIGNMENT_DEBUG] source_type=provisor account_id=3 price_list_id=8067 price_name=¬ива ‘арм “ќќ(јктау) Ч ¬ива ‘арм “ќќ(јктау) Ч ∆асулан-‘арм items_count=37 real_items_count_from_db=37 visible=true hidden_reason=
2026-07-27 23:00:29,447 [INFO] [PRICE_LIST_ASSIGNMENT_DEBUG] source_type=provisor account_id=3 price_list_id=8781 price_name=“ќќ јЋ јзи€ (јктау) Ч “ќќ јЋ јзи€ (јктау) Ч ∆асулан-‘арм items_count=1 real_items_count_from_db=1 visible=true hidden_reason=
2026-07-27 23:00:29,447 [INFO] [PRICE_LIST_ASSIGNMENT_DEBUG] source_type=provisor account_id=3 price_list_id=8358 price_name=—тофарм средн€€ цена (јктау) Ч —тофарм средн€€ цена (јктау) Ч ∆асулан-‘арм items_count=2385 real_items_count_from_db=2385 visible=true hidden_reason=
2026-07-27 23:00:29,447 [INFO] [PRICE_LIST_ASSIGNMENT_DEBUG] source_type=vidman account_id=2 price_list_id=9665 price_name=јстана Ч “ќќ “ест ћедикал Ч dovulbaevaamangul@gmail.com items_count=224 real_items_count_from_db=224 visible=true hidden_reason=
2026-07-27 23:00:29,448 [INFO] [PRICE_LIST_ASSIGNMENT_DEBUG] source_type=vidman account_id=6 price_list_id=9665 price_name=јстана Ч “ќќ “ест ћедикал Ч aiman.imanbaeva1975@mail.ru items_count=224 real_items_count_from_db=224 visible=true hidden_reason=
2026-07-27 23:00:29,448 [INFO] [PRICE_LIST_ASSIGNMENT_DEBUG] source_type=vidman account_id=1 price_list_id=10925 price_name=јстана Ч »ѕ  азимирова ј.Ќ. (ћедћаг) Ч Zhadi-90@mail.ru items_count=152 real_items_count_from_db=152 visible=true hidden_reason=
2026-07-27 23:00:29,448 [INFO] [PRICE_LIST_ASSIGNMENT_DEBUG] source_type=vidman account_id=6 price_list_id=10925 price_name=јстана Ч »ѕ  азимирова ј.Ќ. (ћедћаг) Ч aiman.imanbaeva1975@mail.ru items_count=152 real_items_count_from_db=152 visible=true hidden_reason=
2026-07-27 23:00:29,448 [INFO] [PRICE_LIST_ASSIGNMENT_DEBUG] source_type=vidman account_id=2 price_list_id=8911 price_name=јлматы Ч “ќќ Rosana.kz Ч dovulbaevaamangul@gmail.com items_count=374 real_items_count_from_db=374 visible=true hidden_reason=
2026-07-27 23:00:29,448 [INFO] [PRICE_LIST_ASSIGNMENT_DEBUG] source_type=vidman account_id=1 price_list_id=8911 price_name=јлматы Ч “ќќ Rosana.kz Ч Zhadi-90@mail.ru items_count=374 real_items_count_from_db=374 visible=true hidden_reason=
2026-07-27 23:00:29,448 [INFO] [PRICE_LIST_ASSIGNMENT_DEBUG] source_type=vidman account_id=6 price_list_id=8911 price_name=јлматы Ч “ќќ Rosana.kz Ч aiman.imanbaeva1975@mail.ru items_count=374 real_items_count_from_db=374 visible=true hidden_reason=
2026-07-27 23:00:29,448 [INFO] [PRICE_LIST_ASSIGNMENT_DEBUG] source_type=vidman account_id=1 price_list_id=11194 price_name= останай Ч “ќќ елешек ‘армаци€ Ч Zhadi-90@mail.ru items_count=4 real_items_count_from_db=4 visible=true hidden_reason=
2026-07-27 23:00:29,448 [INFO] [PRICE_LIST_ASSIGNMENT_DEBUG] source_type=vidman account_id=6 price_list_id=11194 price_name= останай Ч “ќќ елешек ‘армаци€ Ч aiman.imanbaeva1975@mail.ru items_count=4 real_items_count_from_db=4 visible=true hidden_reason=
2026-07-27 23:00:29,448 [INFO] [PRICE_LIST_ASSIGNMENT_DEBUG] source_type=vidman account_id=2 price_list_id=11607 price_name=јстана Ч “ќќ Kazbiotech Ч dovulbaevaamangul@gmail.com items_count=12 real_items_count_from_db=12 visible=true hidden_reason=
2026-07-27 23:00:29,448 [INFO] [PRICE_LIST_ASSIGNMENT_DEBUG] source_type=vidman account_id=1 price_list_id=11607 price_name=јстана Ч “ќќ Kazbiotech Ч Zhadi-90@mail.ru items_count=12 real_items_count_from_db=12 visible=true hidden_reason=
2026-07-27 23:00:29,448 [INFO] [PRICE_LIST_ASSIGNMENT_DEBUG] source_type=vidman account_id=6 price_list_id=11607 price_name=јстана Ч “ќќ Kazbiotech Ч aiman.imanbaeva1975@mail.ru items_count=12 real_items_count_from_db=12 visible=true hidden_reason=
2026-07-27 23:00:29,451 [INFO] [PRICE_LIST_ASSIGNMENT_DEBUG] source_type=vidman account_id=6 price_list_id=8394 price_name=Ўымкент Ч “ќќ ‘ј–ћј“ Ч aiman.imanbaeva1975@mail.ru items_count=2768 real_items_count_from_db=2768 visible=true hidden_reason=
2026-07-27 23:00:29,451 [INFO] [PRICE_LIST_ASSIGNMENT_DEBUG] source_type=vidman account_id=6 price_list_id=10298 price_name=Ўымкент Ч Belasar Pharmacy Ч aiman.imanbaeva1975@mail.ru items_count=3189 real_items_count_from_db=3189 visible=true hidden_reason=
2026-07-27 23:00:29,451 [INFO] [PRICE_LIST_ASSIGNMENT_DEBUG] source_type=vidman account_id=1 price_list_id=1212 price_name=јктобе Ч «ерде јктобе Ч Zhadi-90@mail.ru items_count=2098 real_items_count_from_db=2098 visible=true hidden_reason=
2026-07-27 23:00:29,452 [INFO] [PRICE_LIST_ASSIGNMENT_DEBUG] source_type=vidman account_id=1 price_list_id=391 price_name=јлматы Ч «ерде јлматы Ч Zhadi-90@mail.ru items_count=2183 real_items_count_from_db=2183 visible=true hidden_reason=
2026-07-27 23:00:29,452 [INFO] [PRICE_LIST_ASSIGNMENT_DEBUG] source_type=vidman account_id=1 price_list_id=175 price_name=јктау Ч ћедсервис ѕлюс јктау Ч Zhadi-90@mail.ru items_count=4763 real_items_count_from_db=4763 visible=true hidden_reason=
2026-07-27 23:00:29,452 [INFO] [PRICE_LIST_ASSIGNMENT_DEBUG] source_type=vidman account_id=6 price_list_id=388 price_name=јлматы Ч “ур—ад Ч aiman.imanbaeva1975@mail.ru items_count=1328 real_items_count_from_db=1328 visible=true hidden_reason=
2026-07-27 23:00:29,452 [INFO] [PRICE_LIST_ASSIGNMENT_DEBUG] source_type=vidman account_id=1 price_list_id=9352 price_name=јктау Ч »нкар јктау Ч Zhadi-90@mail.ru items_count=2347 real_items_count_from_db=2347 visible=true hidden_reason=
2026-07-27 23:00:29,452 [INFO] [PRICE_LIST_ASSIGNMENT_DEBUG] source_type=vidman account_id=6 price_list_id=9352 price_name=јктау Ч »нкар јктау Ч aiman.imanbaeva1975@mail.ru items_count=2347 real_items_count_from_db=2347 visible=true hidden_reason=
INFO:     127.0.0.1:50804 - "GET /api/competitors/price-lists?format_code=TEST_01 HTTP/1.1" 200 OK
2026-07-27 23:00:29,452 [INFO] [PRICE_LIST_ASSIGNMENT_DEBUG] source_type=vidman account_id=1 price_list_id=390 price_name=јлматы Ч —адыхан премиум Ч Zhadi-90@mail.ru items_count=3704 real_items_count_from_db=3704 visible=true hidden_reason=
2026-07-27 23:00:29,452 [INFO] [PRICE_LIST_ASSIGNMENT_DEBUG] source_type=vidman account_id=6 price_list_id=5648 price_name=јктобе Ч Dosfarm јктобе Ч aiman.imanbaeva1975@mail.ru items_count=130 real_items_count_from_db=130 visible=true hidden_reason=
2026-07-27 23:00:29,452 [INFO] [PRICE_LIST_ASSIGNMENT_DEBUG] source_type=vidman account_id=1 price_list_id=4237 price_name=јктобе Ч –ј”«ј-јƒ≈ ‘»ЋЋ»јЋ ¬ √ ј “ќЅ≈ Ч Zhadi-90@mail.ru items_count=2100 real_items_count_from_db=2100 visible=true hidden_reason=
2026-07-27 23:00:29,452 [INFO] [PRICE_LIST_ASSIGNMENT_DEBUG] source_type=vidman account_id=6 price_list_id=4237 price_name=јктобе Ч –ј”«ј-јƒ≈ ‘»ЋЋ»јЋ ¬ √ ј “ќЅ≈ Ч aiman.imanbaeva1975@mail.ru items_count=2100 real_items_count_from_db=2100 visible=true hidden_reason=
2026-07-27 23:00:29,452 [INFO] [PRICE_LIST_ASSIGNMENT_DEBUG] source_type=vidman account_id=1 price_list_id=11591 price_name=јктау Ч Ёмити »нтернешнл јктау Ч Zhadi-90@mail.ru items_count=4298 real_items_count_from_db=4298 visible=true hidden_reason=
2026-07-27 23:00:29,452 [INFO] [PRICE_LIST_ASSIGNMENT_DEBUG] source_type=vidman account_id=2 price_list_id=1212 price_name=јктобе Ч «ерде јктобе Ч dovulbaevaamangul@gmail.com items_count=2098 real_items_count_from_db=2098 visible=true hidden_reason=
2026-07-27 23:00:29,453 [INFO] [PRICE_LIST_ASSIGNMENT_DEBUG] source_type=vidman account_id=2 price_list_id=5927 price_name=јктау Ч —тофарм јктау Ч dovulbaevaamangul@gmail.com items_count=2293 real_items_count_from_db=2293 visible=true hidden_reason=
2026-07-27 23:00:29,453 [INFO] [PRICE_LIST_ASSIGNMENT_DEBUG] source_type=vidman account_id=6 price_list_id=10364 price_name=јктау Ч »нкар јктау Ч aiman.imanbaeva1975@mail.ru items_count=2359 real_items_count_from_db=2359 visible=true hidden_reason=
2026-07-27 23:00:29,453 [INFO] [PRICE_LIST_ASSIGNMENT_DEBUG] source_type=vidman account_id=2 price_list_id=10364 price_name=јктау Ч »нкар јктау Ч dovulbaevaamangul@gmail.com items_count=2359 real_items_count_from_db=2359 visible=true hidden_reason=
2026-07-27 23:00:29,453 [INFO] [PRICE_LIST_ASSIGNMENT_DEBUG] source_type=vidman account_id=6 price_list_id=10427 price_name=јктау Ч »нкар јктау Ч aiman.imanbaeva1975@mail.ru items_count=2359 real_items_count_from_db=2359 visible=true hidden_reason=
2026-07-27 23:00:29,453 [INFO] [PRICE_LIST_ASSIGNMENT_DEBUG] source_type=vidman account_id=2 price_list_id=4237 price_name=јктобе Ч –ј”«ј-јƒ≈ ‘»ЋЋ»јЋ ¬ √ ј “ќЅ≈ Ч dovulbaevaamangul@gmail.com items_count=2100 real_items_count_from_db=2100 visible=true hidden_reason=
2026-07-27 23:00:29,453 [INFO] [PRICE_LIST_ASSIGNMENT_DEBUG] source_type=vidman account_id=1 price_list_id=247 price_name=јктобе Ч јманат јктобе Ч Zhadi-90@mail.ru items_count=4618 real_items_count_from_db=4618 visible=true hidden_reason=
2026-07-27 23:00:29,453 [INFO] [PRICE_LIST_ASSIGNMENT_DEBUG] source_type=vidman account_id=6 price_list_id=11591 price_name=јктау Ч Ёмити »нтернешнл јктау Ч aiman.imanbaeva1975@mail.ru items_count=4298 real_items_count_from_db=4298 visible=true hidden_reason=
INFO:     127.0.0.1:50796 - "GET /api/competitors/price-lists?format_code=TEST_01 HTTP/1.1" 200 OK
INFO:     127.0.0.1:50817 - "GET /api/price-lists?format_code=%D0%98%D0%9F%D0%9B_01_002 HTTP/1.1" 200 OK
INFO:     127.0.0.1:50816 - "GET /api/price-formats/%D0%98%D0%9F%D0%9B_01_002/settings HTTP/1.1" 200 OK
INFO:     127.0.0.1:50814 - "GET /api/price-formats/TEST_01/settings HTTP/1.1" 200 OK
INFO:     127.0.0.1:50815 - "GET /api/price-lists?format_code=TEST_01 HTTP/1.1" 200 OK
INFO:     127.0.0.1:50824 - "GET /api/price-formats/%D0%98%D0%9F%D0%9B_01_002/settings HTTP/1.1" 200 OK
INFO:     127.0.0.1:50825 - "GET /api/price-lists?format_code=%D0%98%D0%9F%D0%9B_01_002 HTTP/1.1" 200 OK
INFO:     127.0.0.1:50821 - "GET /api/price-formats/TEST_01/settings HTTP/1.1" 200 OK
INFO:     127.0.0.1:50823 - "GET /api/price-lists?format_code=TEST_01 HTTP/1.1" 200 OK
INFO:     127.0.0.1:50926 - "GET /api/current-user HTTP/1.1" 200 OK
INFO:     127.0.0.1:50924 - "GET /api/current-user HTTP/1.1" 200 OK
INFO:     127.0.0.1:50925 - "GET /api/price-formats HTTP/1.1" 200 OK
INFO:     127.0.0.1:50927 - "GET /api/price-formats HTTP/1.1" 200 OK
INFO:     127.0.0.1:50929 - "GET /api/price-formats/TEST_01/settings HTTP/1.1" 200 OK
INFO:     127.0.0.1:50937 - "GET /api/pricing-rules HTTP/1.1" 200 OK
INFO:     127.0.0.1:50936 - "GET /api/references/status HTTP/1.1" 200 OK
INFO:     127.0.0.1:50934 - "GET /api/price-formats/TEST_01/settings HTTP/1.1" 200 OK
INFO:     127.0.0.1:50933 - "GET /api/price-lists?format_code=TEST_01 HTTP/1.1" 200 OK
INFO:     127.0.0.1:50944 - "GET /api/references/status HTTP/1.1" 200 OK
INFO:     127.0.0.1:50939 - "GET /api/price-lists?format_code=TEST_01 HTTP/1.1" 200 OK
INFO:     127.0.0.1:50945 - "GET /api/pricing-rules HTTP/1.1" 200 OK
2026-07-27 23:01:18,748 [INFO] [PRICE_LIST_ASSIGNMENT_DEBUG] source_type=vidman account_id=1 price_list_id=1478 price_name=јлматы Ч ¬»¬ј ‘арм Ч Zhadi-90@mail.ru items_count=85 real_items_count_from_db=85 visible=true hidden_reason=
2026-07-27 23:01:18,749 [INFO] [PRICE_LIST_ASSIGNMENT_DEBUG] source_type=provisor account_id=4 price_list_id=8322 price_name=јтамирас “ќќ (ATAMIRAS.S “ќќ јлматы) Ч јтамирас “ќќ (ATAMIRAS.S “ќќ јлматы) Ч Aksai4/83 items_count=3767 real_items_count_from_db=3767 visible=true hidden_reason=
2026-07-27 23:01:18,749 [INFO] [PRICE_LIST_ASSIGNMENT_DEBUG] source_type=provisor account_id=3 price_list_id=1417 price_name=«ерде “ќќ Ќѕќ (јктау) Ч «ерде “ќќ Ќѕќ (јктау) Ч ∆асулан-‘арм items_count=2408 real_items_count_from_db=2408 visible=true hidden_reason=
2026-07-27 23:01:18,749 [INFO] [PRICE_LIST_ASSIGNMENT_DEBUG] source_type=provisor account_id=4 price_list_id=1392 price_name=ћедсервис (јтырау) Ч ћедсервис (јтырау) Ч Aksai4/83 items_count=5935 real_items_count_from_db=5935 visible=true hidden_reason=
2026-07-27 23:01:18,749 [INFO] [PRICE_LIST_ASSIGNMENT_DEBUG] source_type=provisor account_id=4 price_list_id=1397 price_name=«ерде “ќќ Ќѕќ (јлматы) Ч «ерде “ќќ Ќѕќ (јлматы) Ч Aksai4/83 items_count=2235 real_items_count_from_db=2235 visible=true hidden_reason=
2026-07-27 23:01:18,749 [INFO] [PRICE_LIST_ASSIGNMENT_DEBUG] source_type=provisor account_id=3 price_list_id=1418 price_name=јк-Ќиет (јктау) Ч јк-Ќиет (јктау) Ч ∆асулан-‘арм items_count=2 real_items_count_from_db=2 visible=true hidden_reason=
2026-07-27 23:01:18,749 [INFO] [PRICE_LIST_ASSIGNMENT_DEBUG] source_type=provisor account_id=4 price_list_id=1145 price_name=јтамирас “ќќ (ATAMIRAS.S “ќќ Ўымкент) Ч јтамирас “ќќ (ATAMIRAS.S “ќќ Ўымкент) Ч Aksai4/83 items_count=4208 real_items_count_from_db=4208 visible=true hidden_reason=
2026-07-27 23:01:18,750 [INFO] [PRICE_LIST_ASSIGNMENT_DEBUG] source_type=vidman account_id=1 price_list_id=1478 price_name=јлматы Ч ¬»¬ј ‘арм Ч Zhadi-90@mail.ru items_count=85 real_items_count_from_db=85 visible=true hidden_reason=
2026-07-27 23:01:18,750 [INFO] [PRICE_LIST_ASSIGNMENT_DEBUG] source_type=provisor account_id=4 price_list_id=158 price_name=ћедсервис ( ызылорда) Ч ћедсервис ( ызылорда) Ч Aksai4/83 items_count=5977 real_items_count_from_db=5977 visible=true hidden_reason=
2026-07-27 23:01:18,750 [INFO] [PRICE_LIST_ASSIGNMENT_DEBUG] source_type=provisor account_id=4 price_list_id=8322 price_name=јтамирас “ќќ (ATAMIRAS.S “ќќ јлматы) Ч јтамирас “ќќ (ATAMIRAS.S “ќќ јлматы) Ч Aksai4/83 items_count=3767 real_items_count_from_db=3767 visible=true hidden_reason=
2026-07-27 23:01:18,751 [INFO] [PRICE_LIST_ASSIGNMENT_DEBUG] source_type=provisor account_id=3 price_list_id=159 price_name=ћедсервис (јктау) Ч ћедсервис (јктау) Ч ∆асулан-‘арм items_count=4948 real_items_count_from_db=4948 visible=true hidden_reason=
2026-07-27 23:01:18,751 [INFO] [PRICE_LIST_ASSIGNMENT_DEBUG] source_type=provisor account_id=3 price_list_id=1417 price_name=«ерде “ќќ Ќѕќ (јктау) Ч «ерде “ќќ Ќѕќ (јктау) Ч ∆асулан-‘арм items_count=2408 real_items_count_from_db=2408 visible=true hidden_reason=
2026-07-27 23:01:18,751 [INFO] [PRICE_LIST_ASSIGNMENT_DEBUG] source_type=provisor account_id=4 price_list_id=155 price_name=ћедсервис (ѕавлодар) Ч ћедсервис (ѕавлодар) Ч Aksai4/83 items_count=5414 real_items_count_from_db=5414 visible=true hidden_reason=
2026-07-27 23:01:18,751 [INFO] [PRICE_LIST_ASSIGNMENT_DEBUG] source_type=provisor account_id=4 price_list_id=1392 price_name=ћедсервис (јтырау) Ч ћедсервис (јтырау) Ч Aksai4/83 items_count=5935 real_items_count_from_db=5935 visible=true hidden_reason=
2026-07-27 23:01:18,751 [INFO] [PRICE_LIST_ASSIGNMENT_DEBUG] source_type=provisor account_id=4 price_list_id=128 price_name=»нкар (јлматы) Ч »нкар (јлматы) Ч Aksai4/83 items_count=2773 real_items_count_from_db=2773 visible=true hidden_reason=
2026-07-27 23:01:18,751 [INFO] [PRICE_LIST_ASSIGNMENT_DEBUG] source_type=provisor account_id=4 price_list_id=1397 price_name=«ерде “ќќ Ќѕќ (јлматы) Ч «ерде “ќќ Ќѕќ (јлматы) Ч Aksai4/83 items_count=2235 real_items_count_from_db=2235 visible=true hidden_reason=
2026-07-27 23:01:18,751 [INFO] [PRICE_LIST_ASSIGNMENT_DEBUG] source_type=provisor account_id=4 price_list_id=1075 price_name=јманат (јлматы) Ч јманат (јлматы) Ч Aksai4/83 items_count=5183 real_items_count_from_db=5183 visible=true hidden_reason=
2026-07-27 23:01:18,751 [INFO] [PRICE_LIST_ASSIGNMENT_DEBUG] source_type=provisor account_id=3 price_list_id=1418 price_name=јк-Ќиет (јктау) Ч јк-Ќиет (јктау) Ч ∆асулан-‘арм items_count=2 real_items_count_from_db=2 visible=true hidden_reason=
2026-07-27 23:01:18,751 [INFO] [PRICE_LIST_ASSIGNMENT_DEBUG] source_type=provisor account_id=3 price_list_id=302 price_name=јманат (јктау) Ч јманат (јктау) Ч ∆асулан-‘арм items_count=4454 real_items_count_from_db=4454 visible=true hidden_reason=
2026-07-27 23:01:18,751 [INFO] [PRICE_LIST_ASSIGNMENT_DEBUG] source_type=provisor account_id=4 price_list_id=1145 price_name=јтамирас “ќќ (ATAMIRAS.S “ќќ Ўымкент) Ч јтамирас “ќќ (ATAMIRAS.S “ќќ Ўымкент) Ч Aksai4/83 items_count=4208 real_items_count_from_db=4208 visible=true hidden_reason=
2026-07-27 23:01:18,751 [INFO] [PRICE_LIST_ASSIGNMENT_DEBUG] source_type=provisor account_id=3 price_list_id=8067 price_name=¬ива ‘арм “ќќ(јктау) Ч ¬ива ‘арм “ќќ(јктау) Ч ∆асулан-‘арм items_count=37 real_items_count_from_db=37 visible=true hidden_reason=
2026-07-27 23:01:18,751 [INFO] [PRICE_LIST_ASSIGNMENT_DEBUG] source_type=provisor account_id=4 price_list_id=158 price_name=ћедсервис ( ызылорда) Ч ћедсервис ( ызылорда) Ч Aksai4/83 items_count=5977 real_items_count_from_db=5977 visible=true hidden_reason=
2026-07-27 23:01:18,751 [INFO] [PRICE_LIST_ASSIGNMENT_DEBUG] source_type=provisor account_id=3 price_list_id=8781 price_name=“ќќ јЋ јзи€ (јктау) Ч “ќќ јЋ јзи€ (јктау) Ч ∆асулан-‘арм items_count=1 real_items_count_from_db=1 visible=true hidden_reason=
2026-07-27 23:01:18,752 [INFO] [PRICE_LIST_ASSIGNMENT_DEBUG] source_type=provisor account_id=3 price_list_id=159 price_name=ћедсервис (јктау) Ч ћедсервис (јктау) Ч ∆асулан-‘арм items_count=4948 real_items_count_from_db=4948 visible=true hidden_reason=
2026-07-27 23:01:18,752 [INFO] [PRICE_LIST_ASSIGNMENT_DEBUG] source_type=provisor account_id=3 price_list_id=8358 price_name=—тофарм средн€€ цена (јктау) Ч —тофарм средн€€ цена (јктау) Ч ∆асулан-‘арм items_count=2385 real_items_count_from_db=2385 visible=true hidden_reason=
2026-07-27 23:01:18,752 [INFO] [PRICE_LIST_ASSIGNMENT_DEBUG] source_type=provisor account_id=4 price_list_id=155 price_name=ћедсервис (ѕавлодар) Ч ћедсервис (ѕавлодар) Ч Aksai4/83 items_count=5414 real_items_count_from_db=5414 visible=true hidden_reason=
2026-07-27 23:01:18,752 [INFO] [PRICE_LIST_ASSIGNMENT_DEBUG] source_type=vidman account_id=2 price_list_id=9665 price_name=јстана Ч “ќќ “ест ћедикал Ч dovulbaevaamangul@gmail.com items_count=224 real_items_count_from_db=224 visible=true hidden_reason=
2026-07-27 23:01:18,752 [INFO] [PRICE_LIST_ASSIGNMENT_DEBUG] source_type=provisor account_id=4 price_list_id=128 price_name=»нкар (јлматы) Ч »нкар (јлматы) Ч Aksai4/83 items_count=2773 real_items_count_from_db=2773 visible=true hidden_reason=
2026-07-27 23:01:18,752 [INFO] [PRICE_LIST_ASSIGNMENT_DEBUG] source_type=vidman account_id=6 price_list_id=9665 price_name=јстана Ч “ќќ “ест ћедикал Ч aiman.imanbaeva1975@mail.ru items_count=224 real_items_count_from_db=224 visible=true hidden_reason=
2026-07-27 23:01:18,752 [INFO] [PRICE_LIST_ASSIGNMENT_DEBUG] source_type=provisor account_id=4 price_list_id=1075 price_name=јманат (јлматы) Ч јманат (јлматы) Ч Aksai4/83 items_count=5183 real_items_count_from_db=5183 visible=true hidden_reason=
2026-07-27 23:01:18,752 [INFO] [PRICE_LIST_ASSIGNMENT_DEBUG] source_type=vidman account_id=1 price_list_id=10925 price_name=јстана Ч »ѕ  азимирова ј.Ќ. (ћедћаг) Ч Zhadi-90@mail.ru items_count=152 real_items_count_from_db=152 visible=true hidden_reason=
2026-07-27 23:01:18,752 [INFO] [PRICE_LIST_ASSIGNMENT_DEBUG] source_type=provisor account_id=3 price_list_id=302 price_name=јманат (јктау) Ч јманат (јктау) Ч ∆асулан-‘арм items_count=4454 real_items_count_from_db=4454 visible=true hidden_reason=
2026-07-27 23:01:18,752 [INFO] [PRICE_LIST_ASSIGNMENT_DEBUG] source_type=vidman account_id=6 price_list_id=10925 price_name=јстана Ч »ѕ  азимирова ј.Ќ. (ћедћаг) Ч aiman.imanbaeva1975@mail.ru items_count=152 real_items_count_from_db=152 visible=true hidden_reason=
2026-07-27 23:01:18,752 [INFO] [PRICE_LIST_ASSIGNMENT_DEBUG] source_type=provisor account_id=3 price_list_id=8067 price_name=¬ива ‘арм “ќќ(јктау) Ч ¬ива ‘арм “ќќ(јктау) Ч ∆асулан-‘арм items_count=37 real_items_count_from_db=37 visible=true hidden_reason=
2026-07-27 23:01:18,752 [INFO] [PRICE_LIST_ASSIGNMENT_DEBUG] source_type=vidman account_id=2 price_list_id=8911 price_name=јлматы Ч “ќќ Rosana.kz Ч dovulbaevaamangul@gmail.com items_count=374 real_items_count_from_db=374 visible=true hidden_reason=
2026-07-27 23:01:18,752 [INFO] [PRICE_LIST_ASSIGNMENT_DEBUG] source_type=provisor account_id=3 price_list_id=8781 price_name=“ќќ јЋ јзи€ (јктау) Ч “ќќ јЋ јзи€ (јктау) Ч ∆асулан-‘арм items_count=1 real_items_count_from_db=1 visible=true hidden_reason=
2026-07-27 23:01:18,752 [INFO] [PRICE_LIST_ASSIGNMENT_DEBUG] source_type=vidman account_id=1 price_list_id=8911 price_name=јлматы Ч “ќќ Rosana.kz Ч Zhadi-90@mail.ru items_count=374 real_items_count_from_db=374 visible=true hidden_reason=
2026-07-27 23:01:18,752 [INFO] [PRICE_LIST_ASSIGNMENT_DEBUG] source_type=provisor account_id=3 price_list_id=8358 price_name=—тофарм средн€€ цена (јктау) Ч —тофарм средн€€ цена (јктау) Ч ∆асулан-‘арм items_count=2385 real_items_count_from_db=2385 visible=true hidden_reason=
2026-07-27 23:01:18,752 [INFO] [PRICE_LIST_ASSIGNMENT_DEBUG] source_type=vidman account_id=6 price_list_id=8911 price_name=јлматы Ч “ќќ Rosana.kz Ч aiman.imanbaeva1975@mail.ru items_count=374 real_items_count_from_db=374 visible=true hidden_reason=
2026-07-27 23:01:18,752 [INFO] [PRICE_LIST_ASSIGNMENT_DEBUG] source_type=vidman account_id=2 price_list_id=9665 price_name=јстана Ч “ќќ “ест ћедикал Ч dovulbaevaamangul@gmail.com items_count=224 real_items_count_from_db=224 visible=true hidden_reason=
2026-07-27 23:01:18,753 [INFO] [PRICE_LIST_ASSIGNMENT_DEBUG] source_type=vidman account_id=1 price_list_id=11194 price_name= останай Ч “ќќ елешек ‘армаци€ Ч Zhadi-90@mail.ru items_count=4 real_items_count_from_db=4 visible=true hidden_reason=
2026-07-27 23:01:18,753 [INFO] [PRICE_LIST_ASSIGNMENT_DEBUG] source_type=vidman account_id=6 price_list_id=9665 price_name=јстана Ч “ќќ “ест ћедикал Ч aiman.imanbaeva1975@mail.ru items_count=224 real_items_count_from_db=224 visible=true hidden_reason=
2026-07-27 23:01:18,753 [INFO] [PRICE_LIST_ASSIGNMENT_DEBUG] source_type=vidman account_id=6 price_list_id=11194 price_name= останай Ч “ќќ елешек ‘армаци€ Ч aiman.imanbaeva1975@mail.ru items_count=4 real_items_count_from_db=4 visible=true hidden_reason=
2026-07-27 23:01:18,753 [INFO] [PRICE_LIST_ASSIGNMENT_DEBUG] source_type=vidman account_id=1 price_list_id=10925 price_name=јстана Ч »ѕ  азимирова ј.Ќ. (ћедћаг) Ч Zhadi-90@mail.ru items_count=152 real_items_count_from_db=152 visible=true hidden_reason=
2026-07-27 23:01:18,753 [INFO] [PRICE_LIST_ASSIGNMENT_DEBUG] source_type=vidman account_id=2 price_list_id=11607 price_name=јстана Ч “ќќ Kazbiotech Ч dovulbaevaamangul@gmail.com items_count=12 real_items_count_from_db=12 visible=true hidden_reason=
2026-07-27 23:01:18,753 [INFO] [PRICE_LIST_ASSIGNMENT_DEBUG] source_type=vidman account_id=6 price_list_id=10925 price_name=јстана Ч »ѕ  азимирова ј.Ќ. (ћедћаг) Ч aiman.imanbaeva1975@mail.ru items_count=152 real_items_count_from_db=152 visible=true hidden_reason=
2026-07-27 23:01:18,753 [INFO] [PRICE_LIST_ASSIGNMENT_DEBUG] source_type=vidman account_id=1 price_list_id=11607 price_name=јстана Ч “ќќ Kazbiotech Ч Zhadi-90@mail.ru items_count=12 real_items_count_from_db=12 visible=true hidden_reason=
2026-07-27 23:01:18,753 [INFO] [PRICE_LIST_ASSIGNMENT_DEBUG] source_type=vidman account_id=2 price_list_id=8911 price_name=јлматы Ч “ќќ Rosana.kz Ч dovulbaevaamangul@gmail.com items_count=374 real_items_count_from_db=374 visible=true hidden_reason=
2026-07-27 23:01:18,753 [INFO] [PRICE_LIST_ASSIGNMENT_DEBUG] source_type=vidman account_id=6 price_list_id=11607 price_name=јстана Ч “ќќ Kazbiotech Ч aiman.imanbaeva1975@mail.ru items_count=12 real_items_count_from_db=12 visible=true hidden_reason=
2026-07-27 23:01:18,753 [INFO] [PRICE_LIST_ASSIGNMENT_DEBUG] source_type=vidman account_id=1 price_list_id=8911 price_name=јлматы Ч “ќќ Rosana.kz Ч Zhadi-90@mail.ru items_count=374 real_items_count_from_db=374 visible=true hidden_reason=
2026-07-27 23:01:18,753 [INFO] [PRICE_LIST_ASSIGNMENT_DEBUG] source_type=vidman account_id=6 price_list_id=8394 price_name=Ўымкент Ч “ќќ ‘ј–ћј“ Ч aiman.imanbaeva1975@mail.ru items_count=2768 real_items_count_from_db=2768 visible=true hidden_reason=
2026-07-27 23:01:18,753 [INFO] [PRICE_LIST_ASSIGNMENT_DEBUG] source_type=vidman account_id=6 price_list_id=8911 price_name=јлматы Ч “ќќ Rosana.kz Ч aiman.imanbaeva1975@mail.ru items_count=374 real_items_count_from_db=374 visible=true hidden_reason=
2026-07-27 23:01:18,753 [INFO] [PRICE_LIST_ASSIGNMENT_DEBUG] source_type=vidman account_id=6 price_list_id=10298 price_name=Ўымкент Ч Belasar Pharmacy Ч aiman.imanbaeva1975@mail.ru items_count=3189 real_items_count_from_db=3189 visible=true hidden_reason=
2026-07-27 23:01:18,753 [INFO] [PRICE_LIST_ASSIGNMENT_DEBUG] source_type=vidman account_id=1 price_list_id=11194 price_name= останай Ч “ќќ елешек ‘армаци€ Ч Zhadi-90@mail.ru items_count=4 real_items_count_from_db=4 visible=true hidden_reason=
2026-07-27 23:01:18,753 [INFO] [PRICE_LIST_ASSIGNMENT_DEBUG] source_type=vidman account_id=1 price_list_id=1212 price_name=јктобе Ч «ерде јктобе Ч Zhadi-90@mail.ru items_count=2098 real_items_count_from_db=2098 visible=true hidden_reason=
2026-07-27 23:01:18,754 [INFO] [PRICE_LIST_ASSIGNMENT_DEBUG] source_type=vidman account_id=6 price_list_id=11194 price_name= останай Ч “ќќ елешек ‘армаци€ Ч aiman.imanbaeva1975@mail.ru items_count=4 real_items_count_from_db=4 visible=true hidden_reason=
2026-07-27 23:01:18,754 [INFO] [PRICE_LIST_ASSIGNMENT_DEBUG] source_type=vidman account_id=1 price_list_id=391 price_name=јлматы Ч «ерде јлматы Ч Zhadi-90@mail.ru items_count=2183 real_items_count_from_db=2183 visible=true hidden_reason=
2026-07-27 23:01:18,754 [INFO] [PRICE_LIST_ASSIGNMENT_DEBUG] source_type=vidman account_id=2 price_list_id=11607 price_name=јстана Ч “ќќ Kazbiotech Ч dovulbaevaamangul@gmail.com items_count=12 real_items_count_from_db=12 visible=true hidden_reason=
2026-07-27 23:01:18,754 [INFO] [PRICE_LIST_ASSIGNMENT_DEBUG] source_type=vidman account_id=1 price_list_id=175 price_name=јктау Ч ћедсервис ѕлюс јктау Ч Zhadi-90@mail.ru items_count=4763 real_items_count_from_db=4763 visible=true hidden_reason=
2026-07-27 23:01:18,754 [INFO] [PRICE_LIST_ASSIGNMENT_DEBUG] source_type=vidman account_id=1 price_list_id=11607 price_name=јстана Ч “ќќ Kazbiotech Ч Zhadi-90@mail.ru items_count=12 real_items_count_from_db=12 visible=true hidden_reason=
2026-07-27 23:01:18,754 [INFO] [PRICE_LIST_ASSIGNMENT_DEBUG] source_type=vidman account_id=6 price_list_id=388 price_name=јлматы Ч “ур—ад Ч aiman.imanbaeva1975@mail.ru items_count=1328 real_items_count_from_db=1328 visible=true hidden_reason=
2026-07-27 23:01:18,754 [INFO] [PRICE_LIST_ASSIGNMENT_DEBUG] source_type=vidman account_id=6 price_list_id=11607 price_name=јстана Ч “ќќ Kazbiotech Ч aiman.imanbaeva1975@mail.ru items_count=12 real_items_count_from_db=12 visible=true hidden_reason=
2026-07-27 23:01:18,754 [INFO] [PRICE_LIST_ASSIGNMENT_DEBUG] source_type=vidman account_id=1 price_list_id=9352 price_name=јктау Ч »нкар јктау Ч Zhadi-90@mail.ru items_count=2347 real_items_count_from_db=2347 visible=true hidden_reason=
2026-07-27 23:01:18,754 [INFO] [PRICE_LIST_ASSIGNMENT_DEBUG] source_type=vidman account_id=6 price_list_id=8394 price_name=Ўымкент Ч “ќќ ‘ј–ћј“ Ч aiman.imanbaeva1975@mail.ru items_count=2768 real_items_count_from_db=2768 visible=true hidden_reason=
2026-07-27 23:01:18,754 [INFO] [PRICE_LIST_ASSIGNMENT_DEBUG] source_type=vidman account_id=6 price_list_id=9352 price_name=јктау Ч »нкар јктау Ч aiman.imanbaeva1975@mail.ru items_count=2347 real_items_count_from_db=2347 visible=true hidden_reason=
2026-07-27 23:01:18,754 [INFO] [PRICE_LIST_ASSIGNMENT_DEBUG] source_type=vidman account_id=6 price_list_id=10298 price_name=Ўымкент Ч Belasar Pharmacy Ч aiman.imanbaeva1975@mail.ru items_count=3189 real_items_count_from_db=3189 visible=true hidden_reason=
2026-07-27 23:01:18,754 [INFO] [PRICE_LIST_ASSIGNMENT_DEBUG] source_type=vidman account_id=1 price_list_id=390 price_name=јлматы Ч —адыхан премиум Ч Zhadi-90@mail.ru items_count=3704 real_items_count_from_db=3704 visible=true hidden_reason=
2026-07-27 23:01:18,754 [INFO] [PRICE_LIST_ASSIGNMENT_DEBUG] source_type=vidman account_id=1 price_list_id=1212 price_name=јктобе Ч «ерде јктобе Ч Zhadi-90@mail.ru items_count=2098 real_items_count_from_db=2098 visible=true hidden_reason=
2026-07-27 23:01:18,754 [INFO] [PRICE_LIST_ASSIGNMENT_DEBUG] source_type=vidman account_id=6 price_list_id=5648 price_name=јктобе Ч Dosfarm јктобе Ч aiman.imanbaeva1975@mail.ru items_count=130 real_items_count_from_db=130 visible=true hidden_reason=
2026-07-27 23:01:18,755 [INFO] [PRICE_LIST_ASSIGNMENT_DEBUG] source_type=vidman account_id=1 price_list_id=391 price_name=јлматы Ч «ерде јлматы Ч Zhadi-90@mail.ru items_count=2183 real_items_count_from_db=2183 visible=true hidden_reason=
2026-07-27 23:01:18,755 [INFO] [PRICE_LIST_ASSIGNMENT_DEBUG] source_type=vidman account_id=1 price_list_id=4237 price_name=јктобе Ч –ј”«ј-јƒ≈ ‘»ЋЋ»јЋ ¬ √ ј “ќЅ≈ Ч Zhadi-90@mail.ru items_count=2100 real_items_count_from_db=2100 visible=true hidden_reason=
2026-07-27 23:01:18,755 [INFO] [PRICE_LIST_ASSIGNMENT_DEBUG] source_type=vidman account_id=1 price_list_id=175 price_name=јктау Ч ћедсервис ѕлюс јктау Ч Zhadi-90@mail.ru items_count=4763 real_items_count_from_db=4763 visible=true hidden_reason=
2026-07-27 23:01:18,755 [INFO] [PRICE_LIST_ASSIGNMENT_DEBUG] source_type=vidman account_id=6 price_list_id=4237 price_name=јктобе Ч –ј”«ј-јƒ≈ ‘»ЋЋ»јЋ ¬ √ ј “ќЅ≈ Ч aiman.imanbaeva1975@mail.ru items_count=2100 real_items_count_from_db=2100 visible=true hidden_reason=
2026-07-27 23:01:18,755 [INFO] [PRICE_LIST_ASSIGNMENT_DEBUG] source_type=vidman account_id=6 price_list_id=388 price_name=јлматы Ч “ур—ад Ч aiman.imanbaeva1975@mail.ru items_count=1328 real_items_count_from_db=1328 visible=true hidden_reason=
2026-07-27 23:01:18,755 [INFO] [PRICE_LIST_ASSIGNMENT_DEBUG] source_type=vidman account_id=1 price_list_id=11591 price_name=јктау Ч Ёмити »нтернешнл јктау Ч Zhadi-90@mail.ru items_count=4298 real_items_count_from_db=4298 visible=true hidden_reason=
2026-07-27 23:01:18,755 [INFO] [PRICE_LIST_ASSIGNMENT_DEBUG] source_type=vidman account_id=1 price_list_id=9352 price_name=јктау Ч »нкар јктау Ч Zhadi-90@mail.ru items_count=2347 real_items_count_from_db=2347 visible=true hidden_reason=
2026-07-27 23:01:18,755 [INFO] [PRICE_LIST_ASSIGNMENT_DEBUG] source_type=vidman account_id=2 price_list_id=1212 price_name=јктобе Ч «ерде јктобе Ч dovulbaevaamangul@gmail.com items_count=2098 real_items_count_from_db=2098 visible=true hidden_reason=
2026-07-27 23:01:18,755 [INFO] [PRICE_LIST_ASSIGNMENT_DEBUG] source_type=vidman account_id=6 price_list_id=9352 price_name=јктау Ч »нкар јктау Ч aiman.imanbaeva1975@mail.ru items_count=2347 real_items_count_from_db=2347 visible=true hidden_reason=
2026-07-27 23:01:18,755 [INFO] [PRICE_LIST_ASSIGNMENT_DEBUG] source_type=vidman account_id=2 price_list_id=5927 price_name=јктау Ч —тофарм јктау Ч dovulbaevaamangul@gmail.com items_count=2293 real_items_count_from_db=2293 visible=true hidden_reason=
2026-07-27 23:01:18,755 [INFO] [PRICE_LIST_ASSIGNMENT_DEBUG] source_type=vidman account_id=1 price_list_id=390 price_name=јлматы Ч —адыхан премиум Ч Zhadi-90@mail.ru items_count=3704 real_items_count_from_db=3704 visible=true hidden_reason=
2026-07-27 23:01:18,755 [INFO] [PRICE_LIST_ASSIGNMENT_DEBUG] source_type=vidman account_id=6 price_list_id=10364 price_name=јктау Ч »нкар јктау Ч aiman.imanbaeva1975@mail.ru items_count=2359 real_items_count_from_db=2359 visible=true hidden_reason=
2026-07-27 23:01:18,755 [INFO] [PRICE_LIST_ASSIGNMENT_DEBUG] source_type=vidman account_id=6 price_list_id=5648 price_name=јктобе Ч Dosfarm јктобе Ч aiman.imanbaeva1975@mail.ru items_count=130 real_items_count_from_db=130 visible=true hidden_reason=
2026-07-27 23:01:18,755 [INFO] [PRICE_LIST_ASSIGNMENT_DEBUG] source_type=vidman account_id=2 price_list_id=10364 price_name=јктау Ч »нкар јктау Ч dovulbaevaamangul@gmail.com items_count=2359 real_items_count_from_db=2359 visible=true hidden_reason=
2026-07-27 23:01:18,755 [INFO] [PRICE_LIST_ASSIGNMENT_DEBUG] source_type=vidman account_id=1 price_list_id=4237 price_name=јктобе Ч –ј”«ј-јƒ≈ ‘»ЋЋ»јЋ ¬ √ ј “ќЅ≈ Ч Zhadi-90@mail.ru items_count=2100 real_items_count_from_db=2100 visible=true hidden_reason=
2026-07-27 23:01:18,755 [INFO] [PRICE_LIST_ASSIGNMENT_DEBUG] source_type=vidman account_id=6 price_list_id=10427 price_name=јктау Ч »нкар јктау Ч aiman.imanbaeva1975@mail.ru items_count=2359 real_items_count_from_db=2359 visible=true hidden_reason=
2026-07-27 23:01:18,755 [INFO] [PRICE_LIST_ASSIGNMENT_DEBUG] source_type=vidman account_id=6 price_list_id=4237 price_name=јктобе Ч –ј”«ј-јƒ≈ ‘»ЋЋ»јЋ ¬ √ ј “ќЅ≈ Ч aiman.imanbaeva1975@mail.ru items_count=2100 real_items_count_from_db=2100 visible=true hidden_reason=
2026-07-27 23:01:18,756 [INFO] [PRICE_LIST_ASSIGNMENT_DEBUG] source_type=vidman account_id=2 price_list_id=4237 price_name=јктобе Ч –ј”«ј-јƒ≈ ‘»ЋЋ»јЋ ¬ √ ј “ќЅ≈ Ч dovulbaevaamangul@gmail.com items_count=2100 real_items_count_from_db=2100 visible=true hidden_reason=
2026-07-27 23:01:18,756 [INFO] [PRICE_LIST_ASSIGNMENT_DEBUG] source_type=vidman account_id=1 price_list_id=11591 price_name=јктау Ч Ёмити »нтернешнл јктау Ч Zhadi-90@mail.ru items_count=4298 real_items_count_from_db=4298 visible=true hidden_reason=
2026-07-27 23:01:18,756 [INFO] [PRICE_LIST_ASSIGNMENT_DEBUG] source_type=vidman account_id=1 price_list_id=247 price_name=јктобе Ч јманат јктобе Ч Zhadi-90@mail.ru items_count=4618 real_items_count_from_db=4618 visible=true hidden_reason=
2026-07-27 23:01:18,756 [INFO] [PRICE_LIST_ASSIGNMENT_DEBUG] source_type=vidman account_id=2 price_list_id=1212 price_name=јктобе Ч «ерде јктобе Ч dovulbaevaamangul@gmail.com items_count=2098 real_items_count_from_db=2098 visible=true hidden_reason=
2026-07-27 23:01:18,756 [INFO] [PRICE_LIST_ASSIGNMENT_DEBUG] source_type=vidman account_id=6 price_list_id=11591 price_name=јктау Ч Ёмити »нтернешнл јктау Ч aiman.imanbaeva1975@mail.ru items_count=4298 real_items_count_from_db=4298 visible=true hidden_reason=
2026-07-27 23:01:18,756 [INFO] [PRICE_LIST_ASSIGNMENT_DEBUG] source_type=vidman account_id=2 price_list_id=5927 price_name=јктау Ч —тофарм јктау Ч dovulbaevaamangul@gmail.com items_count=2293 real_items_count_from_db=2293 visible=true hidden_reason=
2026-07-27 23:01:18,756 [INFO] [PRICE_LIST_ASSIGNMENT_DEBUG] source_type=vidman account_id=6 price_list_id=10364 price_name=јктау Ч »нкар јктау Ч aiman.imanbaeva1975@mail.ru items_count=2359 real_items_count_from_db=2359 visible=true hidden_reason=
2026-07-27 23:01:18,756 [INFO] [PRICE_LIST_ASSIGNMENT_DEBUG] source_type=vidman account_id=2 price_list_id=10364 price_name=јктау Ч »нкар јктау Ч dovulbaevaamangul@gmail.com items_count=2359 real_items_count_from_db=2359 visible=true hidden_reason=
2026-07-27 23:01:18,756 [INFO] [PRICE_LIST_ASSIGNMENT_DEBUG] source_type=vidman account_id=6 price_list_id=10427 price_name=јктау Ч »нкар јктау Ч aiman.imanbaeva1975@mail.ru items_count=2359 real_items_count_from_db=2359 visible=true hidden_reason=
2026-07-27 23:01:18,756 [INFO] [PRICE_LIST_ASSIGNMENT_DEBUG] source_type=vidman account_id=2 price_list_id=4237 price_name=јктобе Ч –ј”«ј-јƒ≈ ‘»ЋЋ»јЋ ¬ √ ј “ќЅ≈ Ч dovulbaevaamangul@gmail.com items_count=2100 real_items_count_from_db=2100 visible=true hidden_reason=
2026-07-27 23:01:18,757 [INFO] [PRICE_LIST_ASSIGNMENT_DEBUG] source_type=vidman account_id=1 price_list_id=247 price_name=јктобе Ч јманат јктобе Ч Zhadi-90@mail.ru items_count=4618 real_items_count_from_db=4618 visible=true hidden_reason=
2026-07-27 23:01:18,757 [INFO] [PRICE_LIST_ASSIGNMENT_DEBUG] source_type=vidman account_id=6 price_list_id=11591 price_name=јктау Ч Ёмити »нтернешнл јктау Ч aiman.imanbaeva1975@mail.ru items_count=4298 real_items_count_from_db=4298 visible=true hidden_reason=
INFO:     127.0.0.1:50941 - "GET /api/competitors/price-lists?format_code=TEST_01 HTTP/1.1" 200 OK
INFO:     127.0.0.1:50935 - "GET /api/competitors/price-lists?format_code=TEST_01 HTTP/1.1" 200 OK
INFO:     127.0.0.1:50953 - "GET /api/price-lists?format_code=%D0%98%D0%9F%D0%9B_01_002 HTTP/1.1" 200 OK
INFO:     127.0.0.1:50950 - "GET /api/price-formats/TEST_01/settings HTTP/1.1" 200 OK
INFO:     127.0.0.1:50952 - "GET /api/price-formats/%D0%98%D0%9F%D0%9B_01_002/settings HTTP/1.1" 200 OK
INFO:     127.0.0.1:50951 - "GET /api/price-lists?format_code=TEST_01 HTTP/1.1" 200 OK
INFO:     127.0.0.1:50961 - "GET /api/price-lists?format_code=%D0%98%D0%9F%D0%9B_01_002 HTTP/1.1" 200 OK
INFO:     127.0.0.1:50959 - "GET /api/price-formats/%D0%98%D0%9F%D0%9B_01_002/settings HTTP/1.1" 200 OK
INFO:     127.0.0.1:50957 - "GET /api/price-lists?format_code=TEST_01 HTTP/1.1" 200 OK
INFO:     127.0.0.1:50956 - "GET /api/price-formats/TEST_01/settings HTTP/1.1" 200 OK
INFO:     127.0.0.1:65227 - "GET /api/price-formats HTTP/1.1" 200 OK
INFO:     127.0.0.1:65226 - "GET /api/current-user HTTP/1.1" 200 OK
INFO:     127.0.0.1:65228 - "GET /api/current-user HTTP/1.1" 200 OK
INFO:     127.0.0.1:65229 - "GET /api/price-formats HTTP/1.1" 200 OK
INFO:     127.0.0.1:65231 - "GET /api/price-formats/TEST_01/settings HTTP/1.1" 200 OK
INFO:     127.0.0.1:65235 - "GET /api/price-lists?format_code=TEST_01 HTTP/1.1" 200 OK
INFO:     127.0.0.1:65237 - "GET /api/references/status HTTP/1.1" 200 OK
INFO:     127.0.0.1:65239 - "GET /api/pricing-rules HTTP/1.1" 200 OK
INFO:     127.0.0.1:65238 - "GET /api/price-formats/TEST_01/settings HTTP/1.1" 200 OK
INFO:     127.0.0.1:65247 - "GET /api/pricing-rules HTTP/1.1" 200 OK
INFO:     127.0.0.1:65245 - "GET /api/references/status HTTP/1.1" 200 OK
INFO:     127.0.0.1:65241 - "GET /api/price-lists?format_code=TEST_01 HTTP/1.1" 200 OK
2026-07-27 23:02:10,355 [INFO] [PRICE_LIST_ASSIGNMENT_DEBUG] source_type=vidman account_id=1 price_list_id=1478 price_name=јлматы Ч ¬»¬ј ‘арм Ч Zhadi-90@mail.ru items_count=85 real_items_count_from_db=85 visible=true hidden_reason=
2026-07-27 23:02:10,355 [INFO] [PRICE_LIST_ASSIGNMENT_DEBUG] source_type=provisor account_id=4 price_list_id=8322 price_name=јтамирас “ќќ (ATAMIRAS.S “ќќ јлматы) Ч јтамирас “ќќ (ATAMIRAS.S “ќќ јлматы) Ч Aksai4/83 items_count=3767 real_items_count_from_db=3767 visible=true hidden_reason=
2026-07-27 23:02:10,355 [INFO] [PRICE_LIST_ASSIGNMENT_DEBUG] source_type=provisor account_id=3 price_list_id=1417 price_name=«ерде “ќќ Ќѕќ (јктау) Ч «ерде “ќќ Ќѕќ (јктау) Ч ∆асулан-‘арм items_count=2408 real_items_count_from_db=2408 visible=true hidden_reason=
2026-07-27 23:02:10,355 [INFO] [PRICE_LIST_ASSIGNMENT_DEBUG] source_type=provisor account_id=4 price_list_id=1392 price_name=ћедсервис (јтырау) Ч ћедсервис (јтырау) Ч Aksai4/83 items_count=5935 real_items_count_from_db=5935 visible=true hidden_reason=
2026-07-27 23:02:10,355 [INFO] [PRICE_LIST_ASSIGNMENT_DEBUG] source_type=provisor account_id=4 price_list_id=1397 price_name=«ерде “ќќ Ќѕќ (јлматы) Ч «ерде “ќќ Ќѕќ (јлматы) Ч Aksai4/83 items_count=2235 real_items_count_from_db=2235 visible=true hidden_reason=
2026-07-27 23:02:10,355 [INFO] [PRICE_LIST_ASSIGNMENT_DEBUG] source_type=provisor account_id=3 price_list_id=1418 price_name=јк-Ќиет (јктау) Ч јк-Ќиет (јктау) Ч ∆асулан-‘арм items_count=2 real_items_count_from_db=2 visible=true hidden_reason=
2026-07-27 23:02:10,355 [INFO] [PRICE_LIST_ASSIGNMENT_DEBUG] source_type=provisor account_id=4 price_list_id=1145 price_name=јтамирас “ќќ (ATAMIRAS.S “ќќ Ўымкент) Ч јтамирас “ќќ (ATAMIRAS.S “ќќ Ўымкент) Ч Aksai4/83 items_count=4208 real_items_count_from_db=4208 visible=true hidden_reason=
2026-07-27 23:02:10,356 [INFO] [PRICE_LIST_ASSIGNMENT_DEBUG] source_type=provisor account_id=4 price_list_id=158 price_name=ћедсервис ( ызылорда) Ч ћедсервис ( ызылорда) Ч Aksai4/83 items_count=5977 real_items_count_from_db=5977 visible=true hidden_reason=
2026-07-27 23:02:10,356 [INFO] [PRICE_LIST_ASSIGNMENT_DEBUG] source_type=provisor account_id=3 price_list_id=159 price_name=ћедсервис (јктау) Ч ћедсервис (јктау) Ч ∆асулан-‘арм items_count=4948 real_items_count_from_db=4948 visible=true hidden_reason=
2026-07-27 23:02:10,356 [INFO] [PRICE_LIST_ASSIGNMENT_DEBUG] source_type=provisor account_id=4 price_list_id=155 price_name=ћедсервис (ѕавлодар) Ч ћедсервис (ѕавлодар) Ч Aksai4/83 items_count=5414 real_items_count_from_db=5414 visible=true hidden_reason=
2026-07-27 23:02:10,356 [INFO] [PRICE_LIST_ASSIGNMENT_DEBUG] source_type=provisor account_id=4 price_list_id=128 price_name=»нкар (јлматы) Ч »нкар (јлматы) Ч Aksai4/83 items_count=2773 real_items_count_from_db=2773 visible=true hidden_reason=
2026-07-27 23:02:10,356 [INFO] [PRICE_LIST_ASSIGNMENT_DEBUG] source_type=provisor account_id=4 price_list_id=1075 price_name=јманат (јлматы) Ч јманат (јлматы) Ч Aksai4/83 items_count=5183 real_items_count_from_db=5183 visible=true hidden_reason=
2026-07-27 23:02:10,356 [INFO] [PRICE_LIST_ASSIGNMENT_DEBUG] source_type=provisor account_id=3 price_list_id=302 price_name=јманат (јктау) Ч јманат (јктау) Ч ∆асулан-‘арм items_count=4454 real_items_count_from_db=4454 visible=true hidden_reason=
2026-07-27 23:02:10,356 [INFO] [PRICE_LIST_ASSIGNMENT_DEBUG] source_type=provisor account_id=3 price_list_id=8067 price_name=¬ива ‘арм “ќќ(јктау) Ч ¬ива ‘арм “ќќ(јктау) Ч ∆асулан-‘арм items_count=37 real_items_count_from_db=37 visible=true hidden_reason=
2026-07-27 23:02:10,356 [INFO] [PRICE_LIST_ASSIGNMENT_DEBUG] source_type=provisor account_id=3 price_list_id=8781 price_name=“ќќ јЋ јзи€ (јктау) Ч “ќќ јЋ јзи€ (јктау) Ч ∆асулан-‘арм items_count=1 real_items_count_from_db=1 visible=true hidden_reason=
2026-07-27 23:02:10,356 [INFO] [PRICE_LIST_ASSIGNMENT_DEBUG] source_type=provisor account_id=3 price_list_id=8358 price_name=—тофарм средн€€ цена (јктау) Ч —тофарм средн€€ цена (јктау) Ч ∆асулан-‘арм items_count=2385 real_items_count_from_db=2385 visible=true hidden_reason=
2026-07-27 23:02:10,356 [INFO] [PRICE_LIST_ASSIGNMENT_DEBUG] source_type=vidman account_id=2 price_list_id=9665 price_name=јстана Ч “ќќ “ест ћедикал Ч dovulbaevaamangul@gmail.com items_count=224 real_items_count_from_db=224 visible=true hidden_reason=
2026-07-27 23:02:10,356 [INFO] [PRICE_LIST_ASSIGNMENT_DEBUG] source_type=vidman account_id=6 price_list_id=9665 price_name=јстана Ч “ќќ “ест ћедикал Ч aiman.imanbaeva1975@mail.ru items_count=224 real_items_count_from_db=224 visible=true hidden_reason=
2026-07-27 23:02:10,356 [INFO] [PRICE_LIST_ASSIGNMENT_DEBUG] source_type=vidman account_id=1 price_list_id=10925 price_name=јстана Ч »ѕ  азимирова ј.Ќ. (ћедћаг) Ч Zhadi-90@mail.ru items_count=152 real_items_count_from_db=152 visible=true hidden_reason=
2026-07-27 23:02:10,356 [INFO] [PRICE_LIST_ASSIGNMENT_DEBUG] source_type=vidman account_id=6 price_list_id=10925 price_name=јстана Ч »ѕ  азимирова ј.Ќ. (ћедћаг) Ч aiman.imanbaeva1975@mail.ru items_count=152 real_items_count_from_db=152 visible=true hidden_reason=
2026-07-27 23:02:10,356 [INFO] [PRICE_LIST_ASSIGNMENT_DEBUG] source_type=vidman account_id=2 price_list_id=8911 price_name=јлматы Ч “ќќ Rosana.kz Ч dovulbaevaamangul@gmail.com items_count=374 real_items_count_from_db=374 visible=true hidden_reason=
2026-07-27 23:02:10,356 [INFO] [PRICE_LIST_ASSIGNMENT_DEBUG] source_type=vidman account_id=1 price_list_id=8911 price_name=јлматы Ч “ќќ Rosana.kz Ч Zhadi-90@mail.ru items_count=374 real_items_count_from_db=374 visible=true hidden_reason=
2026-07-27 23:02:10,356 [INFO] [PRICE_LIST_ASSIGNMENT_DEBUG] source_type=vidman account_id=6 price_list_id=8911 price_name=јлматы Ч “ќќ Rosana.kz Ч aiman.imanbaeva1975@mail.ru items_count=374 real_items_count_from_db=374 visible=true hidden_reason=
2026-07-27 23:02:10,356 [INFO] [PRICE_LIST_ASSIGNMENT_DEBUG] source_type=vidman account_id=1 price_list_id=11194 price_name= останай Ч “ќќ елешек ‘армаци€ Ч Zhadi-90@mail.ru items_count=4 real_items_count_from_db=4 visible=true hidden_reason=
2026-07-27 23:02:10,356 [INFO] [PRICE_LIST_ASSIGNMENT_DEBUG] source_type=vidman account_id=6 price_list_id=11194 price_name= останай Ч “ќќ елешек ‘армаци€ Ч aiman.imanbaeva1975@mail.ru items_count=4 real_items_count_from_db=4 visible=true hidden_reason=
2026-07-27 23:02:10,356 [INFO] [PRICE_LIST_ASSIGNMENT_DEBUG] source_type=vidman account_id=2 price_list_id=11607 price_name=јстана Ч “ќќ Kazbiotech Ч dovulbaevaamangul@gmail.com items_count=12 real_items_count_from_db=12 visible=true hidden_reason=
2026-07-27 23:02:10,356 [INFO] [PRICE_LIST_ASSIGNMENT_DEBUG] source_type=vidman account_id=1 price_list_id=11607 price_name=јстана Ч “ќќ Kazbiotech Ч Zhadi-90@mail.ru items_count=12 real_items_count_from_db=12 visible=true hidden_reason=
2026-07-27 23:02:10,356 [INFO] [PRICE_LIST_ASSIGNMENT_DEBUG] source_type=vidman account_id=6 price_list_id=11607 price_name=јстана Ч “ќќ Kazbiotech Ч aiman.imanbaeva1975@mail.ru items_count=12 real_items_count_from_db=12 visible=true hidden_reason=
2026-07-27 23:02:10,356 [INFO] [PRICE_LIST_ASSIGNMENT_DEBUG] source_type=vidman account_id=6 price_list_id=8394 price_name=Ўымкент Ч “ќќ ‘ј–ћј“ Ч aiman.imanbaeva1975@mail.ru items_count=2768 real_items_count_from_db=2768 visible=true hidden_reason=
2026-07-27 23:02:10,356 [INFO] [PRICE_LIST_ASSIGNMENT_DEBUG] source_type=vidman account_id=6 price_list_id=10298 price_name=Ўымкент Ч Belasar Pharmacy Ч aiman.imanbaeva1975@mail.ru items_count=3189 real_items_count_from_db=3189 visible=true hidden_reason=
2026-07-27 23:02:10,356 [INFO] [PRICE_LIST_ASSIGNMENT_DEBUG] source_type=vidman account_id=1 price_list_id=1212 price_name=јктобе Ч «ерде јктобе Ч Zhadi-90@mail.ru items_count=2098 real_items_count_from_db=2098 visible=true hidden_reason=
2026-07-27 23:02:10,356 [INFO] [PRICE_LIST_ASSIGNMENT_DEBUG] source_type=vidman account_id=1 price_list_id=391 price_name=јлматы Ч «ерде јлматы Ч Zhadi-90@mail.ru items_count=2183 real_items_count_from_db=2183 visible=true hidden_reason=
2026-07-27 23:02:10,356 [INFO] [PRICE_LIST_ASSIGNMENT_DEBUG] source_type=vidman account_id=1 price_list_id=175 price_name=јктау Ч ћедсервис ѕлюс јктау Ч Zhadi-90@mail.ru items_count=4763 real_items_count_from_db=4763 visible=true hidden_reason=
2026-07-27 23:02:10,357 [INFO] [PRICE_LIST_ASSIGNMENT_DEBUG] source_type=vidman account_id=6 price_list_id=388 price_name=јлматы Ч “ур—ад Ч aiman.imanbaeva1975@mail.ru items_count=1328 real_items_count_from_db=1328 visible=true hidden_reason=
2026-07-27 23:02:10,357 [INFO] [PRICE_LIST_ASSIGNMENT_DEBUG] source_type=vidman account_id=1 price_list_id=9352 price_name=јктау Ч »нкар јктау Ч Zhadi-90@mail.ru items_count=2347 real_items_count_from_db=2347 visible=true hidden_reason=
2026-07-27 23:02:10,357 [INFO] [PRICE_LIST_ASSIGNMENT_DEBUG] source_type=vidman account_id=6 price_list_id=9352 price_name=јктау Ч »нкар јктау Ч aiman.imanbaeva1975@mail.ru items_count=2347 real_items_count_from_db=2347 visible=true hidden_reason=
2026-07-27 23:02:10,357 [INFO] [PRICE_LIST_ASSIGNMENT_DEBUG] source_type=vidman account_id=1 price_list_id=390 price_name=јлматы Ч —адыхан премиум Ч Zhadi-90@mail.ru items_count=3704 real_items_count_from_db=3704 visible=true hidden_reason=
2026-07-27 23:02:10,357 [INFO] [PRICE_LIST_ASSIGNMENT_DEBUG] source_type=vidman account_id=6 price_list_id=5648 price_name=јктобе Ч Dosfarm јктобе Ч aiman.imanbaeva1975@mail.ru items_count=130 real_items_count_from_db=130 visible=true hidden_reason=
2026-07-27 23:02:10,357 [INFO] [PRICE_LIST_ASSIGNMENT_DEBUG] source_type=vidman account_id=1 price_list_id=4237 price_name=јктобе Ч –ј”«ј-јƒ≈ ‘»ЋЋ»јЋ ¬ √ ј “ќЅ≈ Ч Zhadi-90@mail.ru items_count=2100 real_items_count_from_db=2100 visible=true hidden_reason=
2026-07-27 23:02:10,357 [INFO] [PRICE_LIST_ASSIGNMENT_DEBUG] source_type=vidman account_id=6 price_list_id=4237 price_name=јктобе Ч –ј”«ј-јƒ≈ ‘»ЋЋ»јЋ ¬ √ ј “ќЅ≈ Ч aiman.imanbaeva1975@mail.ru items_count=2100 real_items_count_from_db=2100 visible=true hidden_reason=
2026-07-27 23:02:10,357 [INFO] [PRICE_LIST_ASSIGNMENT_DEBUG] source_type=vidman account_id=1 price_list_id=11591 price_name=јктау Ч Ёмити »нтернешнл јктау Ч Zhadi-90@mail.ru items_count=4298 real_items_count_from_db=4298 visible=true hidden_reason=
2026-07-27 23:02:10,357 [INFO] [PRICE_LIST_ASSIGNMENT_DEBUG] source_type=vidman account_id=2 price_list_id=1212 price_name=јктобе Ч «ерде јктобе Ч dovulbaevaamangul@gmail.com items_count=2098 real_items_count_from_db=2098 visible=true hidden_reason=
2026-07-27 23:02:10,357 [INFO] [PRICE_LIST_ASSIGNMENT_DEBUG] source_type=vidman account_id=2 price_list_id=5927 price_name=јктау Ч —тофарм јктау Ч dovulbaevaamangul@gmail.com items_count=2293 real_items_count_from_db=2293 visible=true hidden_reason=
2026-07-27 23:02:10,357 [INFO] [PRICE_LIST_ASSIGNMENT_DEBUG] source_type=vidman account_id=6 price_list_id=10364 price_name=јктау Ч »нкар јктау Ч aiman.imanbaeva1975@mail.ru items_count=2359 real_items_count_from_db=2359 visible=true hidden_reason=
2026-07-27 23:02:10,357 [INFO] [PRICE_LIST_ASSIGNMENT_DEBUG] source_type=vidman account_id=2 price_list_id=10364 price_name=јктау Ч »нкар јктау Ч dovulbaevaamangul@gmail.com items_count=2359 real_items_count_from_db=2359 visible=true hidden_reason=
2026-07-27 23:02:10,357 [INFO] [PRICE_LIST_ASSIGNMENT_DEBUG] source_type=vidman account_id=6 price_list_id=10427 price_name=јктау Ч »нкар јктау Ч aiman.imanbaeva1975@mail.ru items_count=2359 real_items_count_from_db=2359 visible=true hidden_reason=
2026-07-27 23:02:10,357 [INFO] [PRICE_LIST_ASSIGNMENT_DEBUG] source_type=vidman account_id=2 price_list_id=4237 price_name=јктобе Ч –ј”«ј-јƒ≈ ‘»ЋЋ»јЋ ¬ √ ј “ќЅ≈ Ч dovulbaevaamangul@gmail.com items_count=2100 real_items_count_from_db=2100 visible=true hidden_reason=
2026-07-27 23:02:10,357 [INFO] [PRICE_LIST_ASSIGNMENT_DEBUG] source_type=vidman account_id=1 price_list_id=247 price_name=јктобе Ч јманат јктобе Ч Zhadi-90@mail.ru items_count=4618 real_items_count_from_db=4618 visible=true hidden_reason=
2026-07-27 23:02:10,357 [INFO] [PRICE_LIST_ASSIGNMENT_DEBUG] source_type=vidman account_id=6 price_list_id=11591 price_name=јктау Ч Ёмити »нтернешнл јктау Ч aiman.imanbaeva1975@mail.ru items_count=4298 real_items_count_from_db=4298 visible=true hidden_reason=
INFO:     127.0.0.1:65243 - "GET /api/competitors/price-lists?format_code=TEST_01 HTTP/1.1" 200 OK
INFO:     127.0.0.1:65255 - "GET /api/price-lists?format_code=%D0%98%D0%9F%D0%9B_01_002 HTTP/1.1" 200 OK
INFO:     127.0.0.1:65254 - "GET /api/price-formats/%D0%98%D0%9F%D0%9B_01_002/settings HTTP/1.1" 200 OK
INFO:     127.0.0.1:65252 - "GET /api/price-formats/TEST_01/settings HTTP/1.1" 200 OK
INFO:     127.0.0.1:65253 - "GET /api/price-lists?format_code=TEST_01 HTTP/1.1" 200 OK
2026-07-27 23:02:10,400 [INFO] [PRICE_LIST_ASSIGNMENT_DEBUG] source_type=vidman account_id=1 price_list_id=1478 price_name=јлматы Ч ¬»¬ј ‘арм Ч Zhadi-90@mail.ru items_count=85 real_items_count_from_db=85 visible=true hidden_reason=
2026-07-27 23:02:10,400 [INFO] [PRICE_LIST_ASSIGNMENT_DEBUG] source_type=provisor account_id=4 price_list_id=8322 price_name=јтамирас “ќќ (ATAMIRAS.S “ќќ јлматы) Ч јтамирас “ќќ (ATAMIRAS.S “ќќ јлматы) Ч Aksai4/83 items_count=3767 real_items_count_from_db=3767 visible=true hidden_reason=
2026-07-27 23:02:10,400 [INFO] [PRICE_LIST_ASSIGNMENT_DEBUG] source_type=provisor account_id=3 price_list_id=1417 price_name=«ерде “ќќ Ќѕќ (јктау) Ч «ерде “ќќ Ќѕќ (јктау) Ч ∆асулан-‘арм items_count=2408 real_items_count_from_db=2408 visible=true hidden_reason=
2026-07-27 23:02:10,401 [INFO] [PRICE_LIST_ASSIGNMENT_DEBUG] source_type=provisor account_id=4 price_list_id=1392 price_name=ћедсервис (јтырау) Ч ћедсервис (јтырау) Ч Aksai4/83 items_count=5935 real_items_count_from_db=5935 visible=true hidden_reason=
2026-07-27 23:02:10,401 [INFO] [PRICE_LIST_ASSIGNMENT_DEBUG] source_type=provisor account_id=4 price_list_id=1397 price_name=«ерде “ќќ Ќѕќ (јлматы) Ч «ерде “ќќ Ќѕќ (јлматы) Ч Aksai4/83 items_count=2235 real_items_count_from_db=2235 visible=true hidden_reason=
2026-07-27 23:02:10,401 [INFO] [PRICE_LIST_ASSIGNMENT_DEBUG] source_type=provisor account_id=3 price_list_id=1418 price_name=јк-Ќиет (јктау) Ч јк-Ќиет (јктау) Ч ∆асулан-‘арм items_count=2 real_items_count_from_db=2 visible=true hidden_reason=
2026-07-27 23:02:10,401 [INFO] [PRICE_LIST_ASSIGNMENT_DEBUG] source_type=provisor account_id=4 price_list_id=1145 price_name=јтамирас “ќќ (ATAMIRAS.S “ќќ Ўымкент) Ч јтамирас “ќќ (ATAMIRAS.S “ќќ Ўымкент) Ч Aksai4/83 items_count=4208 real_items_count_from_db=4208 visible=true hidden_reason=
2026-07-27 23:02:10,402 [INFO] [PRICE_LIST_ASSIGNMENT_DEBUG] source_type=provisor account_id=4 price_list_id=158 price_name=ћедсервис ( ызылорда) Ч ћедсервис ( ызылорда) Ч Aksai4/83 items_count=5977 real_items_count_from_db=5977 visible=true hidden_reason=
2026-07-27 23:02:10,402 [INFO] [PRICE_LIST_ASSIGNMENT_DEBUG] source_type=provisor account_id=3 price_list_id=159 price_name=ћедсервис (јктау) Ч ћедсервис (јктау) Ч ∆асулан-‘арм items_count=4948 real_items_count_from_db=4948 visible=true hidden_reason=
2026-07-27 23:02:10,402 [INFO] [PRICE_LIST_ASSIGNMENT_DEBUG] source_type=provisor account_id=4 price_list_id=155 price_name=ћедсервис (ѕавлодар) Ч ћедсервис (ѕавлодар) Ч Aksai4/83 items_count=5414 real_items_count_from_db=5414 visible=true hidden_reason=
2026-07-27 23:02:10,402 [INFO] [PRICE_LIST_ASSIGNMENT_DEBUG] source_type=provisor account_id=4 price_list_id=128 price_name=»нкар (јлматы) Ч »нкар (јлматы) Ч Aksai4/83 items_count=2773 real_items_count_from_db=2773 visible=true hidden_reason=
2026-07-27 23:02:10,402 [INFO] [PRICE_LIST_ASSIGNMENT_DEBUG] source_type=provisor account_id=4 price_list_id=1075 price_name=јманат (јлматы) Ч јманат (јлматы) Ч Aksai4/83 items_count=5183 real_items_count_from_db=5183 visible=true hidden_reason=
2026-07-27 23:02:10,402 [INFO] [PRICE_LIST_ASSIGNMENT_DEBUG] source_type=provisor account_id=3 price_list_id=302 price_name=јманат (јктау) Ч јманат (јктау) Ч ∆асулан-‘арм items_count=4454 real_items_count_from_db=4454 visible=true hidden_reason=
2026-07-27 23:02:10,402 [INFO] [PRICE_LIST_ASSIGNMENT_DEBUG] source_type=provisor account_id=3 price_list_id=8067 price_name=¬ива ‘арм “ќќ(јктау) Ч ¬ива ‘арм “ќќ(јктау) Ч ∆асулан-‘арм items_count=37 real_items_count_from_db=37 visible=true hidden_reason=
2026-07-27 23:02:10,402 [INFO] [PRICE_LIST_ASSIGNMENT_DEBUG] source_type=provisor account_id=3 price_list_id=8781 price_name=“ќќ јЋ јзи€ (јктау) Ч “ќќ јЋ јзи€ (јктау) Ч ∆асулан-‘арм items_count=1 real_items_count_from_db=1 visible=true hidden_reason=
2026-07-27 23:02:10,402 [INFO] [PRICE_LIST_ASSIGNMENT_DEBUG] source_type=provisor account_id=3 price_list_id=8358 price_name=—тофарм средн€€ цена (јктау) Ч —тофарм средн€€ цена (јктау) Ч ∆асулан-‘арм items_count=2385 real_items_count_from_db=2385 visible=true hidden_reason=
2026-07-27 23:02:10,402 [INFO] [PRICE_LIST_ASSIGNMENT_DEBUG] source_type=vidman account_id=2 price_list_id=9665 price_name=јстана Ч “ќќ “ест ћедикал Ч dovulbaevaamangul@gmail.com items_count=224 real_items_count_from_db=224 visible=true hidden_reason=
2026-07-27 23:02:10,402 [INFO] [PRICE_LIST_ASSIGNMENT_DEBUG] source_type=vidman account_id=6 price_list_id=9665 price_name=јстана Ч “ќќ “ест ћедикал Ч aiman.imanbaeva1975@mail.ru items_count=224 real_items_count_from_db=224 visible=true hidden_reason=
2026-07-27 23:02:10,402 [INFO] [PRICE_LIST_ASSIGNMENT_DEBUG] source_type=vidman account_id=1 price_list_id=10925 price_name=јстана Ч »ѕ  азимирова ј.Ќ. (ћедћаг) Ч Zhadi-90@mail.ru items_count=152 real_items_count_from_db=152 visible=true hidden_reason=
2026-07-27 23:02:10,402 [INFO] [PRICE_LIST_ASSIGNMENT_DEBUG] source_type=vidman account_id=6 price_list_id=10925 price_name=јстана Ч »ѕ  азимирова ј.Ќ. (ћедћаг) Ч aiman.imanbaeva1975@mail.ru items_count=152 real_items_count_from_db=152 visible=true hidden_reason=
2026-07-27 23:02:10,402 [INFO] [PRICE_LIST_ASSIGNMENT_DEBUG] source_type=vidman account_id=2 price_list_id=8911 price_name=јлматы Ч “ќќ Rosana.kz Ч dovulbaevaamangul@gmail.com items_count=374 real_items_count_from_db=374 visible=true hidden_reason=
2026-07-27 23:02:10,402 [INFO] [PRICE_LIST_ASSIGNMENT_DEBUG] source_type=vidman account_id=1 price_list_id=8911 price_name=јлматы Ч “ќќ Rosana.kz Ч Zhadi-90@mail.ru items_count=374 real_items_count_from_db=374 visible=true hidden_reason=
2026-07-27 23:02:10,402 [INFO] [PRICE_LIST_ASSIGNMENT_DEBUG] source_type=vidman account_id=6 price_list_id=8911 price_name=јлматы Ч “ќќ Rosana.kz Ч aiman.imanbaeva1975@mail.ru items_count=374 real_items_count_from_db=374 visible=true hidden_reason=
2026-07-27 23:02:10,402 [INFO] [PRICE_LIST_ASSIGNMENT_DEBUG] source_type=vidman account_id=1 price_list_id=11194 price_name= останай Ч “ќќ елешек ‘армаци€ Ч Zhadi-90@mail.ru items_count=4 real_items_count_from_db=4 visible=true hidden_reason=
2026-07-27 23:02:10,403 [INFO] [PRICE_LIST_ASSIGNMENT_DEBUG] source_type=vidman account_id=6 price_list_id=11194 price_name= останай Ч “ќќ елешек ‘армаци€ Ч aiman.imanbaeva1975@mail.ru items_count=4 real_items_count_from_db=4 visible=true hidden_reason=
2026-07-27 23:02:10,403 [INFO] [PRICE_LIST_ASSIGNMENT_DEBUG] source_type=vidman account_id=2 price_list_id=11607 price_name=јстана Ч “ќќ Kazbiotech Ч dovulbaevaamangul@gmail.com items_count=12 real_items_count_from_db=12 visible=true hidden_reason=
2026-07-27 23:02:10,403 [INFO] [PRICE_LIST_ASSIGNMENT_DEBUG] source_type=vidman account_id=1 price_list_id=11607 price_name=јстана Ч “ќќ Kazbiotech Ч Zhadi-90@mail.ru items_count=12 real_items_count_from_db=12 visible=true hidden_reason=
2026-07-27 23:02:10,403 [INFO] [PRICE_LIST_ASSIGNMENT_DEBUG] source_type=vidman account_id=6 price_list_id=11607 price_name=јстана Ч “ќќ Kazbiotech Ч aiman.imanbaeva1975@mail.ru items_count=12 real_items_count_from_db=12 visible=true hidden_reason=
2026-07-27 23:02:10,403 [INFO] [PRICE_LIST_ASSIGNMENT_DEBUG] source_type=vidman account_id=6 price_list_id=8394 price_name=Ўымкент Ч “ќќ ‘ј–ћј“ Ч aiman.imanbaeva1975@mail.ru items_count=2768 real_items_count_from_db=2768 visible=true hidden_reason=
2026-07-27 23:02:10,403 [INFO] [PRICE_LIST_ASSIGNMENT_DEBUG] source_type=vidman account_id=6 price_list_id=10298 price_name=Ўымкент Ч Belasar Pharmacy Ч aiman.imanbaeva1975@mail.ru items_count=3189 real_items_count_from_db=3189 visible=true hidden_reason=
2026-07-27 23:02:10,403 [INFO] [PRICE_LIST_ASSIGNMENT_DEBUG] source_type=vidman account_id=1 price_list_id=1212 price_name=јктобе Ч «ерде јктобе Ч Zhadi-90@mail.ru items_count=2098 real_items_count_from_db=2098 visible=true hidden_reason=
2026-07-27 23:02:10,403 [INFO] [PRICE_LIST_ASSIGNMENT_DEBUG] source_type=vidman account_id=1 price_list_id=391 price_name=јлматы Ч «ерде јлматы Ч Zhadi-90@mail.ru items_count=2183 real_items_count_from_db=2183 visible=true hidden_reason=
2026-07-27 23:02:10,403 [INFO] [PRICE_LIST_ASSIGNMENT_DEBUG] source_type=vidman account_id=1 price_list_id=175 price_name=јктау Ч ћедсервис ѕлюс јктау Ч Zhadi-90@mail.ru items_count=4763 real_items_count_from_db=4763 visible=true hidden_reason=
2026-07-27 23:02:10,403 [INFO] [PRICE_LIST_ASSIGNMENT_DEBUG] source_type=vidman account_id=6 price_list_id=388 price_name=јлматы Ч “ур—ад Ч aiman.imanbaeva1975@mail.ru items_count=1328 real_items_count_from_db=1328 visible=true hidden_reason=
2026-07-27 23:02:10,403 [INFO] [PRICE_LIST_ASSIGNMENT_DEBUG] source_type=vidman account_id=1 price_list_id=9352 price_name=јктау Ч »нкар јктау Ч Zhadi-90@mail.ru items_count=2347 real_items_count_from_db=2347 visible=true hidden_reason=
2026-07-27 23:02:10,403 [INFO] [PRICE_LIST_ASSIGNMENT_DEBUG] source_type=vidman account_id=6 price_list_id=9352 price_name=јктау Ч »нкар јктау Ч aiman.imanbaeva1975@mail.ru items_count=2347 real_items_count_from_db=2347 visible=true hidden_reason=
2026-07-27 23:02:10,403 [INFO] [PRICE_LIST_ASSIGNMENT_DEBUG] source_type=vidman account_id=1 price_list_id=390 price_name=јлматы Ч —адыхан премиум Ч Zhadi-90@mail.ru items_count=3704 real_items_count_from_db=3704 visible=true hidden_reason=
2026-07-27 23:02:10,403 [INFO] [PRICE_LIST_ASSIGNMENT_DEBUG] source_type=vidman account_id=6 price_list_id=5648 price_name=јктобе Ч Dosfarm јктобе Ч aiman.imanbaeva1975@mail.ru items_count=130 real_items_count_from_db=130 visible=true hidden_reason=
2026-07-27 23:02:10,403 [INFO] [PRICE_LIST_ASSIGNMENT_DEBUG] source_type=vidman account_id=1 price_list_id=4237 price_name=јктобе Ч –ј”«ј-јƒ≈ ‘»ЋЋ»јЋ ¬ √ ј “ќЅ≈ Ч Zhadi-90@mail.ru items_count=2100 real_items_count_from_db=2100 visible=true hidden_reason=
2026-07-27 23:02:10,403 [INFO] [PRICE_LIST_ASSIGNMENT_DEBUG] source_type=vidman account_id=6 price_list_id=4237 price_name=јктобе Ч –ј”«ј-јƒ≈ ‘»ЋЋ»јЋ ¬ √ ј “ќЅ≈ Ч aiman.imanbaeva1975@mail.ru items_count=2100 real_items_count_from_db=2100 visible=true hidden_reason=
2026-07-27 23:02:10,403 [INFO] [PRICE_LIST_ASSIGNMENT_DEBUG] source_type=vidman account_id=1 price_list_id=11591 price_name=јктау Ч Ёмити »нтернешнл јктау Ч Zhadi-90@mail.ru items_count=4298 real_items_count_from_db=4298 visible=true hidden_reason=
2026-07-27 23:02:10,403 [INFO] [PRICE_LIST_ASSIGNMENT_DEBUG] source_type=vidman account_id=2 price_list_id=1212 price_name=јктобе Ч «ерде јктобе Ч dovulbaevaamangul@gmail.com items_count=2098 real_items_count_from_db=2098 visible=true hidden_reason=
2026-07-27 23:02:10,403 [INFO] [PRICE_LIST_ASSIGNMENT_DEBUG] source_type=vidman account_id=2 price_list_id=5927 price_name=јктау Ч —тофарм јктау Ч dovulbaevaamangul@gmail.com items_count=2293 real_items_count_from_db=2293 visible=true hidden_reason=
2026-07-27 23:02:10,403 [INFO] [PRICE_LIST_ASSIGNMENT_DEBUG] source_type=vidman account_id=6 price_list_id=10364 price_name=јктау Ч »нкар јктау Ч aiman.imanbaeva1975@mail.ru items_count=2359 real_items_count_from_db=2359 visible=true hidden_reason=
2026-07-27 23:02:10,404 [INFO] [PRICE_LIST_ASSIGNMENT_DEBUG] source_type=vidman account_id=2 price_list_id=10364 price_name=јктау Ч »нкар јктау Ч dovulbaevaamangul@gmail.com items_count=2359 real_items_count_from_db=2359 visible=true hidden_reason=
2026-07-27 23:02:10,404 [INFO] [PRICE_LIST_ASSIGNMENT_DEBUG] source_type=vidman account_id=6 price_list_id=10427 price_name=јктау Ч »нкар јктау Ч aiman.imanbaeva1975@mail.ru items_count=2359 real_items_count_from_db=2359 visible=true hidden_reason=
2026-07-27 23:02:10,404 [INFO] [PRICE_LIST_ASSIGNMENT_DEBUG] source_type=vidman account_id=2 price_list_id=4237 price_name=јктобе Ч –ј”«ј-јƒ≈ ‘»ЋЋ»јЋ ¬ √ ј “ќЅ≈ Ч dovulbaevaamangul@gmail.com items_count=2100 real_items_count_from_db=2100 visible=true hidden_reason=
2026-07-27 23:02:10,404 [INFO] [PRICE_LIST_ASSIGNMENT_DEBUG] source_type=vidman account_id=1 price_list_id=247 price_name=јктобе Ч јманат јктобе Ч Zhadi-90@mail.ru items_count=4618 real_items_count_from_db=4618 visible=true hidden_reason=
2026-07-27 23:02:10,404 [INFO] [PRICE_LIST_ASSIGNMENT_DEBUG] source_type=vidman account_id=6 price_list_id=11591 price_name=јктау Ч Ёмити »нтернешнл јктау Ч aiman.imanbaeva1975@mail.ru items_count=4298 real_items_count_from_db=4298 visible=true hidden_reason=
INFO:     127.0.0.1:65236 - "GET /api/competitors/price-lists?format_code=TEST_01 HTTP/1.1" 200 OK
INFO:     127.0.0.1:65261 - "GET /api/price-lists?format_code=TEST_01 HTTP/1.1" 200 OK
INFO:     127.0.0.1:65262 - "GET /api/price-formats/%D0%98%D0%9F%D0%9B_01_002/settings HTTP/1.1" 200 OK
INFO:     127.0.0.1:65260 - "GET /api/price-formats/TEST_01/settings HTTP/1.1" 200 OK
INFO:     127.0.0.1:65263 - "GET /api/price-lists?format_code=%D0%98%D0%9F%D0%9B_01_002 HTTP/1.1" 200 OK
INFO:     127.0.0.1:65323 - "GET /api/current-user HTTP/1.1" 200 OK
INFO:     127.0.0.1:65326 - "GET /api/price-formats HTTP/1.1" 200 OK
INFO:     127.0.0.1:65324 - "GET /api/price-formats HTTP/1.1" 200 OK
INFO:     127.0.0.1:65325 - "GET /api/current-user HTTP/1.1" 200 OK
INFO:     127.0.0.1:65333 - "GET /api/pricing-rules HTTP/1.1" 200 OK
INFO:     127.0.0.1:65335 - "GET /api/references/status HTTP/1.1" 200 OK
INFO:     127.0.0.1:65331 - "GET /api/price-formats/TEST_01/settings HTTP/1.1" 200 OK
INFO:     127.0.0.1:65342 - "GET /api/references/status HTTP/1.1" 200 OK
INFO:     127.0.0.1:65336 - "GET /api/price-formats/TEST_01/settings HTTP/1.1" 200 OK
INFO:     127.0.0.1:65344 - "GET /api/pricing-rules HTTP/1.1" 200 OK
INFO:     127.0.0.1:65332 - "GET /api/price-lists?format_code=TEST_01 HTTP/1.1" 200 OK
INFO:     127.0.0.1:65338 - "GET /api/price-lists?format_code=TEST_01 HTTP/1.1" 200 OK
2026-07-27 23:02:58,226 [INFO] [PRICE_LIST_ASSIGNMENT_DEBUG] source_type=vidman account_id=1 price_list_id=1478 price_name=јлматы Ч ¬»¬ј ‘арм Ч Zhadi-90@mail.ru items_count=85 real_items_count_from_db=85 visible=true hidden_reason=
2026-07-27 23:02:58,226 [INFO] [PRICE_LIST_ASSIGNMENT_DEBUG] source_type=provisor account_id=4 price_list_id=8322 price_name=јтамирас “ќќ (ATAMIRAS.S “ќќ јлматы) Ч јтамирас “ќќ (ATAMIRAS.S “ќќ јлматы) Ч Aksai4/83 items_count=3767 real_items_count_from_db=3767 visible=true hidden_reason=
2026-07-27 23:02:58,226 [INFO] [PRICE_LIST_ASSIGNMENT_DEBUG] source_type=provisor account_id=3 price_list_id=1417 price_name=«ерде “ќќ Ќѕќ (јктау) Ч «ерде “ќќ Ќѕќ (јктау) Ч ∆асулан-‘арм items_count=2408 real_items_count_from_db=2408 visible=true hidden_reason=
2026-07-27 23:02:58,226 [INFO] [PRICE_LIST_ASSIGNMENT_DEBUG] source_type=provisor account_id=4 price_list_id=1392 price_name=ћедсервис (јтырау) Ч ћедсервис (јтырау) Ч Aksai4/83 items_count=5935 real_items_count_from_db=5935 visible=true hidden_reason=
2026-07-27 23:02:58,226 [INFO] [PRICE_LIST_ASSIGNMENT_DEBUG] source_type=provisor account_id=4 price_list_id=1397 price_name=«ерде “ќќ Ќѕќ (јлматы) Ч «ерде “ќќ Ќѕќ (јлматы) Ч Aksai4/83 items_count=2235 real_items_count_from_db=2235 visible=true hidden_reason=
2026-07-27 23:02:58,226 [INFO] [PRICE_LIST_ASSIGNMENT_DEBUG] source_type=provisor account_id=3 price_list_id=1418 price_name=јк-Ќиет (јктау) Ч јк-Ќиет (јктау) Ч ∆асулан-‘арм items_count=2 real_items_count_from_db=2 visible=true hidden_reason=
2026-07-27 23:02:58,226 [INFO] [PRICE_LIST_ASSIGNMENT_DEBUG] source_type=provisor account_id=4 price_list_id=1145 price_name=јтамирас “ќќ (ATAMIRAS.S “ќќ Ўымкент) Ч јтамирас “ќќ (ATAMIRAS.S “ќќ Ўымкент) Ч Aksai4/83 items_count=4208 real_items_count_from_db=4208 visible=true hidden_reason=
2026-07-27 23:02:58,226 [INFO] [PRICE_LIST_ASSIGNMENT_DEBUG] source_type=provisor account_id=4 price_list_id=158 price_name=ћедсервис ( ызылорда) Ч ћедсервис ( ызылорда) Ч Aksai4/83 items_count=5977 real_items_count_from_db=5977 visible=true hidden_reason=
2026-07-27 23:02:58,226 [INFO] [PRICE_LIST_ASSIGNMENT_DEBUG] source_type=provisor account_id=3 price_list_id=159 price_name=ћедсервис (јктау) Ч ћедсервис (јктау) Ч ∆асулан-‘арм items_count=4948 real_items_count_from_db=4948 visible=true hidden_reason=
2026-07-27 23:02:58,226 [INFO] [PRICE_LIST_ASSIGNMENT_DEBUG] source_type=provisor account_id=4 price_list_id=155 price_name=ћедсервис (ѕавлодар) Ч ћедсервис (ѕавлодар) Ч Aksai4/83 items_count=5414 real_items_count_from_db=5414 visible=true hidden_reason=
2026-07-27 23:02:58,226 [INFO] [PRICE_LIST_ASSIGNMENT_DEBUG] source_type=provisor account_id=4 price_list_id=128 price_name=»нкар (јлматы) Ч »нкар (јлматы) Ч Aksai4/83 items_count=2773 real_items_count_from_db=2773 visible=true hidden_reason=
2026-07-27 23:02:58,226 [INFO] [PRICE_LIST_ASSIGNMENT_DEBUG] source_type=provisor account_id=4 price_list_id=1075 price_name=јманат (јлматы) Ч јманат (јлматы) Ч Aksai4/83 items_count=5183 real_items_count_from_db=5183 visible=true hidden_reason=
2026-07-27 23:02:58,226 [INFO] [PRICE_LIST_ASSIGNMENT_DEBUG] source_type=provisor account_id=3 price_list_id=302 price_name=јманат (јктау) Ч јманат (јктау) Ч ∆асулан-‘арм items_count=4454 real_items_count_from_db=4454 visible=true hidden_reason=
2026-07-27 23:02:58,226 [INFO] [PRICE_LIST_ASSIGNMENT_DEBUG] source_type=provisor account_id=3 price_list_id=8067 price_name=¬ива ‘арм “ќќ(јктау) Ч ¬ива ‘арм “ќќ(јктау) Ч ∆асулан-‘арм items_count=37 real_items_count_from_db=37 visible=true hidden_reason=
2026-07-27 23:02:58,226 [INFO] [PRICE_LIST_ASSIGNMENT_DEBUG] source_type=provisor account_id=3 price_list_id=8781 price_name=“ќќ јЋ јзи€ (јктау) Ч “ќќ јЋ јзи€ (јктау) Ч ∆асулан-‘арм items_count=1 real_items_count_from_db=1 visible=true hidden_reason=
2026-07-27 23:02:58,226 [INFO] [PRICE_LIST_ASSIGNMENT_DEBUG] source_type=provisor account_id=3 price_list_id=8358 price_name=—тофарм средн€€ цена (јктау) Ч —тофарм средн€€ цена (јктау) Ч ∆асулан-‘арм items_count=2385 real_items_count_from_db=2385 visible=true hidden_reason=
2026-07-27 23:02:58,226 [INFO] [PRICE_LIST_ASSIGNMENT_DEBUG] source_type=vidman account_id=2 price_list_id=9665 price_name=јстана Ч “ќќ “ест ћедикал Ч dovulbaevaamangul@gmail.com items_count=224 real_items_count_from_db=224 visible=true hidden_reason=
2026-07-27 23:02:58,226 [INFO] [PRICE_LIST_ASSIGNMENT_DEBUG] source_type=vidman account_id=6 price_list_id=9665 price_name=јстана Ч “ќќ “ест ћедикал Ч aiman.imanbaeva1975@mail.ru items_count=224 real_items_count_from_db=224 visible=true hidden_reason=
2026-07-27 23:02:58,226 [INFO] [PRICE_LIST_ASSIGNMENT_DEBUG] source_type=vidman account_id=1 price_list_id=10925 price_name=јстана Ч »ѕ  азимирова ј.Ќ. (ћедћаг) Ч Zhadi-90@mail.ru items_count=152 real_items_count_from_db=152 visible=true hidden_reason=
2026-07-27 23:02:58,226 [INFO] [PRICE_LIST_ASSIGNMENT_DEBUG] source_type=vidman account_id=6 price_list_id=10925 price_name=јстана Ч »ѕ  азимирова ј.Ќ. (ћедћаг) Ч aiman.imanbaeva1975@mail.ru items_count=152 real_items_count_from_db=152 visible=true hidden_reason=
2026-07-27 23:02:58,226 [INFO] [PRICE_LIST_ASSIGNMENT_DEBUG] source_type=vidman account_id=2 price_list_id=8911 price_name=јлматы Ч “ќќ Rosana.kz Ч dovulbaevaamangul@gmail.com items_count=374 real_items_count_from_db=374 visible=true hidden_reason=
2026-07-27 23:02:58,226 [INFO] [PRICE_LIST_ASSIGNMENT_DEBUG] source_type=vidman account_id=1 price_list_id=8911 price_name=јлматы Ч “ќќ Rosana.kz Ч Zhadi-90@mail.ru items_count=374 real_items_count_from_db=374 visible=true hidden_reason=
2026-07-27 23:02:58,226 [INFO] [PRICE_LIST_ASSIGNMENT_DEBUG] source_type=vidman account_id=6 price_list_id=8911 price_name=јлматы Ч “ќќ Rosana.kz Ч aiman.imanbaeva1975@mail.ru items_count=374 real_items_count_from_db=374 visible=true hidden_reason=
2026-07-27 23:02:58,226 [INFO] [PRICE_LIST_ASSIGNMENT_DEBUG] source_type=vidman account_id=1 price_list_id=11194 price_name= останай Ч “ќќ елешек ‘армаци€ Ч Zhadi-90@mail.ru items_count=4 real_items_count_from_db=4 visible=true hidden_reason=
2026-07-27 23:02:58,226 [INFO] [PRICE_LIST_ASSIGNMENT_DEBUG] source_type=vidman account_id=6 price_list_id=11194 price_name= останай Ч “ќќ елешек ‘армаци€ Ч aiman.imanbaeva1975@mail.ru items_count=4 real_items_count_from_db=4 visible=true hidden_reason=
2026-07-27 23:02:58,226 [INFO] [PRICE_LIST_ASSIGNMENT_DEBUG] source_type=vidman account_id=2 price_list_id=11607 price_name=јстана Ч “ќќ Kazbiotech Ч dovulbaevaamangul@gmail.com items_count=12 real_items_count_from_db=12 visible=true hidden_reason=
2026-07-27 23:02:58,226 [INFO] [PRICE_LIST_ASSIGNMENT_DEBUG] source_type=vidman account_id=1 price_list_id=11607 price_name=јстана Ч “ќќ Kazbiotech Ч Zhadi-90@mail.ru items_count=12 real_items_count_from_db=12 visible=true hidden_reason=
2026-07-27 23:02:58,227 [INFO] [PRICE_LIST_ASSIGNMENT_DEBUG] source_type=vidman account_id=6 price_list_id=11607 price_name=јстана Ч “ќќ Kazbiotech Ч aiman.imanbaeva1975@mail.ru items_count=12 real_items_count_from_db=12 visible=true hidden_reason=
2026-07-27 23:02:58,227 [INFO] [PRICE_LIST_ASSIGNMENT_DEBUG] source_type=vidman account_id=6 price_list_id=8394 price_name=Ўымкент Ч “ќќ ‘ј–ћј“ Ч aiman.imanbaeva1975@mail.ru items_count=2768 real_items_count_from_db=2768 visible=true hidden_reason=
2026-07-27 23:02:58,227 [INFO] [PRICE_LIST_ASSIGNMENT_DEBUG] source_type=vidman account_id=6 price_list_id=10298 price_name=Ўымкент Ч Belasar Pharmacy Ч aiman.imanbaeva1975@mail.ru items_count=3189 real_items_count_from_db=3189 visible=true hidden_reason=
2026-07-27 23:02:58,227 [INFO] [PRICE_LIST_ASSIGNMENT_DEBUG] source_type=vidman account_id=1 price_list_id=1212 price_name=јктобе Ч «ерде јктобе Ч Zhadi-90@mail.ru items_count=2098 real_items_count_from_db=2098 visible=true hidden_reason=
2026-07-27 23:02:58,227 [INFO] [PRICE_LIST_ASSIGNMENT_DEBUG] source_type=vidman account_id=1 price_list_id=391 price_name=јлматы Ч «ерде јлматы Ч Zhadi-90@mail.ru items_count=2183 real_items_count_from_db=2183 visible=true hidden_reason=
2026-07-27 23:02:58,227 [INFO] [PRICE_LIST_ASSIGNMENT_DEBUG] source_type=vidman account_id=1 price_list_id=175 price_name=јктау Ч ћедсервис ѕлюс јктау Ч Zhadi-90@mail.ru items_count=4763 real_items_count_from_db=4763 visible=true hidden_reason=
2026-07-27 23:02:58,227 [INFO] [PRICE_LIST_ASSIGNMENT_DEBUG] source_type=vidman account_id=6 price_list_id=388 price_name=јлматы Ч “ур—ад Ч aiman.imanbaeva1975@mail.ru items_count=1328 real_items_count_from_db=1328 visible=true hidden_reason=
2026-07-27 23:02:58,227 [INFO] [PRICE_LIST_ASSIGNMENT_DEBUG] source_type=vidman account_id=1 price_list_id=9352 price_name=јктау Ч »нкар јктау Ч Zhadi-90@mail.ru items_count=2347 real_items_count_from_db=2347 visible=true hidden_reason=
2026-07-27 23:02:58,227 [INFO] [PRICE_LIST_ASSIGNMENT_DEBUG] source_type=vidman account_id=6 price_list_id=9352 price_name=јктау Ч »нкар јктау Ч aiman.imanbaeva1975@mail.ru items_count=2347 real_items_count_from_db=2347 visible=true hidden_reason=
2026-07-27 23:02:58,227 [INFO] [PRICE_LIST_ASSIGNMENT_DEBUG] source_type=vidman account_id=1 price_list_id=390 price_name=јлматы Ч —адыхан премиум Ч Zhadi-90@mail.ru items_count=3704 real_items_count_from_db=3704 visible=true hidden_reason=
2026-07-27 23:02:58,227 [INFO] [PRICE_LIST_ASSIGNMENT_DEBUG] source_type=vidman account_id=6 price_list_id=5648 price_name=јктобе Ч Dosfarm јктобе Ч aiman.imanbaeva1975@mail.ru items_count=130 real_items_count_from_db=130 visible=true hidden_reason=
2026-07-27 23:02:58,227 [INFO] [PRICE_LIST_ASSIGNMENT_DEBUG] source_type=vidman account_id=1 price_list_id=4237 price_name=јктобе Ч –ј”«ј-јƒ≈ ‘»ЋЋ»јЋ ¬ √ ј “ќЅ≈ Ч Zhadi-90@mail.ru items_count=2100 real_items_count_from_db=2100 visible=true hidden_reason=
2026-07-27 23:02:58,227 [INFO] [PRICE_LIST_ASSIGNMENT_DEBUG] source_type=vidman account_id=6 price_list_id=4237 price_name=јктобе Ч –ј”«ј-јƒ≈ ‘»ЋЋ»јЋ ¬ √ ј “ќЅ≈ Ч aiman.imanbaeva1975@mail.ru items_count=2100 real_items_count_from_db=2100 visible=true hidden_reason=
2026-07-27 23:02:58,227 [INFO] [PRICE_LIST_ASSIGNMENT_DEBUG] source_type=vidman account_id=1 price_list_id=11591 price_name=јктау Ч Ёмити »нтернешнл јктау Ч Zhadi-90@mail.ru items_count=4298 real_items_count_from_db=4298 visible=true hidden_reason=
2026-07-27 23:02:58,227 [INFO] [PRICE_LIST_ASSIGNMENT_DEBUG] source_type=vidman account_id=2 price_list_id=1212 price_name=јктобе Ч «ерде јктобе Ч dovulbaevaamangul@gmail.com items_count=2098 real_items_count_from_db=2098 visible=true hidden_reason=
2026-07-27 23:02:58,227 [INFO] [PRICE_LIST_ASSIGNMENT_DEBUG] source_type=vidman account_id=2 price_list_id=5927 price_name=јктау Ч —тофарм јктау Ч dovulbaevaamangul@gmail.com items_count=2293 real_items_count_from_db=2293 visible=true hidden_reason=
2026-07-27 23:02:58,227 [INFO] [PRICE_LIST_ASSIGNMENT_DEBUG] source_type=vidman account_id=6 price_list_id=10364 price_name=јктау Ч »нкар јктау Ч aiman.imanbaeva1975@mail.ru items_count=2359 real_items_count_from_db=2359 visible=true hidden_reason=
2026-07-27 23:02:58,227 [INFO] [PRICE_LIST_ASSIGNMENT_DEBUG] source_type=vidman account_id=2 price_list_id=10364 price_name=јктау Ч »нкар јктау Ч dovulbaevaamangul@gmail.com items_count=2359 real_items_count_from_db=2359 visible=true hidden_reason=
2026-07-27 23:02:58,227 [INFO] [PRICE_LIST_ASSIGNMENT_DEBUG] source_type=vidman account_id=6 price_list_id=10427 price_name=јктау Ч »нкар јктау Ч aiman.imanbaeva1975@mail.ru items_count=2359 real_items_count_from_db=2359 visible=true hidden_reason=
2026-07-27 23:02:58,228 [INFO] [PRICE_LIST_ASSIGNMENT_DEBUG] source_type=vidman account_id=2 price_list_id=4237 price_name=јктобе Ч –ј”«ј-јƒ≈ ‘»ЋЋ»јЋ ¬ √ ј “ќЅ≈ Ч dovulbaevaamangul@gmail.com items_count=2100 real_items_count_from_db=2100 visible=true hidden_reason=
2026-07-27 23:02:58,228 [INFO] [PRICE_LIST_ASSIGNMENT_DEBUG] source_type=vidman account_id=1 price_list_id=247 price_name=јктобе Ч јманат јктобе Ч Zhadi-90@mail.ru items_count=4618 real_items_count_from_db=4618 visible=true hidden_reason=
2026-07-27 23:02:58,228 [INFO] [PRICE_LIST_ASSIGNMENT_DEBUG] source_type=vidman account_id=6 price_list_id=11591 price_name=јктау Ч Ёмити »нтернешнл јктау Ч aiman.imanbaeva1975@mail.ru items_count=4298 real_items_count_from_db=4298 visible=true hidden_reason=
INFO:     127.0.0.1:65340 - "GET /api/competitors/price-lists?format_code=TEST_01 HTTP/1.1" 200 OK
2026-07-27 23:02:58,236 [INFO] [PRICE_LIST_ASSIGNMENT_DEBUG] source_type=vidman account_id=1 price_list_id=1478 price_name=јлматы Ч ¬»¬ј ‘арм Ч Zhadi-90@mail.ru items_count=85 real_items_count_from_db=85 visible=true hidden_reason=
2026-07-27 23:02:58,237 [INFO] [PRICE_LIST_ASSIGNMENT_DEBUG] source_type=provisor account_id=4 price_list_id=8322 price_name=јтамирас “ќќ (ATAMIRAS.S “ќќ јлматы) Ч јтамирас “ќќ (ATAMIRAS.S “ќќ јлматы) Ч Aksai4/83 items_count=3767 real_items_count_from_db=3767 visible=true hidden_reason=
2026-07-27 23:02:58,237 [INFO] [PRICE_LIST_ASSIGNMENT_DEBUG] source_type=provisor account_id=3 price_list_id=1417 price_name=«ерде “ќќ Ќѕќ (јктау) Ч «ерде “ќќ Ќѕќ (јктау) Ч ∆асулан-‘арм items_count=2408 real_items_count_from_db=2408 visible=true hidden_reason=
2026-07-27 23:02:58,237 [INFO] [PRICE_LIST_ASSIGNMENT_DEBUG] source_type=provisor account_id=4 price_list_id=1392 price_name=ћедсервис (јтырау) Ч ћедсервис (јтырау) Ч Aksai4/83 items_count=5935 real_items_count_from_db=5935 visible=true hidden_reason=
2026-07-27 23:02:58,237 [INFO] [PRICE_LIST_ASSIGNMENT_DEBUG] source_type=provisor account_id=4 price_list_id=1397 price_name=«ерде “ќќ Ќѕќ (јлматы) Ч «ерде “ќќ Ќѕќ (јлматы) Ч Aksai4/83 items_count=2235 real_items_count_from_db=2235 visible=true hidden_reason=
2026-07-27 23:02:58,237 [INFO] [PRICE_LIST_ASSIGNMENT_DEBUG] source_type=provisor account_id=3 price_list_id=1418 price_name=јк-Ќиет (јктау) Ч јк-Ќиет (јктау) Ч ∆асулан-‘арм items_count=2 real_items_count_from_db=2 visible=true hidden_reason=
2026-07-27 23:02:58,237 [INFO] [PRICE_LIST_ASSIGNMENT_DEBUG] source_type=provisor account_id=4 price_list_id=1145 price_name=јтамирас “ќќ (ATAMIRAS.S “ќќ Ўымкент) Ч јтамирас “ќќ (ATAMIRAS.S “ќќ Ўымкент) Ч Aksai4/83 items_count=4208 real_items_count_from_db=4208 visible=true hidden_reason=
2026-07-27 23:02:58,237 [INFO] [PRICE_LIST_ASSIGNMENT_DEBUG] source_type=provisor account_id=4 price_list_id=158 price_name=ћедсервис ( ызылорда) Ч ћедсервис ( ызылорда) Ч Aksai4/83 items_count=5977 real_items_count_from_db=5977 visible=true hidden_reason=
2026-07-27 23:02:58,237 [INFO] [PRICE_LIST_ASSIGNMENT_DEBUG] source_type=provisor account_id=3 price_list_id=159 price_name=ћедсервис (јктау) Ч ћедсервис (јктау) Ч ∆асулан-‘арм items_count=4948 real_items_count_from_db=4948 visible=true hidden_reason=
2026-07-27 23:02:58,237 [INFO] [PRICE_LIST_ASSIGNMENT_DEBUG] source_type=provisor account_id=4 price_list_id=155 price_name=ћедсервис (ѕавлодар) Ч ћедсервис (ѕавлодар) Ч Aksai4/83 items_count=5414 real_items_count_from_db=5414 visible=true hidden_reason=
2026-07-27 23:02:58,237 [INFO] [PRICE_LIST_ASSIGNMENT_DEBUG] source_type=provisor account_id=4 price_list_id=128 price_name=»нкар (јлматы) Ч »нкар (јлматы) Ч Aksai4/83 items_count=2773 real_items_count_from_db=2773 visible=true hidden_reason=
2026-07-27 23:02:58,237 [INFO] [PRICE_LIST_ASSIGNMENT_DEBUG] source_type=provisor account_id=4 price_list_id=1075 price_name=јманат (јлматы) Ч јманат (јлматы) Ч Aksai4/83 items_count=5183 real_items_count_from_db=5183 visible=true hidden_reason=
2026-07-27 23:02:58,237 [INFO] [PRICE_LIST_ASSIGNMENT_DEBUG] source_type=provisor account_id=3 price_list_id=302 price_name=јманат (јктау) Ч јманат (јктау) Ч ∆асулан-‘арм items_count=4454 real_items_count_from_db=4454 visible=true hidden_reason=
2026-07-27 23:02:58,237 [INFO] [PRICE_LIST_ASSIGNMENT_DEBUG] source_type=provisor account_id=3 price_list_id=8067 price_name=¬ива ‘арм “ќќ(јктау) Ч ¬ива ‘арм “ќќ(јктау) Ч ∆асулан-‘арм items_count=37 real_items_count_from_db=37 visible=true hidden_reason=
2026-07-27 23:02:58,237 [INFO] [PRICE_LIST_ASSIGNMENT_DEBUG] source_type=provisor account_id=3 price_list_id=8781 price_name=“ќќ јЋ јзи€ (јктау) Ч “ќќ јЋ јзи€ (јктау) Ч ∆асулан-‘арм items_count=1 real_items_count_from_db=1 visible=true hidden_reason=
2026-07-27 23:02:58,237 [INFO] [PRICE_LIST_ASSIGNMENT_DEBUG] source_type=provisor account_id=3 price_list_id=8358 price_name=—тофарм средн€€ цена (јктау) Ч —тофарм средн€€ цена (јктау) Ч ∆асулан-‘арм items_count=2385 real_items_count_from_db=2385 visible=true hidden_reason=
2026-07-27 23:02:58,237 [INFO] [PRICE_LIST_ASSIGNMENT_DEBUG] source_type=vidman account_id=2 price_list_id=9665 price_name=јстана Ч “ќќ “ест ћедикал Ч dovulbaevaamangul@gmail.com items_count=224 real_items_count_from_db=224 visible=true hidden_reason=
2026-07-27 23:02:58,237 [INFO] [PRICE_LIST_ASSIGNMENT_DEBUG] source_type=vidman account_id=6 price_list_id=9665 price_name=јстана Ч “ќќ “ест ћедикал Ч aiman.imanbaeva1975@mail.ru items_count=224 real_items_count_from_db=224 visible=true hidden_reason=
2026-07-27 23:02:58,237 [INFO] [PRICE_LIST_ASSIGNMENT_DEBUG] source_type=vidman account_id=1 price_list_id=10925 price_name=јстана Ч »ѕ  азимирова ј.Ќ. (ћедћаг) Ч Zhadi-90@mail.ru items_count=152 real_items_count_from_db=152 visible=true hidden_reason=
2026-07-27 23:02:58,237 [INFO] [PRICE_LIST_ASSIGNMENT_DEBUG] source_type=vidman account_id=6 price_list_id=10925 price_name=јстана Ч »ѕ  азимирова ј.Ќ. (ћедћаг) Ч aiman.imanbaeva1975@mail.ru items_count=152 real_items_count_from_db=152 visible=true hidden_reason=
2026-07-27 23:02:58,237 [INFO] [PRICE_LIST_ASSIGNMENT_DEBUG] source_type=vidman account_id=2 price_list_id=8911 price_name=јлматы Ч “ќќ Rosana.kz Ч dovulbaevaamangul@gmail.com items_count=374 real_items_count_from_db=374 visible=true hidden_reason=
2026-07-27 23:02:58,237 [INFO] [PRICE_LIST_ASSIGNMENT_DEBUG] source_type=vidman account_id=1 price_list_id=8911 price_name=јлматы Ч “ќќ Rosana.kz Ч Zhadi-90@mail.ru items_count=374 real_items_count_from_db=374 visible=true hidden_reason=
2026-07-27 23:02:58,237 [INFO] [PRICE_LIST_ASSIGNMENT_DEBUG] source_type=vidman account_id=6 price_list_id=8911 price_name=јлматы Ч “ќќ Rosana.kz Ч aiman.imanbaeva1975@mail.ru items_count=374 real_items_count_from_db=374 visible=true hidden_reason=
2026-07-27 23:02:58,237 [INFO] [PRICE_LIST_ASSIGNMENT_DEBUG] source_type=vidman account_id=1 price_list_id=11194 price_name= останай Ч “ќќ елешек ‘армаци€ Ч Zhadi-90@mail.ru items_count=4 real_items_count_from_db=4 visible=true hidden_reason=
2026-07-27 23:02:58,237 [INFO] [PRICE_LIST_ASSIGNMENT_DEBUG] source_type=vidman account_id=6 price_list_id=11194 price_name= останай Ч “ќќ елешек ‘армаци€ Ч aiman.imanbaeva1975@mail.ru items_count=4 real_items_count_from_db=4 visible=true hidden_reason=
2026-07-27 23:02:58,237 [INFO] [PRICE_LIST_ASSIGNMENT_DEBUG] source_type=vidman account_id=2 price_list_id=11607 price_name=јстана Ч “ќќ Kazbiotech Ч dovulbaevaamangul@gmail.com items_count=12 real_items_count_from_db=12 visible=true hidden_reason=
2026-07-27 23:02:58,237 [INFO] [PRICE_LIST_ASSIGNMENT_DEBUG] source_type=vidman account_id=1 price_list_id=11607 price_name=јстана Ч “ќќ Kazbiotech Ч Zhadi-90@mail.ru items_count=12 real_items_count_from_db=12 visible=true hidden_reason=
2026-07-27 23:02:58,237 [INFO] [PRICE_LIST_ASSIGNMENT_DEBUG] source_type=vidman account_id=6 price_list_id=11607 price_name=јстана Ч “ќќ Kazbiotech Ч aiman.imanbaeva1975@mail.ru items_count=12 real_items_count_from_db=12 visible=true hidden_reason=
2026-07-27 23:02:58,237 [INFO] [PRICE_LIST_ASSIGNMENT_DEBUG] source_type=vidman account_id=6 price_list_id=8394 price_name=Ўымкент Ч “ќќ ‘ј–ћј“ Ч aiman.imanbaeva1975@mail.ru items_count=2768 real_items_count_from_db=2768 visible=true hidden_reason=
2026-07-27 23:02:58,237 [INFO] [PRICE_LIST_ASSIGNMENT_DEBUG] source_type=vidman account_id=6 price_list_id=10298 price_name=Ўымкент Ч Belasar Pharmacy Ч aiman.imanbaeva1975@mail.ru items_count=3189 real_items_count_from_db=3189 visible=true hidden_reason=
2026-07-27 23:02:58,237 [INFO] [PRICE_LIST_ASSIGNMENT_DEBUG] source_type=vidman account_id=1 price_list_id=1212 price_name=јктобе Ч «ерде јктобе Ч Zhadi-90@mail.ru items_count=2098 real_items_count_from_db=2098 visible=true hidden_reason=
2026-07-27 23:02:58,237 [INFO] [PRICE_LIST_ASSIGNMENT_DEBUG] source_type=vidman account_id=1 price_list_id=391 price_name=јлматы Ч «ерде јлматы Ч Zhadi-90@mail.ru items_count=2183 real_items_count_from_db=2183 visible=true hidden_reason=
2026-07-27 23:02:58,238 [INFO] [PRICE_LIST_ASSIGNMENT_DEBUG] source_type=vidman account_id=1 price_list_id=175 price_name=јктау Ч ћедсервис ѕлюс јктау Ч Zhadi-90@mail.ru items_count=4763 real_items_count_from_db=4763 visible=true hidden_reason=
2026-07-27 23:02:58,238 [INFO] [PRICE_LIST_ASSIGNMENT_DEBUG] source_type=vidman account_id=6 price_list_id=388 price_name=јлматы Ч “ур—ад Ч aiman.imanbaeva1975@mail.ru items_count=1328 real_items_count_from_db=1328 visible=true hidden_reason=
2026-07-27 23:02:58,238 [INFO] [PRICE_LIST_ASSIGNMENT_DEBUG] source_type=vidman account_id=1 price_list_id=9352 price_name=јктау Ч »нкар јктау Ч Zhadi-90@mail.ru items_count=2347 real_items_count_from_db=2347 visible=true hidden_reason=
2026-07-27 23:02:58,238 [INFO] [PRICE_LIST_ASSIGNMENT_DEBUG] source_type=vidman account_id=6 price_list_id=9352 price_name=јктау Ч »нкар јктау Ч aiman.imanbaeva1975@mail.ru items_count=2347 real_items_count_from_db=2347 visible=true hidden_reason=
2026-07-27 23:02:58,238 [INFO] [PRICE_LIST_ASSIGNMENT_DEBUG] source_type=vidman account_id=1 price_list_id=390 price_name=јлматы Ч —адыхан премиум Ч Zhadi-90@mail.ru items_count=3704 real_items_count_from_db=3704 visible=true hidden_reason=
2026-07-27 23:02:58,238 [INFO] [PRICE_LIST_ASSIGNMENT_DEBUG] source_type=vidman account_id=6 price_list_id=5648 price_name=јктобе Ч Dosfarm јктобе Ч aiman.imanbaeva1975@mail.ru items_count=130 real_items_count_from_db=130 visible=true hidden_reason=
2026-07-27 23:02:58,238 [INFO] [PRICE_LIST_ASSIGNMENT_DEBUG] source_type=vidman account_id=1 price_list_id=4237 price_name=јктобе Ч –ј”«ј-јƒ≈ ‘»ЋЋ»јЋ ¬ √ ј “ќЅ≈ Ч Zhadi-90@mail.ru items_count=2100 real_items_count_from_db=2100 visible=true hidden_reason=
2026-07-27 23:02:58,238 [INFO] [PRICE_LIST_ASSIGNMENT_DEBUG] source_type=vidman account_id=6 price_list_id=4237 price_name=јктобе Ч –ј”«ј-јƒ≈ ‘»ЋЋ»јЋ ¬ √ ј “ќЅ≈ Ч aiman.imanbaeva1975@mail.ru items_count=2100 real_items_count_from_db=2100 visible=true hidden_reason=
2026-07-27 23:02:58,238 [INFO] [PRICE_LIST_ASSIGNMENT_DEBUG] source_type=vidman account_id=1 price_list_id=11591 price_name=јктау Ч Ёмити »нтернешнл јктау Ч Zhadi-90@mail.ru items_count=4298 real_items_count_from_db=4298 visible=true hidden_reason=
2026-07-27 23:02:58,238 [INFO] [PRICE_LIST_ASSIGNMENT_DEBUG] source_type=vidman account_id=2 price_list_id=1212 price_name=јктобе Ч «ерде јктобе Ч dovulbaevaamangul@gmail.com items_count=2098 real_items_count_from_db=2098 visible=true hidden_reason=
2026-07-27 23:02:58,238 [INFO] [PRICE_LIST_ASSIGNMENT_DEBUG] source_type=vidman account_id=2 price_list_id=5927 price_name=јктау Ч —тофарм јктау Ч dovulbaevaamangul@gmail.com items_count=2293 real_items_count_from_db=2293 visible=true hidden_reason=
2026-07-27 23:02:58,238 [INFO] [PRICE_LIST_ASSIGNMENT_DEBUG] source_type=vidman account_id=6 price_list_id=10364 price_name=јктау Ч »нкар јктау Ч aiman.imanbaeva1975@mail.ru items_count=2359 real_items_count_from_db=2359 visible=true hidden_reason=
2026-07-27 23:02:58,238 [INFO] [PRICE_LIST_ASSIGNMENT_DEBUG] source_type=vidman account_id=2 price_list_id=10364 price_name=јктау Ч »нкар јктау Ч dovulbaevaamangul@gmail.com items_count=2359 real_items_count_from_db=2359 visible=true hidden_reason=
2026-07-27 23:02:58,238 [INFO] [PRICE_LIST_ASSIGNMENT_DEBUG] source_type=vidman account_id=6 price_list_id=10427 price_name=јктау Ч »нкар јктау Ч aiman.imanbaeva1975@mail.ru items_count=2359 real_items_count_from_db=2359 visible=true hidden_reason=
2026-07-27 23:02:58,238 [INFO] [PRICE_LIST_ASSIGNMENT_DEBUG] source_type=vidman account_id=2 price_list_id=4237 price_name=јктобе Ч –ј”«ј-јƒ≈ ‘»ЋЋ»јЋ ¬ √ ј “ќЅ≈ Ч dovulbaevaamangul@gmail.com items_count=2100 real_items_count_from_db=2100 visible=true hidden_reason=
2026-07-27 23:02:58,238 [INFO] [PRICE_LIST_ASSIGNMENT_DEBUG] source_type=vidman account_id=1 price_list_id=247 price_name=јктобе Ч јманат јктобе Ч Zhadi-90@mail.ru items_count=4618 real_items_count_from_db=4618 visible=true hidden_reason=
2026-07-27 23:02:58,238 [INFO] [PRICE_LIST_ASSIGNMENT_DEBUG] source_type=vidman account_id=6 price_list_id=11591 price_name=јктау Ч Ёмити »нтернешнл јктау Ч aiman.imanbaeva1975@mail.ru items_count=4298 real_items_count_from_db=4298 visible=true hidden_reason=
INFO:     127.0.0.1:65334 - "GET /api/competitors/price-lists?format_code=TEST_01 HTTP/1.1" 200 OK
INFO:     127.0.0.1:65349 - "GET /api/price-formats/TEST_01/settings HTTP/1.1" 200 OK
INFO:     127.0.0.1:65351 - "GET /api/price-formats/%D0%98%D0%9F%D0%9B_01_002/settings HTTP/1.1" 200 OK
INFO:     127.0.0.1:65350 - "GET /api/price-lists?format_code=TEST_01 HTTP/1.1" 200 OK
INFO:     127.0.0.1:65352 - "GET /api/price-lists?format_code=%D0%98%D0%9F%D0%9B_01_002 HTTP/1.1" 200 OK
INFO:     127.0.0.1:65357 - "GET /api/price-formats/%D0%98%D0%9F%D0%9B_01_002/settings HTTP/1.1" 200 OK
INFO:     127.0.0.1:65356 - "GET /api/price-lists?format_code=TEST_01 HTTP/1.1" 200 OK
INFO:     127.0.0.1:65358 - "GET /api/price-formats/TEST_01/settings HTTP/1.1" 200 OK
INFO:     127.0.0.1:65360 - "GET /api/price-lists?format_code=%D0%98%D0%9F%D0%9B_01_002 HTTP/1.1" 200 OK
INFO:     127.0.0.1:65377 - "GET /api/price-lists/latest?format_code=TEST_01 HTTP/1.1" 200 OK
INFO:     127.0.0.1:65372 - "GET /api/competitors/percentiles?format_code=TEST_01&percentile_source=emit HTTP/1.1" 200 OK
INFO:     127.0.0.1:65376 - "GET /api/price-formats/TEST_01/settings HTTP/1.1" 200 OK
INFO:     127.0.0.1:65381 - "GET /api/price-formats/%D0%98%D0%9F%D0%9B_01_002/settings HTTP/1.1" 200 OK
INFO:     127.0.0.1:65383 - "GET /api/price-lists/latest?format_code=%D0%98%D0%9F%D0%9B_01_002 HTTP/1.1" 200 OK
INFO:     127.0.0.1:65385 - "GET /api/price-formats/%D0%98%D0%9F%D0%9B_01_002/competitor-assignments?include_summary=1 HTTP/1.1" 200 OK
INFO:     127.0.0.1:65389 - "GET /api/competitors/percentiles?format_code=TEST_01&percentile_source=emit HTTP/1.1" 200 OK
2026-07-27 23:03:06,914 [INFO] [PRICE_LIST_ASSIGNMENT_DEBUG] source_type=vidman account_id=1 price_list_id=1478 price_name=јлматы Ч ¬»¬ј ‘арм Ч Zhadi-90@mail.ru items_count=85 real_items_count_from_db=85 visible=true hidden_reason=
2026-07-27 23:03:06,914 [INFO] [PRICE_LIST_ASSIGNMENT_DEBUG] source_type=provisor account_id=4 price_list_id=8322 price_name=јтамирас “ќќ (ATAMIRAS.S “ќќ јлматы) Ч јтамирас “ќќ (ATAMIRAS.S “ќќ јлматы) Ч Aksai4/83 items_count=3767 real_items_count_from_db=3767 visible=true hidden_reason=
2026-07-27 23:03:06,914 [INFO] [PRICE_LIST_ASSIGNMENT_DEBUG] source_type=provisor account_id=3 price_list_id=1417 price_name=«ерде “ќќ Ќѕќ (јктау) Ч «ерде “ќќ Ќѕќ (јктау) Ч ∆асулан-‘арм items_count=2408 real_items_count_from_db=2408 visible=true hidden_reason=
2026-07-27 23:03:06,914 [INFO] [PRICE_LIST_ASSIGNMENT_DEBUG] source_type=provisor account_id=4 price_list_id=1392 price_name=ћедсервис (јтырау) Ч ћедсервис (јтырау) Ч Aksai4/83 items_count=5935 real_items_count_from_db=5935 visible=true hidden_reason=
2026-07-27 23:03:06,914 [INFO] [PRICE_LIST_ASSIGNMENT_DEBUG] source_type=provisor account_id=4 price_list_id=1397 price_name=«ерде “ќќ Ќѕќ (јлматы) Ч «ерде “ќќ Ќѕќ (јлматы) Ч Aksai4/83 items_count=2235 real_items_count_from_db=2235 visible=true hidden_reason=
2026-07-27 23:03:06,914 [INFO] [PRICE_LIST_ASSIGNMENT_DEBUG] source_type=provisor account_id=3 price_list_id=1418 price_name=јк-Ќиет (јктау) Ч јк-Ќиет (јктау) Ч ∆асулан-‘арм items_count=2 real_items_count_from_db=2 visible=true hidden_reason=
2026-07-27 23:03:06,915 [INFO] [PRICE_LIST_ASSIGNMENT_DEBUG] source_type=provisor account_id=4 price_list_id=1145 price_name=јтамирас “ќќ (ATAMIRAS.S “ќќ Ўымкент) Ч јтамирас “ќќ (ATAMIRAS.S “ќќ Ўымкент) Ч Aksai4/83 items_count=4208 real_items_count_from_db=4208 visible=true hidden_reason=
2026-07-27 23:03:06,915 [INFO] [PRICE_LIST_ASSIGNMENT_DEBUG] source_type=provisor account_id=4 price_list_id=158 price_name=ћедсервис ( ызылорда) Ч ћедсервис ( ызылорда) Ч Aksai4/83 items_count=5977 real_items_count_from_db=5977 visible=true hidden_reason=
2026-07-27 23:03:06,915 [INFO] [PRICE_LIST_ASSIGNMENT_DEBUG] source_type=provisor account_id=3 price_list_id=159 price_name=ћедсервис (јктау) Ч ћедсервис (јктау) Ч ∆асулан-‘арм items_count=4948 real_items_count_from_db=4948 visible=true hidden_reason=
2026-07-27 23:03:06,915 [INFO] [PRICE_LIST_ASSIGNMENT_DEBUG] source_type=provisor account_id=4 price_list_id=155 price_name=ћедсервис (ѕавлодар) Ч ћедсервис (ѕавлодар) Ч Aksai4/83 items_count=5414 real_items_count_from_db=5414 visible=true hidden_reason=
2026-07-27 23:03:06,915 [INFO] [PRICE_LIST_ASSIGNMENT_DEBUG] source_type=provisor account_id=4 price_list_id=128 price_name=»нкар (јлматы) Ч »нкар (јлматы) Ч Aksai4/83 items_count=2773 real_items_count_from_db=2773 visible=true hidden_reason=
2026-07-27 23:03:06,915 [INFO] [PRICE_LIST_ASSIGNMENT_DEBUG] source_type=provisor account_id=4 price_list_id=1075 price_name=јманат (јлматы) Ч јманат (јлматы) Ч Aksai4/83 items_count=5183 real_items_count_from_db=5183 visible=true hidden_reason=
2026-07-27 23:03:06,915 [INFO] [PRICE_LIST_ASSIGNMENT_DEBUG] source_type=provisor account_id=3 price_list_id=302 price_name=јманат (јктау) Ч јманат (јктау) Ч ∆асулан-‘арм items_count=4454 real_items_count_from_db=4454 visible=true hidden_reason=
2026-07-27 23:03:06,915 [INFO] [PRICE_LIST_ASSIGNMENT_DEBUG] source_type=provisor account_id=3 price_list_id=8067 price_name=¬ива ‘арм “ќќ(јктау) Ч ¬ива ‘арм “ќќ(јктау) Ч ∆асулан-‘арм items_count=37 real_items_count_from_db=37 visible=true hidden_reason=
2026-07-27 23:03:06,915 [INFO] [PRICE_LIST_ASSIGNMENT_DEBUG] source_type=provisor account_id=3 price_list_id=8781 price_name=“ќќ јЋ јзи€ (јктау) Ч “ќќ јЋ јзи€ (јктау) Ч ∆асулан-‘арм items_count=1 real_items_count_from_db=1 visible=true hidden_reason=
2026-07-27 23:03:06,916 [INFO] [PRICE_LIST_ASSIGNMENT_DEBUG] source_type=provisor account_id=3 price_list_id=8358 price_name=—тофарм средн€€ цена (јктау) Ч —тофарм средн€€ цена (јктау) Ч ∆асулан-‘арм items_count=2385 real_items_count_from_db=2385 visible=true hidden_reason=
2026-07-27 23:03:06,916 [INFO] [PRICE_LIST_ASSIGNMENT_DEBUG] source_type=vidman account_id=2 price_list_id=9665 price_name=јстана Ч “ќќ “ест ћедикал Ч dovulbaevaamangul@gmail.com items_count=224 real_items_count_from_db=224 visible=true hidden_reason=
2026-07-27 23:03:06,916 [INFO] [PRICE_LIST_ASSIGNMENT_DEBUG] source_type=vidman account_id=6 price_list_id=9665 price_name=јстана Ч “ќќ “ест ћедикал Ч aiman.imanbaeva1975@mail.ru items_count=224 real_items_count_from_db=224 visible=true hidden_reason=
2026-07-27 23:03:06,916 [INFO] [PRICE_LIST_ASSIGNMENT_DEBUG] source_type=vidman account_id=1 price_list_id=10925 price_name=јстана Ч »ѕ  азимирова ј.Ќ. (ћедћаг) Ч Zhadi-90@mail.ru items_count=152 real_items_count_from_db=152 visible=true hidden_reason=
2026-07-27 23:03:06,916 [INFO] [PRICE_LIST_ASSIGNMENT_DEBUG] source_type=vidman account_id=6 price_list_id=10925 price_name=јстана Ч »ѕ  азимирова ј.Ќ. (ћедћаг) Ч aiman.imanbaeva1975@mail.ru items_count=152 real_items_count_from_db=152 visible=true hidden_reason=
2026-07-27 23:03:06,916 [INFO] [PRICE_LIST_ASSIGNMENT_DEBUG] source_type=vidman account_id=2 price_list_id=8911 price_name=јлматы Ч “ќќ Rosana.kz Ч dovulbaevaamangul@gmail.com items_count=374 real_items_count_from_db=374 visible=true hidden_reason=
2026-07-27 23:03:06,916 [INFO] [PRICE_LIST_ASSIGNMENT_DEBUG] source_type=vidman account_id=1 price_list_id=8911 price_name=јлматы Ч “ќќ Rosana.kz Ч Zhadi-90@mail.ru items_count=374 real_items_count_from_db=374 visible=true hidden_reason=
2026-07-27 23:03:06,916 [INFO] [PRICE_LIST_ASSIGNMENT_DEBUG] source_type=vidman account_id=6 price_list_id=8911 price_name=јлматы Ч “ќќ Rosana.kz Ч aiman.imanbaeva1975@mail.ru items_count=374 real_items_count_from_db=374 visible=true hidden_reason=
2026-07-27 23:03:06,916 [INFO] [PRICE_LIST_ASSIGNMENT_DEBUG] source_type=vidman account_id=1 price_list_id=11194 price_name= останай Ч “ќќ елешек ‘армаци€ Ч Zhadi-90@mail.ru items_count=4 real_items_count_from_db=4 visible=true hidden_reason=
2026-07-27 23:03:06,916 [INFO] [PRICE_LIST_ASSIGNMENT_DEBUG] source_type=vidman account_id=6 price_list_id=11194 price_name= останай Ч “ќќ елешек ‘армаци€ Ч aiman.imanbaeva1975@mail.ru items_count=4 real_items_count_from_db=4 visible=true hidden_reason=
2026-07-27 23:03:06,916 [INFO] [PRICE_LIST_ASSIGNMENT_DEBUG] source_type=vidman account_id=2 price_list_id=11607 price_name=јстана Ч “ќќ Kazbiotech Ч dovulbaevaamangul@gmail.com items_count=12 real_items_count_from_db=12 visible=true hidden_reason=
2026-07-27 23:03:06,916 [INFO] [PRICE_LIST_ASSIGNMENT_DEBUG] source_type=vidman account_id=1 price_list_id=11607 price_name=јстана Ч “ќќ Kazbiotech Ч Zhadi-90@mail.ru items_count=12 real_items_count_from_db=12 visible=true hidden_reason=
2026-07-27 23:03:06,916 [INFO] [PRICE_LIST_ASSIGNMENT_DEBUG] source_type=vidman account_id=6 price_list_id=11607 price_name=јстана Ч “ќќ Kazbiotech Ч aiman.imanbaeva1975@mail.ru items_count=12 real_items_count_from_db=12 visible=true hidden_reason=
2026-07-27 23:03:06,916 [INFO] [PRICE_LIST_ASSIGNMENT_DEBUG] source_type=vidman account_id=6 price_list_id=8394 price_name=Ўымкент Ч “ќќ ‘ј–ћј“ Ч aiman.imanbaeva1975@mail.ru items_count=2768 real_items_count_from_db=2768 visible=true hidden_reason=
2026-07-27 23:03:06,916 [INFO] [PRICE_LIST_ASSIGNMENT_DEBUG] source_type=vidman account_id=6 price_list_id=10298 price_name=Ўымкент Ч Belasar Pharmacy Ч aiman.imanbaeva1975@mail.ru items_count=3189 real_items_count_from_db=3189 visible=true hidden_reason=
2026-07-27 23:03:06,917 [INFO] [PRICE_LIST_ASSIGNMENT_DEBUG] source_type=vidman account_id=1 price_list_id=1212 price_name=јктобе Ч «ерде јктобе Ч Zhadi-90@mail.ru items_count=2098 real_items_count_from_db=2098 visible=true hidden_reason=
2026-07-27 23:03:06,917 [INFO] [PRICE_LIST_ASSIGNMENT_DEBUG] source_type=vidman account_id=1 price_list_id=391 price_name=јлматы Ч «ерде јлматы Ч Zhadi-90@mail.ru items_count=2183 real_items_count_from_db=2183 visible=true hidden_reason=
2026-07-27 23:03:06,917 [INFO] [PRICE_LIST_ASSIGNMENT_DEBUG] source_type=vidman account_id=1 price_list_id=175 price_name=јктау Ч ћедсервис ѕлюс јктау Ч Zhadi-90@mail.ru items_count=4763 real_items_count_from_db=4763 visible=true hidden_reason=
2026-07-27 23:03:06,917 [INFO] [PRICE_LIST_ASSIGNMENT_DEBUG] source_type=vidman account_id=6 price_list_id=388 price_name=јлматы Ч “ур—ад Ч aiman.imanbaeva1975@mail.ru items_count=1328 real_items_count_from_db=1328 visible=true hidden_reason=
2026-07-27 23:03:06,917 [INFO] [PRICE_LIST_ASSIGNMENT_DEBUG] source_type=vidman account_id=1 price_list_id=9352 price_name=јктау Ч »нкар јктау Ч Zhadi-90@mail.ru items_count=2347 real_items_count_from_db=2347 visible=true hidden_reason=
2026-07-27 23:03:06,917 [INFO] [PRICE_LIST_ASSIGNMENT_DEBUG] source_type=vidman account_id=6 price_list_id=9352 price_name=јктау Ч »нкар јктау Ч aiman.imanbaeva1975@mail.ru items_count=2347 real_items_count_from_db=2347 visible=true hidden_reason=
2026-07-27 23:03:06,917 [INFO] [PRICE_LIST_ASSIGNMENT_DEBUG] source_type=vidman account_id=1 price_list_id=390 price_name=јлматы Ч —адыхан премиум Ч Zhadi-90@mail.ru items_count=3704 real_items_count_from_db=3704 visible=true hidden_reason=
2026-07-27 23:03:06,917 [INFO] [PRICE_LIST_ASSIGNMENT_DEBUG] source_type=vidman account_id=6 price_list_id=5648 price_name=јктобе Ч Dosfarm јктобе Ч aiman.imanbaeva1975@mail.ru items_count=130 real_items_count_from_db=130 visible=true hidden_reason=
2026-07-27 23:03:06,917 [INFO] [PRICE_LIST_ASSIGNMENT_DEBUG] source_type=vidman account_id=1 price_list_id=4237 price_name=јктобе Ч –ј”«ј-јƒ≈ ‘»ЋЋ»јЋ ¬ √ ј “ќЅ≈ Ч Zhadi-90@mail.ru items_count=2100 real_items_count_from_db=2100 visible=true hidden_reason=
2026-07-27 23:03:06,917 [INFO] [PRICE_LIST_ASSIGNMENT_DEBUG] source_type=vidman account_id=6 price_list_id=4237 price_name=јктобе Ч –ј”«ј-јƒ≈ ‘»ЋЋ»јЋ ¬ √ ј “ќЅ≈ Ч aiman.imanbaeva1975@mail.ru items_count=2100 real_items_count_from_db=2100 visible=true hidden_reason=
2026-07-27 23:03:06,917 [INFO] [PRICE_LIST_ASSIGNMENT_DEBUG] source_type=vidman account_id=1 price_list_id=11591 price_name=јктау Ч Ёмити »нтернешнл јктау Ч Zhadi-90@mail.ru items_count=4298 real_items_count_from_db=4298 visible=true hidden_reason=
2026-07-27 23:03:06,917 [INFO] [PRICE_LIST_ASSIGNMENT_DEBUG] source_type=vidman account_id=2 price_list_id=1212 price_name=јктобе Ч «ерде јктобе Ч dovulbaevaamangul@gmail.com items_count=2098 real_items_count_from_db=2098 visible=true hidden_reason=
2026-07-27 23:03:06,917 [INFO] [PRICE_LIST_ASSIGNMENT_DEBUG] source_type=vidman account_id=2 price_list_id=5927 price_name=јктау Ч —тофарм јктау Ч dovulbaevaamangul@gmail.com items_count=2293 real_items_count_from_db=2293 visible=true hidden_reason=
2026-07-27 23:03:06,917 [INFO] [PRICE_LIST_ASSIGNMENT_DEBUG] source_type=vidman account_id=6 price_list_id=10364 price_name=јктау Ч »нкар јктау Ч aiman.imanbaeva1975@mail.ru items_count=2359 real_items_count_from_db=2359 visible=true hidden_reason=
2026-07-27 23:03:06,918 [INFO] [PRICE_LIST_ASSIGNMENT_DEBUG] source_type=vidman account_id=2 price_list_id=10364 price_name=јктау Ч »нкар јктау Ч dovulbaevaamangul@gmail.com items_count=2359 real_items_count_from_db=2359 visible=true hidden_reason=
2026-07-27 23:03:06,918 [INFO] [PRICE_LIST_ASSIGNMENT_DEBUG] source_type=vidman account_id=6 price_list_id=10427 price_name=јктау Ч »нкар јктау Ч aiman.imanbaeva1975@mail.ru items_count=2359 real_items_count_from_db=2359 visible=true hidden_reason=
2026-07-27 23:03:06,918 [INFO] [PRICE_LIST_ASSIGNMENT_DEBUG] source_type=vidman account_id=2 price_list_id=4237 price_name=јктобе Ч –ј”«ј-јƒ≈ ‘»ЋЋ»јЋ ¬ √ ј “ќЅ≈ Ч dovulbaevaamangul@gmail.com items_count=2100 real_items_count_from_db=2100 visible=true hidden_reason=
2026-07-27 23:03:06,918 [INFO] [PRICE_LIST_ASSIGNMENT_DEBUG] source_type=vidman account_id=1 price_list_id=247 price_name=јктобе Ч јманат јктобе Ч Zhadi-90@mail.ru items_count=4618 real_items_count_from_db=4618 visible=true hidden_reason=
2026-07-27 23:03:06,918 [INFO] [PRICE_LIST_ASSIGNMENT_DEBUG] source_type=vidman account_id=6 price_list_id=11591 price_name=јктау Ч Ёмити »нтернешнл јктау Ч aiman.imanbaeva1975@mail.ru items_count=4298 real_items_count_from_db=4298 visible=true hidden_reason=
INFO:     127.0.0.1:65370 - "GET /api/competitors/price-lists?format_code=TEST_01 HTTP/1.1" 200 OK
INFO:     127.0.0.1:65373 - "GET /api/competitors/percentiles?format_code=TEST_01&percentile_source=competitor HTTP/1.1" 200 OK
INFO:     127.0.0.1:65375 - "GET /api/price-formats/TEST_01/competitor-assignments HTTP/1.1" 200 OK
INFO:     127.0.0.1:65379 - "GET /api/price-formats/TEST_01/competitor-assignments?include_summary=1 HTTP/1.1" 200 OK
INFO:     127.0.0.1:65398 - "GET /api/price-lists/latest?format_code=TEST_01 HTTP/1.1" 200 OK
INFO:     127.0.0.1:65397 - "GET /api/price-formats/TEST_01/settings HTTP/1.1" 200 OK
INFO:     127.0.0.1:65404 - "GET /api/price-lists/latest?format_code=%D0%98%D0%9F%D0%9B_01_002 HTTP/1.1" 200 OK
INFO:     127.0.0.1:65402 - "GET /api/price-formats/%D0%98%D0%9F%D0%9B_01_002/settings HTTP/1.1" 200 OK
INFO:     127.0.0.1:65391 - "GET /api/competitors/percentiles?format_code=TEST_01&percentile_source=competitor HTTP/1.1" 200 OK
2026-07-27 23:03:06,980 [INFO] [PRICE_LIST_ASSIGNMENT_DEBUG] source_type=vidman account_id=1 price_list_id=1478 price_name=јлматы Ч ¬»¬ј ‘арм Ч Zhadi-90@mail.ru items_count=85 real_items_count_from_db=85 visible=true hidden_reason=
2026-07-27 23:03:06,981 [INFO] [PRICE_LIST_ASSIGNMENT_DEBUG] source_type=provisor account_id=4 price_list_id=8322 price_name=јтамирас “ќќ (ATAMIRAS.S “ќќ јлматы) Ч јтамирас “ќќ (ATAMIRAS.S “ќќ јлматы) Ч Aksai4/83 items_count=3767 real_items_count_from_db=3767 visible=true hidden_reason=
2026-07-27 23:03:06,981 [INFO] [PRICE_LIST_ASSIGNMENT_DEBUG] source_type=provisor account_id=3 price_list_id=1417 price_name=«ерде “ќќ Ќѕќ (јктау) Ч «ерде “ќќ Ќѕќ (јктау) Ч ∆асулан-‘арм items_count=2408 real_items_count_from_db=2408 visible=true hidden_reason=
2026-07-27 23:03:06,981 [INFO] [PRICE_LIST_ASSIGNMENT_DEBUG] source_type=provisor account_id=4 price_list_id=1392 price_name=ћедсервис (јтырау) Ч ћедсервис (јтырау) Ч Aksai4/83 items_count=5935 real_items_count_from_db=5935 visible=true hidden_reason=
2026-07-27 23:03:06,982 [INFO] [PRICE_LIST_ASSIGNMENT_DEBUG] source_type=provisor account_id=4 price_list_id=1397 price_name=«ерде “ќќ Ќѕќ (јлматы) Ч «ерде “ќќ Ќѕќ (јлматы) Ч Aksai4/83 items_count=2235 real_items_count_from_db=2235 visible=true hidden_reason=
2026-07-27 23:03:06,982 [INFO] [PRICE_LIST_ASSIGNMENT_DEBUG] source_type=provisor account_id=3 price_list_id=1418 price_name=јк-Ќиет (јктау) Ч јк-Ќиет (јктау) Ч ∆асулан-‘арм items_count=2 real_items_count_from_db=2 visible=true hidden_reason=
2026-07-27 23:03:06,982 [INFO] [PRICE_LIST_ASSIGNMENT_DEBUG] source_type=provisor account_id=4 price_list_id=1145 price_name=јтамирас “ќќ (ATAMIRAS.S “ќќ Ўымкент) Ч јтамирас “ќќ (ATAMIRAS.S “ќќ Ўымкент) Ч Aksai4/83 items_count=4208 real_items_count_from_db=4208 visible=true hidden_reason=
2026-07-27 23:03:06,983 [INFO] [PRICE_LIST_ASSIGNMENT_DEBUG] source_type=provisor account_id=4 price_list_id=158 price_name=ћедсервис ( ызылорда) Ч ћедсервис ( ызылорда) Ч Aksai4/83 items_count=5977 real_items_count_from_db=5977 visible=true hidden_reason=
2026-07-27 23:03:06,983 [INFO] [PRICE_LIST_ASSIGNMENT_DEBUG] source_type=provisor account_id=3 price_list_id=159 price_name=ћедсервис (јктау) Ч ћедсервис (јктау) Ч ∆асулан-‘арм items_count=4948 real_items_count_from_db=4948 visible=true hidden_reason=
2026-07-27 23:03:06,983 [INFO] [PRICE_LIST_ASSIGNMENT_DEBUG] source_type=provisor account_id=4 price_list_id=155 price_name=ћедсервис (ѕавлодар) Ч ћедсервис (ѕавлодар) Ч Aksai4/83 items_count=5414 real_items_count_from_db=5414 visible=true hidden_reason=
2026-07-27 23:03:06,983 [INFO] [PRICE_LIST_ASSIGNMENT_DEBUG] source_type=provisor account_id=4 price_list_id=128 price_name=»нкар (јлматы) Ч »нкар (јлматы) Ч Aksai4/83 items_count=2773 real_items_count_from_db=2773 visible=true hidden_reason=
2026-07-27 23:03:06,983 [INFO] [PRICE_LIST_ASSIGNMENT_DEBUG] source_type=provisor account_id=4 price_list_id=1075 price_name=јманат (јлматы) Ч јманат (јлматы) Ч Aksai4/83 items_count=5183 real_items_count_from_db=5183 visible=true hidden_reason=
2026-07-27 23:03:06,983 [INFO] [PRICE_LIST_ASSIGNMENT_DEBUG] source_type=provisor account_id=3 price_list_id=302 price_name=јманат (јктау) Ч јманат (јктау) Ч ∆асулан-‘арм items_count=4454 real_items_count_from_db=4454 visible=true hidden_reason=
2026-07-27 23:03:06,983 [INFO] [PRICE_LIST_ASSIGNMENT_DEBUG] source_type=provisor account_id=3 price_list_id=8067 price_name=¬ива ‘арм “ќќ(јктау) Ч ¬ива ‘арм “ќќ(јктау) Ч ∆асулан-‘арм items_count=37 real_items_count_from_db=37 visible=true hidden_reason=
2026-07-27 23:03:06,983 [INFO] [PRICE_LIST_ASSIGNMENT_DEBUG] source_type=provisor account_id=3 price_list_id=8781 price_name=“ќќ јЋ јзи€ (јктау) Ч “ќќ јЋ јзи€ (јктау) Ч ∆асулан-‘арм items_count=1 real_items_count_from_db=1 visible=true hidden_reason=
2026-07-27 23:03:06,984 [INFO] [PRICE_LIST_ASSIGNMENT_DEBUG] source_type=provisor account_id=3 price_list_id=8358 price_name=—тофарм средн€€ цена (јктау) Ч —тофарм средн€€ цена (јктау) Ч ∆асулан-‘арм items_count=2385 real_items_count_from_db=2385 visible=true hidden_reason=
2026-07-27 23:03:06,984 [INFO] [PRICE_LIST_ASSIGNMENT_DEBUG] source_type=vidman account_id=2 price_list_id=9665 price_name=јстана Ч “ќќ “ест ћедикал Ч dovulbaevaamangul@gmail.com items_count=224 real_items_count_from_db=224 visible=true hidden_reason=
2026-07-27 23:03:06,984 [INFO] [PRICE_LIST_ASSIGNMENT_DEBUG] source_type=vidman account_id=6 price_list_id=9665 price_name=јстана Ч “ќќ “ест ћедикал Ч aiman.imanbaeva1975@mail.ru items_count=224 real_items_count_from_db=224 visible=true hidden_reason=
2026-07-27 23:03:06,984 [INFO] [PRICE_LIST_ASSIGNMENT_DEBUG] source_type=vidman account_id=1 price_list_id=10925 price_name=јстана Ч »ѕ  азимирова ј.Ќ. (ћедћаг) Ч Zhadi-90@mail.ru items_count=152 real_items_count_from_db=152 visible=true hidden_reason=
2026-07-27 23:03:06,984 [INFO] [PRICE_LIST_ASSIGNMENT_DEBUG] source_type=vidman account_id=6 price_list_id=10925 price_name=јстана Ч »ѕ  азимирова ј.Ќ. (ћедћаг) Ч aiman.imanbaeva1975@mail.ru items_count=152 real_items_count_from_db=152 visible=true hidden_reason=
2026-07-27 23:03:06,985 [INFO] [PRICE_LIST_ASSIGNMENT_DEBUG] source_type=vidman account_id=2 price_list_id=8911 price_name=јлматы Ч “ќќ Rosana.kz Ч dovulbaevaamangul@gmail.com items_count=374 real_items_count_from_db=374 visible=true hidden_reason=
2026-07-27 23:03:06,986 [INFO] [PRICE_LIST_ASSIGNMENT_DEBUG] source_type=vidman account_id=1 price_list_id=8911 price_name=јлматы Ч “ќќ Rosana.kz Ч Zhadi-90@mail.ru items_count=374 real_items_count_from_db=374 visible=true hidden_reason=
2026-07-27 23:03:06,986 [INFO] [PRICE_LIST_ASSIGNMENT_DEBUG] source_type=vidman account_id=6 price_list_id=8911 price_name=јлматы Ч “ќќ Rosana.kz Ч aiman.imanbaeva1975@mail.ru items_count=374 real_items_count_from_db=374 visible=true hidden_reason=
2026-07-27 23:03:06,986 [INFO] [PRICE_LIST_ASSIGNMENT_DEBUG] source_type=vidman account_id=1 price_list_id=11194 price_name= останай Ч “ќќ елешек ‘армаци€ Ч Zhadi-90@mail.ru items_count=4 real_items_count_from_db=4 visible=true hidden_reason=
2026-07-27 23:03:06,986 [INFO] [PRICE_LIST_ASSIGNMENT_DEBUG] source_type=vidman account_id=6 price_list_id=11194 price_name= останай Ч “ќќ елешек ‘армаци€ Ч aiman.imanbaeva1975@mail.ru items_count=4 real_items_count_from_db=4 visible=true hidden_reason=
2026-07-27 23:03:06,986 [INFO] [PRICE_LIST_ASSIGNMENT_DEBUG] source_type=vidman account_id=2 price_list_id=11607 price_name=јстана Ч “ќќ Kazbiotech Ч dovulbaevaamangul@gmail.com items_count=12 real_items_count_from_db=12 visible=true hidden_reason=
2026-07-27 23:03:06,986 [INFO] [PRICE_LIST_ASSIGNMENT_DEBUG] source_type=vidman account_id=1 price_list_id=11607 price_name=јстана Ч “ќќ Kazbiotech Ч Zhadi-90@mail.ru items_count=12 real_items_count_from_db=12 visible=true hidden_reason=
2026-07-27 23:03:06,986 [INFO] [PRICE_LIST_ASSIGNMENT_DEBUG] source_type=vidman account_id=6 price_list_id=11607 price_name=јстана Ч “ќќ Kazbiotech Ч aiman.imanbaeva1975@mail.ru items_count=12 real_items_count_from_db=12 visible=true hidden_reason=
2026-07-27 23:03:06,986 [INFO] [PRICE_LIST_ASSIGNMENT_DEBUG] source_type=vidman account_id=6 price_list_id=8394 price_name=Ўымкент Ч “ќќ ‘ј–ћј“ Ч aiman.imanbaeva1975@mail.ru items_count=2768 real_items_count_from_db=2768 visible=true hidden_reason=
2026-07-27 23:03:06,986 [INFO] [PRICE_LIST_ASSIGNMENT_DEBUG] source_type=vidman account_id=6 price_list_id=10298 price_name=Ўымкент Ч Belasar Pharmacy Ч aiman.imanbaeva1975@mail.ru items_count=3189 real_items_count_from_db=3189 visible=true hidden_reason=
2026-07-27 23:03:06,986 [INFO] [PRICE_LIST_ASSIGNMENT_DEBUG] source_type=vidman account_id=1 price_list_id=1212 price_name=јктобе Ч «ерде јктобе Ч Zhadi-90@mail.ru items_count=2098 real_items_count_from_db=2098 visible=true hidden_reason=
2026-07-27 23:03:06,986 [INFO] [PRICE_LIST_ASSIGNMENT_DEBUG] source_type=vidman account_id=1 price_list_id=391 price_name=јлматы Ч «ерде јлматы Ч Zhadi-90@mail.ru items_count=2183 real_items_count_from_db=2183 visible=true hidden_reason=
INFO:     127.0.0.1:65406 - "GET /api/price-formats/%D0%98%D0%9F%D0%9B_01_002/competitor-assignments?include_summary=1 HTTP/1.1" 200 OK
2026-07-27 23:03:06,986 [INFO] [PRICE_LIST_ASSIGNMENT_DEBUG] source_type=vidman account_id=1 price_list_id=175 price_name=јктау Ч ћедсервис ѕлюс јктау Ч Zhadi-90@mail.ru items_count=4763 real_items_count_from_db=4763 visible=true hidden_reason=
2026-07-27 23:03:06,986 [INFO] [PRICE_LIST_ASSIGNMENT_DEBUG] source_type=vidman account_id=6 price_list_id=388 price_name=јлматы Ч “ур—ад Ч aiman.imanbaeva1975@mail.ru items_count=1328 real_items_count_from_db=1328 visible=true hidden_reason=
2026-07-27 23:03:06,986 [INFO] [PRICE_LIST_ASSIGNMENT_DEBUG] source_type=vidman account_id=1 price_list_id=9352 price_name=јктау Ч »нкар јктау Ч Zhadi-90@mail.ru items_count=2347 real_items_count_from_db=2347 visible=true hidden_reason=
2026-07-27 23:03:06,986 [INFO] [PRICE_LIST_ASSIGNMENT_DEBUG] source_type=vidman account_id=6 price_list_id=9352 price_name=јктау Ч »нкар јктау Ч aiman.imanbaeva1975@mail.ru items_count=2347 real_items_count_from_db=2347 visible=true hidden_reason=
2026-07-27 23:03:06,986 [INFO] [PRICE_LIST_ASSIGNMENT_DEBUG] source_type=vidman account_id=1 price_list_id=390 price_name=јлматы Ч —адыхан премиум Ч Zhadi-90@mail.ru items_count=3704 real_items_count_from_db=3704 visible=true hidden_reason=
2026-07-27 23:03:06,986 [INFO] [PRICE_LIST_ASSIGNMENT_DEBUG] source_type=vidman account_id=6 price_list_id=5648 price_name=јктобе Ч Dosfarm јктобе Ч aiman.imanbaeva1975@mail.ru items_count=130 real_items_count_from_db=130 visible=true hidden_reason=
2026-07-27 23:03:06,987 [INFO] [PRICE_LIST_ASSIGNMENT_DEBUG] source_type=vidman account_id=1 price_list_id=4237 price_name=јктобе Ч –ј”«ј-јƒ≈ ‘»ЋЋ»јЋ ¬ √ ј “ќЅ≈ Ч Zhadi-90@mail.ru items_count=2100 real_items_count_from_db=2100 visible=true hidden_reason=
2026-07-27 23:03:06,987 [INFO] [PRICE_LIST_ASSIGNMENT_DEBUG] source_type=vidman account_id=6 price_list_id=4237 price_name=јктобе Ч –ј”«ј-јƒ≈ ‘»ЋЋ»јЋ ¬ √ ј “ќЅ≈ Ч aiman.imanbaeva1975@mail.ru items_count=2100 real_items_count_from_db=2100 visible=true hidden_reason=
2026-07-27 23:03:06,987 [INFO] [PRICE_LIST_ASSIGNMENT_DEBUG] source_type=vidman account_id=1 price_list_id=11591 price_name=јктау Ч Ёмити »нтернешнл јктау Ч Zhadi-90@mail.ru items_count=4298 real_items_count_from_db=4298 visible=true hidden_reason=
2026-07-27 23:03:06,987 [INFO] [PRICE_LIST_ASSIGNMENT_DEBUG] source_type=vidman account_id=2 price_list_id=1212 price_name=јктобе Ч «ерде јктобе Ч dovulbaevaamangul@gmail.com items_count=2098 real_items_count_from_db=2098 visible=true hidden_reason=
2026-07-27 23:03:06,987 [INFO] [PRICE_LIST_ASSIGNMENT_DEBUG] source_type=vidman account_id=2 price_list_id=5927 price_name=јктау Ч —тофарм јктау Ч dovulbaevaamangul@gmail.com items_count=2293 real_items_count_from_db=2293 visible=true hidden_reason=
2026-07-27 23:03:06,987 [INFO] [PRICE_LIST_ASSIGNMENT_DEBUG] source_type=vidman account_id=6 price_list_id=10364 price_name=јктау Ч »нкар јктау Ч aiman.imanbaeva1975@mail.ru items_count=2359 real_items_count_from_db=2359 visible=true hidden_reason=
2026-07-27 23:03:06,987 [INFO] [PRICE_LIST_ASSIGNMENT_DEBUG] source_type=vidman account_id=2 price_list_id=10364 price_name=јктау Ч »нкар јктау Ч dovulbaevaamangul@gmail.com items_count=2359 real_items_count_from_db=2359 visible=true hidden_reason=
2026-07-27 23:03:06,987 [INFO] [PRICE_LIST_ASSIGNMENT_DEBUG] source_type=vidman account_id=6 price_list_id=10427 price_name=јктау Ч »нкар јктау Ч aiman.imanbaeva1975@mail.ru items_count=2359 real_items_count_from_db=2359 visible=true hidden_reason=
2026-07-27 23:03:06,987 [INFO] [PRICE_LIST_ASSIGNMENT_DEBUG] source_type=vidman account_id=2 price_list_id=4237 price_name=јктобе Ч –ј”«ј-јƒ≈ ‘»ЋЋ»јЋ ¬ √ ј “ќЅ≈ Ч dovulbaevaamangul@gmail.com items_count=2100 real_items_count_from_db=2100 visible=true hidden_reason=
2026-07-27 23:03:06,987 [INFO] [PRICE_LIST_ASSIGNMENT_DEBUG] source_type=vidman account_id=1 price_list_id=247 price_name=јктобе Ч јманат јктобе Ч Zhadi-90@mail.ru items_count=4618 real_items_count_from_db=4618 visible=true hidden_reason=
2026-07-27 23:03:06,987 [INFO] [PRICE_LIST_ASSIGNMENT_DEBUG] source_type=vidman account_id=6 price_list_id=11591 price_name=јктау Ч Ёмити »нтернешнл јктау Ч aiman.imanbaeva1975@mail.ru items_count=4298 real_items_count_from_db=4298 visible=true hidden_reason=
INFO:     127.0.0.1:65387 - "GET /api/competitors/price-lists?format_code=TEST_01 HTTP/1.1" 200 OK
INFO:     127.0.0.1:65393 - "GET /api/price-formats/TEST_01/competitor-assignments HTTP/1.1" 200 OK
INFO:     127.0.0.1:65400 - "GET /api/price-formats/TEST_01/competitor-assignments?include_summary=1 HTTP/1.1" 200 OK
INFO:     127.0.0.1:57900 - "GET /api/competitors/percentiles?format_code=TEST_01&percentile_source=emit HTTP/1.1" 200 OK
INFO:     127.0.0.1:57905 - "GET /api/price-formats/TEST_01/settings HTTP/1.1" 200 OK
INFO:     127.0.0.1:57906 - "GET /api/price-lists/latest?format_code=TEST_01 HTTP/1.1" 200 OK
INFO:     127.0.0.1:57910 - "GET /api/price-formats/%D0%98%D0%9F%D0%9B_01_002/settings HTTP/1.1" 200 OK
INFO:     127.0.0.1:57912 - "GET /api/price-lists/latest?format_code=%D0%98%D0%9F%D0%9B_01_002 HTTP/1.1" 200 OK
INFO:     127.0.0.1:57914 - "GET /api/price-formats/%D0%98%D0%9F%D0%9B_01_002/competitor-assignments?include_summary=1 HTTP/1.1" 200 OK
2026-07-27 23:14:06,319 [INFO] [PRICE_LIST_ASSIGNMENT_DEBUG] source_type=vidman account_id=1 price_list_id=1478 price_name=јлматы Ч ¬»¬ј ‘арм Ч Zhadi-90@mail.ru items_count=85 real_items_count_from_db=85 visible=true hidden_reason=
2026-07-27 23:14:06,319 [INFO] [PRICE_LIST_ASSIGNMENT_DEBUG] source_type=provisor account_id=4 price_list_id=8322 price_name=јтамирас “ќќ (ATAMIRAS.S “ќќ јлматы) Ч јтамирас “ќќ (ATAMIRAS.S “ќќ јлматы) Ч Aksai4/83 items_count=3767 real_items_count_from_db=3767 visible=true hidden_reason=
2026-07-27 23:14:06,319 [INFO] [PRICE_LIST_ASSIGNMENT_DEBUG] source_type=provisor account_id=3 price_list_id=1417 price_name=«ерде “ќќ Ќѕќ (јктау) Ч «ерде “ќќ Ќѕќ (јктау) Ч ∆асулан-‘арм items_count=2408 real_items_count_from_db=2408 visible=true hidden_reason=
2026-07-27 23:14:06,319 [INFO] [PRICE_LIST_ASSIGNMENT_DEBUG] source_type=provisor account_id=4 price_list_id=1392 price_name=ћедсервис (јтырау) Ч ћедсервис (јтырау) Ч Aksai4/83 items_count=5935 real_items_count_from_db=5935 visible=true hidden_reason=
2026-07-27 23:14:06,319 [INFO] [PRICE_LIST_ASSIGNMENT_DEBUG] source_type=provisor account_id=4 price_list_id=1397 price_name=«ерде “ќќ Ќѕќ (јлматы) Ч «ерде “ќќ Ќѕќ (јлматы) Ч Aksai4/83 items_count=2235 real_items_count_from_db=2235 visible=true hidden_reason=
2026-07-27 23:14:06,319 [INFO] [PRICE_LIST_ASSIGNMENT_DEBUG] source_type=provisor account_id=3 price_list_id=1418 price_name=јк-Ќиет (јктау) Ч јк-Ќиет (јктау) Ч ∆асулан-‘арм items_count=2 real_items_count_from_db=2 visible=true hidden_reason=
2026-07-27 23:14:06,319 [INFO] [PRICE_LIST_ASSIGNMENT_DEBUG] source_type=provisor account_id=4 price_list_id=1145 price_name=јтамирас “ќќ (ATAMIRAS.S “ќќ Ўымкент) Ч јтамирас “ќќ (ATAMIRAS.S “ќќ Ўымкент) Ч Aksai4/83 items_count=4208 real_items_count_from_db=4208 visible=true hidden_reason=
2026-07-27 23:14:06,319 [INFO] [PRICE_LIST_ASSIGNMENT_DEBUG] source_type=provisor account_id=4 price_list_id=158 price_name=ћедсервис ( ызылорда) Ч ћедсервис ( ызылорда) Ч Aksai4/83 items_count=5977 real_items_count_from_db=5977 visible=true hidden_reason=
2026-07-27 23:14:06,319 [INFO] [PRICE_LIST_ASSIGNMENT_DEBUG] source_type=provisor account_id=3 price_list_id=159 price_name=ћедсервис (јктау) Ч ћедсервис (јктау) Ч ∆асулан-‘арм items_count=4948 real_items_count_from_db=4948 visible=true hidden_reason=
2026-07-27 23:14:06,319 [INFO] [PRICE_LIST_ASSIGNMENT_DEBUG] source_type=provisor account_id=4 price_list_id=155 price_name=ћедсервис (ѕавлодар) Ч ћедсервис (ѕавлодар) Ч Aksai4/83 items_count=5414 real_items_count_from_db=5414 visible=true hidden_reason=
2026-07-27 23:14:06,319 [INFO] [PRICE_LIST_ASSIGNMENT_DEBUG] source_type=provisor account_id=4 price_list_id=128 price_name=»нкар (јлматы) Ч »нкар (јлматы) Ч Aksai4/83 items_count=2773 real_items_count_from_db=2773 visible=true hidden_reason=
2026-07-27 23:14:06,319 [INFO] [PRICE_LIST_ASSIGNMENT_DEBUG] source_type=provisor account_id=4 price_list_id=1075 price_name=јманат (јлматы) Ч јманат (јлматы) Ч Aksai4/83 items_count=5183 real_items_count_from_db=5183 visible=true hidden_reason=
2026-07-27 23:14:06,319 [INFO] [PRICE_LIST_ASSIGNMENT_DEBUG] source_type=provisor account_id=3 price_list_id=302 price_name=јманат (јктау) Ч јманат (јктау) Ч ∆асулан-‘арм items_count=4454 real_items_count_from_db=4454 visible=true hidden_reason=
2026-07-27 23:14:06,319 [INFO] [PRICE_LIST_ASSIGNMENT_DEBUG] source_type=provisor account_id=3 price_list_id=8067 price_name=¬ива ‘арм “ќќ(јктау) Ч ¬ива ‘арм “ќќ(јктау) Ч ∆асулан-‘арм items_count=37 real_items_count_from_db=37 visible=true hidden_reason=
2026-07-27 23:14:06,319 [INFO] [PRICE_LIST_ASSIGNMENT_DEBUG] source_type=provisor account_id=3 price_list_id=8781 price_name=“ќќ јЋ јзи€ (јктау) Ч “ќќ јЋ јзи€ (јктау) Ч ∆асулан-‘арм items_count=1 real_items_count_from_db=1 visible=true hidden_reason=
2026-07-27 23:14:06,319 [INFO] [PRICE_LIST_ASSIGNMENT_DEBUG] source_type=provisor account_id=3 price_list_id=8358 price_name=—тофарм средн€€ цена (јктау) Ч —тофарм средн€€ цена (јктау) Ч ∆асулан-‘арм items_count=2385 real_items_count_from_db=2385 visible=true hidden_reason=
2026-07-27 23:14:06,320 [INFO] [PRICE_LIST_ASSIGNMENT_DEBUG] source_type=vidman account_id=2 price_list_id=9665 price_name=јстана Ч “ќќ “ест ћедикал Ч dovulbaevaamangul@gmail.com items_count=224 real_items_count_from_db=224 visible=true hidden_reason=
2026-07-27 23:14:06,320 [INFO] [PRICE_LIST_ASSIGNMENT_DEBUG] source_type=vidman account_id=6 price_list_id=9665 price_name=јстана Ч “ќќ “ест ћедикал Ч aiman.imanbaeva1975@mail.ru items_count=224 real_items_count_from_db=224 visible=true hidden_reason=
2026-07-27 23:14:06,320 [INFO] [PRICE_LIST_ASSIGNMENT_DEBUG] source_type=vidman account_id=1 price_list_id=10925 price_name=јстана Ч »ѕ  азимирова ј.Ќ. (ћедћаг) Ч Zhadi-90@mail.ru items_count=152 real_items_count_from_db=152 visible=true hidden_reason=
2026-07-27 23:14:06,320 [INFO] [PRICE_LIST_ASSIGNMENT_DEBUG] source_type=vidman account_id=6 price_list_id=10925 price_name=јстана Ч »ѕ  азимирова ј.Ќ. (ћедћаг) Ч aiman.imanbaeva1975@mail.ru items_count=152 real_items_count_from_db=152 visible=true hidden_reason=
2026-07-27 23:14:06,320 [INFO] [PRICE_LIST_ASSIGNMENT_DEBUG] source_type=vidman account_id=2 price_list_id=8911 price_name=јлматы Ч “ќќ Rosana.kz Ч dovulbaevaamangul@gmail.com items_count=374 real_items_count_from_db=374 visible=true hidden_reason=
2026-07-27 23:14:06,320 [INFO] [PRICE_LIST_ASSIGNMENT_DEBUG] source_type=vidman account_id=1 price_list_id=8911 price_name=јлматы Ч “ќќ Rosana.kz Ч Zhadi-90@mail.ru items_count=374 real_items_count_from_db=374 visible=true hidden_reason=
2026-07-27 23:14:06,320 [INFO] [PRICE_LIST_ASSIGNMENT_DEBUG] source_type=vidman account_id=6 price_list_id=8911 price_name=јлматы Ч “ќќ Rosana.kz Ч aiman.imanbaeva1975@mail.ru items_count=374 real_items_count_from_db=374 visible=true hidden_reason=
2026-07-27 23:14:06,320 [INFO] [PRICE_LIST_ASSIGNMENT_DEBUG] source_type=vidman account_id=1 price_list_id=11194 price_name= останай Ч “ќќ елешек ‘армаци€ Ч Zhadi-90@mail.ru items_count=4 real_items_count_from_db=4 visible=true hidden_reason=
2026-07-27 23:14:06,320 [INFO] [PRICE_LIST_ASSIGNMENT_DEBUG] source_type=vidman account_id=6 price_list_id=11194 price_name= останай Ч “ќќ елешек ‘армаци€ Ч aiman.imanbaeva1975@mail.ru items_count=4 real_items_count_from_db=4 visible=true hidden_reason=
2026-07-27 23:14:06,320 [INFO] [PRICE_LIST_ASSIGNMENT_DEBUG] source_type=vidman account_id=2 price_list_id=11607 price_name=јстана Ч “ќќ Kazbiotech Ч dovulbaevaamangul@gmail.com items_count=12 real_items_count_from_db=12 visible=true hidden_reason=
2026-07-27 23:14:06,320 [INFO] [PRICE_LIST_ASSIGNMENT_DEBUG] source_type=vidman account_id=1 price_list_id=11607 price_name=јстана Ч “ќќ Kazbiotech Ч Zhadi-90@mail.ru items_count=12 real_items_count_from_db=12 visible=true hidden_reason=
2026-07-27 23:14:06,320 [INFO] [PRICE_LIST_ASSIGNMENT_DEBUG] source_type=vidman account_id=6 price_list_id=11607 price_name=јстана Ч “ќќ Kazbiotech Ч aiman.imanbaeva1975@mail.ru items_count=12 real_items_count_from_db=12 visible=true hidden_reason=
2026-07-27 23:14:06,320 [INFO] [PRICE_LIST_ASSIGNMENT_DEBUG] source_type=vidman account_id=6 price_list_id=8394 price_name=Ўымкент Ч “ќќ ‘ј–ћј“ Ч aiman.imanbaeva1975@mail.ru items_count=2768 real_items_count_from_db=2768 visible=true hidden_reason=
2026-07-27 23:14:06,320 [INFO] [PRICE_LIST_ASSIGNMENT_DEBUG] source_type=vidman account_id=6 price_list_id=10298 price_name=Ўымкент Ч Belasar Pharmacy Ч aiman.imanbaeva1975@mail.ru items_count=3189 real_items_count_from_db=3189 visible=true hidden_reason=
2026-07-27 23:14:06,320 [INFO] [PRICE_LIST_ASSIGNMENT_DEBUG] source_type=vidman account_id=1 price_list_id=1212 price_name=јктобе Ч «ерде јктобе Ч Zhadi-90@mail.ru items_count=2098 real_items_count_from_db=2098 visible=true hidden_reason=
2026-07-27 23:14:06,320 [INFO] [PRICE_LIST_ASSIGNMENT_DEBUG] source_type=vidman account_id=1 price_list_id=391 price_name=јлматы Ч «ерде јлматы Ч Zhadi-90@mail.ru items_count=2183 real_items_count_from_db=2183 visible=true hidden_reason=
2026-07-27 23:14:06,320 [INFO] [PRICE_LIST_ASSIGNMENT_DEBUG] source_type=vidman account_id=1 price_list_id=175 price_name=јктау Ч ћедсервис ѕлюс јктау Ч Zhadi-90@mail.ru items_count=4763 real_items_count_from_db=4763 visible=true hidden_reason=
2026-07-27 23:14:06,320 [INFO] [PRICE_LIST_ASSIGNMENT_DEBUG] source_type=vidman account_id=6 price_list_id=388 price_name=јлматы Ч “ур—ад Ч aiman.imanbaeva1975@mail.ru items_count=1328 real_items_count_from_db=1328 visible=true hidden_reason=
2026-07-27 23:14:06,320 [INFO] [PRICE_LIST_ASSIGNMENT_DEBUG] source_type=vidman account_id=1 price_list_id=9352 price_name=јктау Ч »нкар јктау Ч Zhadi-90@mail.ru items_count=2347 real_items_count_from_db=2347 visible=true hidden_reason=
2026-07-27 23:14:06,320 [INFO] [PRICE_LIST_ASSIGNMENT_DEBUG] source_type=vidman account_id=6 price_list_id=9352 price_name=јктау Ч »нкар јктау Ч aiman.imanbaeva1975@mail.ru items_count=2347 real_items_count_from_db=2347 visible=true hidden_reason=
2026-07-27 23:14:06,320 [INFO] [PRICE_LIST_ASSIGNMENT_DEBUG] source_type=vidman account_id=1 price_list_id=390 price_name=јлматы Ч —адыхан премиум Ч Zhadi-90@mail.ru items_count=3704 real_items_count_from_db=3704 visible=true hidden_reason=
2026-07-27 23:14:06,320 [INFO] [PRICE_LIST_ASSIGNMENT_DEBUG] source_type=vidman account_id=6 price_list_id=5648 price_name=јктобе Ч Dosfarm јктобе Ч aiman.imanbaeva1975@mail.ru items_count=130 real_items_count_from_db=130 visible=true hidden_reason=
2026-07-27 23:14:06,320 [INFO] [PRICE_LIST_ASSIGNMENT_DEBUG] source_type=vidman account_id=1 price_list_id=4237 price_name=јктобе Ч –ј”«ј-јƒ≈ ‘»ЋЋ»јЋ ¬ √ ј “ќЅ≈ Ч Zhadi-90@mail.ru items_count=2100 real_items_count_from_db=2100 visible=true hidden_reason=
2026-07-27 23:14:06,320 [INFO] [PRICE_LIST_ASSIGNMENT_DEBUG] source_type=vidman account_id=6 price_list_id=4237 price_name=јктобе Ч –ј”«ј-јƒ≈ ‘»ЋЋ»јЋ ¬ √ ј “ќЅ≈ Ч aiman.imanbaeva1975@mail.ru items_count=2100 real_items_count_from_db=2100 visible=true hidden_reason=
2026-07-27 23:14:06,320 [INFO] [PRICE_LIST_ASSIGNMENT_DEBUG] source_type=vidman account_id=1 price_list_id=11591 price_name=јктау Ч Ёмити »нтернешнл јктау Ч Zhadi-90@mail.ru items_count=4298 real_items_count_from_db=4298 visible=true hidden_reason=
2026-07-27 23:14:06,320 [INFO] [PRICE_LIST_ASSIGNMENT_DEBUG] source_type=vidman account_id=2 price_list_id=1212 price_name=јктобе Ч «ерде јктобе Ч dovulbaevaamangul@gmail.com items_count=2098 real_items_count_from_db=2098 visible=true hidden_reason=
2026-07-27 23:14:06,320 [INFO] [PRICE_LIST_ASSIGNMENT_DEBUG] source_type=vidman account_id=2 price_list_id=5927 price_name=јктау Ч —тофарм јктау Ч dovulbaevaamangul@gmail.com items_count=2293 real_items_count_from_db=2293 visible=true hidden_reason=
2026-07-27 23:14:06,320 [INFO] [PRICE_LIST_ASSIGNMENT_DEBUG] source_type=vidman account_id=6 price_list_id=10364 price_name=јктау Ч »нкар јктау Ч aiman.imanbaeva1975@mail.ru items_count=2359 real_items_count_from_db=2359 visible=true hidden_reason=
2026-07-27 23:14:06,320 [INFO] [PRICE_LIST_ASSIGNMENT_DEBUG] source_type=vidman account_id=2 price_list_id=10364 price_name=јктау Ч »нкар јктау Ч dovulbaevaamangul@gmail.com items_count=2359 real_items_count_from_db=2359 visible=true hidden_reason=
2026-07-27 23:14:06,320 [INFO] [PRICE_LIST_ASSIGNMENT_DEBUG] source_type=vidman account_id=6 price_list_id=10427 price_name=јктау Ч »нкар јктау Ч aiman.imanbaeva1975@mail.ru items_count=2359 real_items_count_from_db=2359 visible=true hidden_reason=
2026-07-27 23:14:06,320 [INFO] [PRICE_LIST_ASSIGNMENT_DEBUG] source_type=vidman account_id=2 price_list_id=4237 price_name=јктобе Ч –ј”«ј-јƒ≈ ‘»ЋЋ»јЋ ¬ √ ј “ќЅ≈ Ч dovulbaevaamangul@gmail.com items_count=2100 real_items_count_from_db=2100 visible=true hidden_reason=
2026-07-27 23:14:06,320 [INFO] [PRICE_LIST_ASSIGNMENT_DEBUG] source_type=vidman account_id=1 price_list_id=247 price_name=јктобе Ч јманат јктобе Ч Zhadi-90@mail.ru items_count=4618 real_items_count_from_db=4618 visible=true hidden_reason=
2026-07-27 23:14:06,321 [INFO] [PRICE_LIST_ASSIGNMENT_DEBUG] source_type=vidman account_id=6 price_list_id=11591 price_name=јктау Ч Ёмити »нтернешнл јктау Ч aiman.imanbaeva1975@mail.ru items_count=4298 real_items_count_from_db=4298 visible=true hidden_reason=
INFO:     127.0.0.1:57899 - "GET /api/competitors/price-lists?format_code=TEST_01 HTTP/1.1" 200 OK
INFO:     127.0.0.1:57904 - "GET /api/price-formats/TEST_01/competitor-assignments HTTP/1.1" 200 OK
INFO:     127.0.0.1:57902 - "GET /api/competitors/percentiles?format_code=TEST_01&percentile_source=competitor HTTP/1.1" 200 OK
INFO:     127.0.0.1:57908 - "GET /api/price-formats/TEST_01/competitor-assignments?include_summary=1 HTTP/1.1" 200 OK
INFO:     127.0.0.1:57933 - "GET /api/price-lists/latest?format_code=TEST_01 HTTP/1.1" 200 OK
INFO:     127.0.0.1:57927 - "GET /api/competitors/percentiles?format_code=TEST_01&percentile_source=emit HTTP/1.1" 200 OK
INFO:     127.0.0.1:57932 - "GET /api/price-formats/TEST_01/settings HTTP/1.1" 200 OK
INFO:     127.0.0.1:57939 - "GET /api/price-lists/latest?format_code=%D0%98%D0%9F%D0%9B_01_002 HTTP/1.1" 200 OK
INFO:     127.0.0.1:57937 - "GET /api/price-formats/%D0%98%D0%9F%D0%9B_01_002/settings HTTP/1.1" 200 OK
INFO:     127.0.0.1:57943 - "GET /api/price-lists/latest?format_code=TEST_01 HTTP/1.1" 200 OK
INFO:     127.0.0.1:57941 - "GET /api/price-formats/%D0%98%D0%9F%D0%9B_01_002/competitor-assignments?include_summary=1 HTTP/1.1" 200 OK
INFO:     127.0.0.1:57945 - "GET /api/competitors/percentiles?format_code=TEST_01&percentile_source=emit HTTP/1.1" 200 OK
INFO:     127.0.0.1:57947 - "GET /api/price-formats/TEST_01/settings HTTP/1.1" 200 OK
INFO:     127.0.0.1:57929 - "GET /api/competitors/percentiles?format_code=TEST_01&percentile_source=competitor HTTP/1.1" 200 OK
INFO:     127.0.0.1:57949 - "GET /api/price-lists/latest?format_code=%D0%98%D0%9F%D0%9B_01_002 HTTP/1.1" 200 OK
INFO:     127.0.0.1:57951 - "GET /api/price-formats/%D0%98%D0%9F%D0%9B_01_002/settings HTTP/1.1" 200 OK
INFO:     127.0.0.1:57954 - "GET /api/price-formats/%D0%98%D0%9F%D0%9B_01_002/competitor-assignments?include_summary=1 HTTP/1.1" 200 OK
INFO:     127.0.0.1:57931 - "GET /api/price-formats/TEST_01/competitor-assignments HTTP/1.1" 200 OK
INFO:     127.0.0.1:57935 - "GET /api/price-formats/TEST_01/competitor-assignments?include_summary=1 HTTP/1.1" 200 OK
2026-07-27 23:14:11,290 [INFO] [PRICE_LIST_ASSIGNMENT_DEBUG] source_type=vidman account_id=1 price_list_id=1478 price_name=јлматы Ч ¬»¬ј ‘арм Ч Zhadi-90@mail.ru items_count=85 real_items_count_from_db=85 visible=true hidden_reason=
2026-07-27 23:14:11,290 [INFO] [PRICE_LIST_ASSIGNMENT_DEBUG] source_type=provisor account_id=4 price_list_id=8322 price_name=јтамирас “ќќ (ATAMIRAS.S “ќќ јлматы) Ч јтамирас “ќќ (ATAMIRAS.S “ќќ јлматы) Ч Aksai4/83 items_count=3767 real_items_count_from_db=3767 visible=true hidden_reason=
2026-07-27 23:14:11,290 [INFO] [PRICE_LIST_ASSIGNMENT_DEBUG] source_type=provisor account_id=3 price_list_id=1417 price_name=«ерде “ќќ Ќѕќ (јктау) Ч «ерде “ќќ Ќѕќ (јктау) Ч ∆асулан-‘арм items_count=2408 real_items_count_from_db=2408 visible=true hidden_reason=
2026-07-27 23:14:11,290 [INFO] [PRICE_LIST_ASSIGNMENT_DEBUG] source_type=provisor account_id=4 price_list_id=1392 price_name=ћедсервис (јтырау) Ч ћедсервис (јтырау) Ч Aksai4/83 items_count=5935 real_items_count_from_db=5935 visible=true hidden_reason=
2026-07-27 23:14:11,290 [INFO] [PRICE_LIST_ASSIGNMENT_DEBUG] source_type=provisor account_id=4 price_list_id=1397 price_name=«ерде “ќќ Ќѕќ (јлматы) Ч «ерде “ќќ Ќѕќ (јлматы) Ч Aksai4/83 items_count=2235 real_items_count_from_db=2235 visible=true hidden_reason=
2026-07-27 23:14:11,290 [INFO] [PRICE_LIST_ASSIGNMENT_DEBUG] source_type=provisor account_id=3 price_list_id=1418 price_name=јк-Ќиет (јктау) Ч јк-Ќиет (јктау) Ч ∆асулан-‘арм items_count=2 real_items_count_from_db=2 visible=true hidden_reason=
2026-07-27 23:14:11,290 [INFO] [PRICE_LIST_ASSIGNMENT_DEBUG] source_type=provisor account_id=4 price_list_id=1145 price_name=јтамирас “ќќ (ATAMIRAS.S “ќќ Ўымкент) Ч јтамирас “ќќ (ATAMIRAS.S “ќќ Ўымкент) Ч Aksai4/83 items_count=4208 real_items_count_from_db=4208 visible=true hidden_reason=
2026-07-27 23:14:11,291 [INFO] [PRICE_LIST_ASSIGNMENT_DEBUG] source_type=provisor account_id=4 price_list_id=158 price_name=ћедсервис ( ызылорда) Ч ћедсервис ( ызылорда) Ч Aksai4/83 items_count=5977 real_items_count_from_db=5977 visible=true hidden_reason=
2026-07-27 23:14:11,291 [INFO] [PRICE_LIST_ASSIGNMENT_DEBUG] source_type=provisor account_id=3 price_list_id=159 price_name=ћедсервис (јктау) Ч ћедсервис (јктау) Ч ∆асулан-‘арм items_count=4948 real_items_count_from_db=4948 visible=true hidden_reason=
2026-07-27 23:14:11,291 [INFO] [PRICE_LIST_ASSIGNMENT_DEBUG] source_type=provisor account_id=4 price_list_id=155 price_name=ћедсервис (ѕавлодар) Ч ћедсервис (ѕавлодар) Ч Aksai4/83 items_count=5414 real_items_count_from_db=5414 visible=true hidden_reason=
2026-07-27 23:14:11,291 [INFO] [PRICE_LIST_ASSIGNMENT_DEBUG] source_type=provisor account_id=4 price_list_id=128 price_name=»нкар (јлматы) Ч »нкар (јлматы) Ч Aksai4/83 items_count=2773 real_items_count_from_db=2773 visible=true hidden_reason=
2026-07-27 23:14:11,291 [INFO] [PRICE_LIST_ASSIGNMENT_DEBUG] source_type=provisor account_id=4 price_list_id=1075 price_name=јманат (јлматы) Ч јманат (јлматы) Ч Aksai4/83 items_count=5183 real_items_count_from_db=5183 visible=true hidden_reason=
2026-07-27 23:14:11,291 [INFO] [PRICE_LIST_ASSIGNMENT_DEBUG] source_type=provisor account_id=3 price_list_id=302 price_name=јманат (јктау) Ч јманат (јктау) Ч ∆асулан-‘арм items_count=4454 real_items_count_from_db=4454 visible=true hidden_reason=
2026-07-27 23:14:11,291 [INFO] [PRICE_LIST_ASSIGNMENT_DEBUG] source_type=provisor account_id=3 price_list_id=8067 price_name=¬ива ‘арм “ќќ(јктау) Ч ¬ива ‘арм “ќќ(јктау) Ч ∆асулан-‘арм items_count=37 real_items_count_from_db=37 visible=true hidden_reason=
2026-07-27 23:14:11,291 [INFO] [PRICE_LIST_ASSIGNMENT_DEBUG] source_type=provisor account_id=3 price_list_id=8781 price_name=“ќќ јЋ јзи€ (јктау) Ч “ќќ јЋ јзи€ (јктау) Ч ∆асулан-‘арм items_count=1 real_items_count_from_db=1 visible=true hidden_reason=
2026-07-27 23:14:11,291 [INFO] [PRICE_LIST_ASSIGNMENT_DEBUG] source_type=provisor account_id=3 price_list_id=8358 price_name=—тофарм средн€€ цена (јктау) Ч —тофарм средн€€ цена (јктау) Ч ∆асулан-‘арм items_count=2385 real_items_count_from_db=2385 visible=true hidden_reason=
2026-07-27 23:14:11,291 [INFO] [PRICE_LIST_ASSIGNMENT_DEBUG] source_type=vidman account_id=2 price_list_id=9665 price_name=јстана Ч “ќќ “ест ћедикал Ч dovulbaevaamangul@gmail.com items_count=224 real_items_count_from_db=224 visible=true hidden_reason=
2026-07-27 23:14:11,291 [INFO] [PRICE_LIST_ASSIGNMENT_DEBUG] source_type=vidman account_id=6 price_list_id=9665 price_name=јстана Ч “ќќ “ест ћедикал Ч aiman.imanbaeva1975@mail.ru items_count=224 real_items_count_from_db=224 visible=true hidden_reason=
2026-07-27 23:14:11,291 [INFO] [PRICE_LIST_ASSIGNMENT_DEBUG] source_type=vidman account_id=1 price_list_id=10925 price_name=јстана Ч »ѕ  азимирова ј.Ќ. (ћедћаг) Ч Zhadi-90@mail.ru items_count=152 real_items_count_from_db=152 visible=true hidden_reason=
2026-07-27 23:14:11,291 [INFO] [PRICE_LIST_ASSIGNMENT_DEBUG] source_type=vidman account_id=6 price_list_id=10925 price_name=јстана Ч »ѕ  азимирова ј.Ќ. (ћедћаг) Ч aiman.imanbaeva1975@mail.ru items_count=152 real_items_count_from_db=152 visible=true hidden_reason=
2026-07-27 23:14:11,291 [INFO] [PRICE_LIST_ASSIGNMENT_DEBUG] source_type=vidman account_id=2 price_list_id=8911 price_name=јлматы Ч “ќќ Rosana.kz Ч dovulbaevaamangul@gmail.com items_count=374 real_items_count_from_db=374 visible=true hidden_reason=
2026-07-27 23:14:11,292 [INFO] [PRICE_LIST_ASSIGNMENT_DEBUG] source_type=vidman account_id=1 price_list_id=8911 price_name=јлматы Ч “ќќ Rosana.kz Ч Zhadi-90@mail.ru items_count=374 real_items_count_from_db=374 visible=true hidden_reason=
2026-07-27 23:14:11,292 [INFO] [PRICE_LIST_ASSIGNMENT_DEBUG] source_type=vidman account_id=6 price_list_id=8911 price_name=јлматы Ч “ќќ Rosana.kz Ч aiman.imanbaeva1975@mail.ru items_count=374 real_items_count_from_db=374 visible=true hidden_reason=
2026-07-27 23:14:11,292 [INFO] [PRICE_LIST_ASSIGNMENT_DEBUG] source_type=vidman account_id=1 price_list_id=11194 price_name= останай Ч “ќќ елешек ‘армаци€ Ч Zhadi-90@mail.ru items_count=4 real_items_count_from_db=4 visible=true hidden_reason=
2026-07-27 23:14:11,292 [INFO] [PRICE_LIST_ASSIGNMENT_DEBUG] source_type=vidman account_id=6 price_list_id=11194 price_name= останай Ч “ќќ елешек ‘армаци€ Ч aiman.imanbaeva1975@mail.ru items_count=4 real_items_count_from_db=4 visible=true hidden_reason=
2026-07-27 23:14:11,292 [INFO] [PRICE_LIST_ASSIGNMENT_DEBUG] source_type=vidman account_id=2 price_list_id=11607 price_name=јстана Ч “ќќ Kazbiotech Ч dovulbaevaamangul@gmail.com items_count=12 real_items_count_from_db=12 visible=true hidden_reason=
2026-07-27 23:14:11,292 [INFO] [PRICE_LIST_ASSIGNMENT_DEBUG] source_type=vidman account_id=1 price_list_id=11607 price_name=јстана Ч “ќќ Kazbiotech Ч Zhadi-90@mail.ru items_count=12 real_items_count_from_db=12 visible=true hidden_reason=
2026-07-27 23:14:11,292 [INFO] [PRICE_LIST_ASSIGNMENT_DEBUG] source_type=vidman account_id=6 price_list_id=11607 price_name=јстана Ч “ќќ Kazbiotech Ч aiman.imanbaeva1975@mail.ru items_count=12 real_items_count_from_db=12 visible=true hidden_reason=
2026-07-27 23:14:11,292 [INFO] [PRICE_LIST_ASSIGNMENT_DEBUG] source_type=vidman account_id=6 price_list_id=8394 price_name=Ўымкент Ч “ќќ ‘ј–ћј“ Ч aiman.imanbaeva1975@mail.ru items_count=2768 real_items_count_from_db=2768 visible=true hidden_reason=
2026-07-27 23:14:11,292 [INFO] [PRICE_LIST_ASSIGNMENT_DEBUG] source_type=vidman account_id=6 price_list_id=10298 price_name=Ўымкент Ч Belasar Pharmacy Ч aiman.imanbaeva1975@mail.ru items_count=3189 real_items_count_from_db=3189 visible=true hidden_reason=
2026-07-27 23:14:11,292 [INFO] [PRICE_LIST_ASSIGNMENT_DEBUG] source_type=vidman account_id=1 price_list_id=1212 price_name=јктобе Ч «ерде јктобе Ч Zhadi-90@mail.ru items_count=2098 real_items_count_from_db=2098 visible=true hidden_reason=
2026-07-27 23:14:11,292 [INFO] [PRICE_LIST_ASSIGNMENT_DEBUG] source_type=vidman account_id=1 price_list_id=391 price_name=јлматы Ч «ерде јлматы Ч Zhadi-90@mail.ru items_count=2183 real_items_count_from_db=2183 visible=true hidden_reason=
2026-07-27 23:14:11,292 [INFO] [PRICE_LIST_ASSIGNMENT_DEBUG] source_type=vidman account_id=1 price_list_id=175 price_name=јктау Ч ћедсервис ѕлюс јктау Ч Zhadi-90@mail.ru items_count=4763 real_items_count_from_db=4763 visible=true hidden_reason=
2026-07-27 23:14:11,292 [INFO] [PRICE_LIST_ASSIGNMENT_DEBUG] source_type=vidman account_id=6 price_list_id=388 price_name=јлматы Ч “ур—ад Ч aiman.imanbaeva1975@mail.ru items_count=1328 real_items_count_from_db=1328 visible=true hidden_reason=
2026-07-27 23:14:11,292 [INFO] [PRICE_LIST_ASSIGNMENT_DEBUG] source_type=vidman account_id=1 price_list_id=9352 price_name=јктау Ч »нкар јктау Ч Zhadi-90@mail.ru items_count=2347 real_items_count_from_db=2347 visible=true hidden_reason=
2026-07-27 23:14:11,292 [INFO] [PRICE_LIST_ASSIGNMENT_DEBUG] source_type=vidman account_id=6 price_list_id=9352 price_name=јктау Ч »нкар јктау Ч aiman.imanbaeva1975@mail.ru items_count=2347 real_items_count_from_db=2347 visible=true hidden_reason=
2026-07-27 23:14:11,292 [INFO] [PRICE_LIST_ASSIGNMENT_DEBUG] source_type=vidman account_id=1 price_list_id=390 price_name=јлматы Ч —адыхан премиум Ч Zhadi-90@mail.ru items_count=3704 real_items_count_from_db=3704 visible=true hidden_reason=
2026-07-27 23:14:11,293 [INFO] [PRICE_LIST_ASSIGNMENT_DEBUG] source_type=vidman account_id=6 price_list_id=5648 price_name=јктобе Ч Dosfarm јктобе Ч aiman.imanbaeva1975@mail.ru items_count=130 real_items_count_from_db=130 visible=true hidden_reason=
2026-07-27 23:14:11,293 [INFO] [PRICE_LIST_ASSIGNMENT_DEBUG] source_type=vidman account_id=1 price_list_id=4237 price_name=јктобе Ч –ј”«ј-јƒ≈ ‘»ЋЋ»јЋ ¬ √ ј “ќЅ≈ Ч Zhadi-90@mail.ru items_count=2100 real_items_count_from_db=2100 visible=true hidden_reason=
2026-07-27 23:14:11,293 [INFO] [PRICE_LIST_ASSIGNMENT_DEBUG] source_type=vidman account_id=6 price_list_id=4237 price_name=јктобе Ч –ј”«ј-јƒ≈ ‘»ЋЋ»јЋ ¬ √ ј “ќЅ≈ Ч aiman.imanbaeva1975@mail.ru items_count=2100 real_items_count_from_db=2100 visible=true hidden_reason=
2026-07-27 23:14:11,293 [INFO] [PRICE_LIST_ASSIGNMENT_DEBUG] source_type=vidman account_id=1 price_list_id=11591 price_name=јктау Ч Ёмити »нтернешнл јктау Ч Zhadi-90@mail.ru items_count=4298 real_items_count_from_db=4298 visible=true hidden_reason=
2026-07-27 23:14:11,293 [INFO] [PRICE_LIST_ASSIGNMENT_DEBUG] source_type=vidman account_id=2 price_list_id=1212 price_name=јктобе Ч «ерде јктобе Ч dovulbaevaamangul@gmail.com items_count=2098 real_items_count_from_db=2098 visible=true hidden_reason=
2026-07-27 23:14:11,293 [INFO] [PRICE_LIST_ASSIGNMENT_DEBUG] source_type=vidman account_id=2 price_list_id=5927 price_name=јктау Ч —тофарм јктау Ч dovulbaevaamangul@gmail.com items_count=2293 real_items_count_from_db=2293 visible=true hidden_reason=
2026-07-27 23:14:11,293 [INFO] [PRICE_LIST_ASSIGNMENT_DEBUG] source_type=vidman account_id=6 price_list_id=10364 price_name=јктау Ч »нкар јктау Ч aiman.imanbaeva1975@mail.ru items_count=2359 real_items_count_from_db=2359 visible=true hidden_reason=
2026-07-27 23:14:11,293 [INFO] [PRICE_LIST_ASSIGNMENT_DEBUG] source_type=vidman account_id=2 price_list_id=10364 price_name=јктау Ч »нкар јктау Ч dovulbaevaamangul@gmail.com items_count=2359 real_items_count_from_db=2359 visible=true hidden_reason=
2026-07-27 23:14:11,293 [INFO] [PRICE_LIST_ASSIGNMENT_DEBUG] source_type=vidman account_id=6 price_list_id=10427 price_name=јктау Ч »нкар јктау Ч aiman.imanbaeva1975@mail.ru items_count=2359 real_items_count_from_db=2359 visible=true hidden_reason=
2026-07-27 23:14:11,293 [INFO] [PRICE_LIST_ASSIGNMENT_DEBUG] source_type=vidman account_id=2 price_list_id=4237 price_name=јктобе Ч –ј”«ј-јƒ≈ ‘»ЋЋ»јЋ ¬ √ ј “ќЅ≈ Ч dovulbaevaamangul@gmail.com items_count=2100 real_items_count_from_db=2100 visible=true hidden_reason=
2026-07-27 23:14:11,293 [INFO] [PRICE_LIST_ASSIGNMENT_DEBUG] source_type=vidman account_id=1 price_list_id=247 price_name=јктобе Ч јманат јктобе Ч Zhadi-90@mail.ru items_count=4618 real_items_count_from_db=4618 visible=true hidden_reason=
2026-07-27 23:14:11,293 [INFO] [PRICE_LIST_ASSIGNMENT_DEBUG] source_type=vidman account_id=6 price_list_id=11591 price_name=јктау Ч Ёмити »нтернешнл јктау Ч aiman.imanbaeva1975@mail.ru items_count=4298 real_items_count_from_db=4298 visible=true hidden_reason=
INFO:     127.0.0.1:57925 - "GET /api/competitors/price-lists?format_code=TEST_01 HTTP/1.1" 200 OK
INFO:     127.0.0.1:57955 - "GET /api/competitors/percentiles?format_code=TEST_01&percentile_source=competitor HTTP/1.1" 200 OK
2026-07-27 23:14:11,357 [INFO] [PRICE_LIST_ASSIGNMENT_DEBUG] source_type=vidman account_id=1 price_list_id=1478 price_name=јлматы Ч ¬»¬ј ‘арм Ч Zhadi-90@mail.ru items_count=85 real_items_count_from_db=85 visible=true hidden_reason=
2026-07-27 23:14:11,357 [INFO] [PRICE_LIST_ASSIGNMENT_DEBUG] source_type=provisor account_id=4 price_list_id=8322 price_name=јтамирас “ќќ (ATAMIRAS.S “ќќ јлматы) Ч јтамирас “ќќ (ATAMIRAS.S “ќќ јлматы) Ч Aksai4/83 items_count=3767 real_items_count_from_db=3767 visible=true hidden_reason=
2026-07-27 23:14:11,357 [INFO] [PRICE_LIST_ASSIGNMENT_DEBUG] source_type=provisor account_id=3 price_list_id=1417 price_name=«ерде “ќќ Ќѕќ (јктау) Ч «ерде “ќќ Ќѕќ (јктау) Ч ∆асулан-‘арм items_count=2408 real_items_count_from_db=2408 visible=true hidden_reason=
2026-07-27 23:14:11,357 [INFO] [PRICE_LIST_ASSIGNMENT_DEBUG] source_type=provisor account_id=4 price_list_id=1392 price_name=ћедсервис (јтырау) Ч ћедсервис (јтырау) Ч Aksai4/83 items_count=5935 real_items_count_from_db=5935 visible=true hidden_reason=
2026-07-27 23:14:11,357 [INFO] [PRICE_LIST_ASSIGNMENT_DEBUG] source_type=provisor account_id=4 price_list_id=1397 price_name=«ерде “ќќ Ќѕќ (јлматы) Ч «ерде “ќќ Ќѕќ (јлматы) Ч Aksai4/83 items_count=2235 real_items_count_from_db=2235 visible=true hidden_reason=
2026-07-27 23:14:11,357 [INFO] [PRICE_LIST_ASSIGNMENT_DEBUG] source_type=provisor account_id=3 price_list_id=1418 price_name=јк-Ќиет (јктау) Ч јк-Ќиет (јктау) Ч ∆асулан-‘арм items_count=2 real_items_count_from_db=2 visible=true hidden_reason=
2026-07-27 23:14:11,357 [INFO] [PRICE_LIST_ASSIGNMENT_DEBUG] source_type=provisor account_id=4 price_list_id=1145 price_name=јтамирас “ќќ (ATAMIRAS.S “ќќ Ўымкент) Ч јтамирас “ќќ (ATAMIRAS.S “ќќ Ўымкент) Ч Aksai4/83 items_count=4208 real_items_count_from_db=4208 visible=true hidden_reason=
2026-07-27 23:14:11,357 [INFO] [PRICE_LIST_ASSIGNMENT_DEBUG] source_type=provisor account_id=4 price_list_id=158 price_name=ћедсервис ( ызылорда) Ч ћедсервис ( ызылорда) Ч Aksai4/83 items_count=5977 real_items_count_from_db=5977 visible=true hidden_reason=
2026-07-27 23:14:11,357 [INFO] [PRICE_LIST_ASSIGNMENT_DEBUG] source_type=provisor account_id=3 price_list_id=159 price_name=ћедсервис (јктау) Ч ћедсервис (јктау) Ч ∆асулан-‘арм items_count=4948 real_items_count_from_db=4948 visible=true hidden_reason=
2026-07-27 23:14:11,357 [INFO] [PRICE_LIST_ASSIGNMENT_DEBUG] source_type=provisor account_id=4 price_list_id=155 price_name=ћедсервис (ѕавлодар) Ч ћедсервис (ѕавлодар) Ч Aksai4/83 items_count=5414 real_items_count_from_db=5414 visible=true hidden_reason=
2026-07-27 23:14:11,357 [INFO] [PRICE_LIST_ASSIGNMENT_DEBUG] source_type=provisor account_id=4 price_list_id=128 price_name=»нкар (јлматы) Ч »нкар (јлматы) Ч Aksai4/83 items_count=2773 real_items_count_from_db=2773 visible=true hidden_reason=
2026-07-27 23:14:11,357 [INFO] [PRICE_LIST_ASSIGNMENT_DEBUG] source_type=provisor account_id=4 price_list_id=1075 price_name=јманат (јлматы) Ч јманат (јлматы) Ч Aksai4/83 items_count=5183 real_items_count_from_db=5183 visible=true hidden_reason=
2026-07-27 23:14:11,357 [INFO] [PRICE_LIST_ASSIGNMENT_DEBUG] source_type=provisor account_id=3 price_list_id=302 price_name=јманат (јктау) Ч јманат (јктау) Ч ∆асулан-‘арм items_count=4454 real_items_count_from_db=4454 visible=true hidden_reason=
2026-07-27 23:14:11,357 [INFO] [PRICE_LIST_ASSIGNMENT_DEBUG] source_type=provisor account_id=3 price_list_id=8067 price_name=¬ива ‘арм “ќќ(јктау) Ч ¬ива ‘арм “ќќ(јктау) Ч ∆асулан-‘арм items_count=37 real_items_count_from_db=37 visible=true hidden_reason=
2026-07-27 23:14:11,357 [INFO] [PRICE_LIST_ASSIGNMENT_DEBUG] source_type=provisor account_id=3 price_list_id=8781 price_name=“ќќ јЋ јзи€ (јктау) Ч “ќќ јЋ јзи€ (јктау) Ч ∆асулан-‘арм items_count=1 real_items_count_from_db=1 visible=true hidden_reason=
2026-07-27 23:14:11,357 [INFO] [PRICE_LIST_ASSIGNMENT_DEBUG] source_type=provisor account_id=3 price_list_id=8358 price_name=—тофарм средн€€ цена (јктау) Ч —тофарм средн€€ цена (јктау) Ч ∆асулан-‘арм items_count=2385 real_items_count_from_db=2385 visible=true hidden_reason=
2026-07-27 23:14:11,358 [INFO] [PRICE_LIST_ASSIGNMENT_DEBUG] source_type=vidman account_id=2 price_list_id=9665 price_name=јстана Ч “ќќ “ест ћедикал Ч dovulbaevaamangul@gmail.com items_count=224 real_items_count_from_db=224 visible=true hidden_reason=
2026-07-27 23:14:11,358 [INFO] [PRICE_LIST_ASSIGNMENT_DEBUG] source_type=vidman account_id=6 price_list_id=9665 price_name=јстана Ч “ќќ “ест ћедикал Ч aiman.imanbaeva1975@mail.ru items_count=224 real_items_count_from_db=224 visible=true hidden_reason=
2026-07-27 23:14:11,358 [INFO] [PRICE_LIST_ASSIGNMENT_DEBUG] source_type=vidman account_id=1 price_list_id=10925 price_name=јстана Ч »ѕ  азимирова ј.Ќ. (ћедћаг) Ч Zhadi-90@mail.ru items_count=152 real_items_count_from_db=152 visible=true hidden_reason=
2026-07-27 23:14:11,358 [INFO] [PRICE_LIST_ASSIGNMENT_DEBUG] source_type=vidman account_id=6 price_list_id=10925 price_name=јстана Ч »ѕ  азимирова ј.Ќ. (ћедћаг) Ч aiman.imanbaeva1975@mail.ru items_count=152 real_items_count_from_db=152 visible=true hidden_reason=
2026-07-27 23:14:11,358 [INFO] [PRICE_LIST_ASSIGNMENT_DEBUG] source_type=vidman account_id=2 price_list_id=8911 price_name=јлматы Ч “ќќ Rosana.kz Ч dovulbaevaamangul@gmail.com items_count=374 real_items_count_from_db=374 visible=true hidden_reason=
2026-07-27 23:14:11,358 [INFO] [PRICE_LIST_ASSIGNMENT_DEBUG] source_type=vidman account_id=1 price_list_id=8911 price_name=јлматы Ч “ќќ Rosana.kz Ч Zhadi-90@mail.ru items_count=374 real_items_count_from_db=374 visible=true hidden_reason=
2026-07-27 23:14:11,358 [INFO] [PRICE_LIST_ASSIGNMENT_DEBUG] source_type=vidman account_id=6 price_list_id=8911 price_name=јлматы Ч “ќќ Rosana.kz Ч aiman.imanbaeva1975@mail.ru items_count=374 real_items_count_from_db=374 visible=true hidden_reason=
2026-07-27 23:14:11,358 [INFO] [PRICE_LIST_ASSIGNMENT_DEBUG] source_type=vidman account_id=1 price_list_id=11194 price_name= останай Ч “ќќ елешек ‘армаци€ Ч Zhadi-90@mail.ru items_count=4 real_items_count_from_db=4 visible=true hidden_reason=
2026-07-27 23:14:11,358 [INFO] [PRICE_LIST_ASSIGNMENT_DEBUG] source_type=vidman account_id=6 price_list_id=11194 price_name= останай Ч “ќќ елешек ‘армаци€ Ч aiman.imanbaeva1975@mail.ru items_count=4 real_items_count_from_db=4 visible=true hidden_reason=
2026-07-27 23:14:11,358 [INFO] [PRICE_LIST_ASSIGNMENT_DEBUG] source_type=vidman account_id=2 price_list_id=11607 price_name=јстана Ч “ќќ Kazbiotech Ч dovulbaevaamangul@gmail.com items_count=12 real_items_count_from_db=12 visible=true hidden_reason=
2026-07-27 23:14:11,358 [INFO] [PRICE_LIST_ASSIGNMENT_DEBUG] source_type=vidman account_id=1 price_list_id=11607 price_name=јстана Ч “ќќ Kazbiotech Ч Zhadi-90@mail.ru items_count=12 real_items_count_from_db=12 visible=true hidden_reason=
2026-07-27 23:14:11,358 [INFO] [PRICE_LIST_ASSIGNMENT_DEBUG] source_type=vidman account_id=6 price_list_id=11607 price_name=јстана Ч “ќќ Kazbiotech Ч aiman.imanbaeva1975@mail.ru items_count=12 real_items_count_from_db=12 visible=true hidden_reason=
2026-07-27 23:14:11,358 [INFO] [PRICE_LIST_ASSIGNMENT_DEBUG] source_type=vidman account_id=6 price_list_id=8394 price_name=Ўымкент Ч “ќќ ‘ј–ћј“ Ч aiman.imanbaeva1975@mail.ru items_count=2768 real_items_count_from_db=2768 visible=true hidden_reason=
2026-07-27 23:14:11,358 [INFO] [PRICE_LIST_ASSIGNMENT_DEBUG] source_type=vidman account_id=6 price_list_id=10298 price_name=Ўымкент Ч Belasar Pharmacy Ч aiman.imanbaeva1975@mail.ru items_count=3189 real_items_count_from_db=3189 visible=true hidden_reason=
2026-07-27 23:14:11,358 [INFO] [PRICE_LIST_ASSIGNMENT_DEBUG] source_type=vidman account_id=1 price_list_id=1212 price_name=јктобе Ч «ерде јктобе Ч Zhadi-90@mail.ru items_count=2098 real_items_count_from_db=2098 visible=true hidden_reason=
2026-07-27 23:14:11,358 [INFO] [PRICE_LIST_ASSIGNMENT_DEBUG] source_type=vidman account_id=1 price_list_id=391 price_name=јлматы Ч «ерде јлматы Ч Zhadi-90@mail.ru items_count=2183 real_items_count_from_db=2183 visible=true hidden_reason=
2026-07-27 23:14:11,358 [INFO] [PRICE_LIST_ASSIGNMENT_DEBUG] source_type=vidman account_id=1 price_list_id=175 price_name=јктау Ч ћедсервис ѕлюс јктау Ч Zhadi-90@mail.ru items_count=4763 real_items_count_from_db=4763 visible=true hidden_reason=
2026-07-27 23:14:11,358 [INFO] [PRICE_LIST_ASSIGNMENT_DEBUG] source_type=vidman account_id=6 price_list_id=388 price_name=јлматы Ч “ур—ад Ч aiman.imanbaeva1975@mail.ru items_count=1328 real_items_count_from_db=1328 visible=true hidden_reason=
2026-07-27 23:14:11,358 [INFO] [PRICE_LIST_ASSIGNMENT_DEBUG] source_type=vidman account_id=1 price_list_id=9352 price_name=јктау Ч »нкар јктау Ч Zhadi-90@mail.ru items_count=2347 real_items_count_from_db=2347 visible=true hidden_reason=
2026-07-27 23:14:11,358 [INFO] [PRICE_LIST_ASSIGNMENT_DEBUG] source_type=vidman account_id=6 price_list_id=9352 price_name=јктау Ч »нкар јктау Ч aiman.imanbaeva1975@mail.ru items_count=2347 real_items_count_from_db=2347 visible=true hidden_reason=
2026-07-27 23:14:11,358 [INFO] [PRICE_LIST_ASSIGNMENT_DEBUG] source_type=vidman account_id=1 price_list_id=390 price_name=јлматы Ч —адыхан премиум Ч Zhadi-90@mail.ru items_count=3704 real_items_count_from_db=3704 visible=true hidden_reason=
2026-07-27 23:14:11,358 [INFO] [PRICE_LIST_ASSIGNMENT_DEBUG] source_type=vidman account_id=6 price_list_id=5648 price_name=јктобе Ч Dosfarm јктобе Ч aiman.imanbaeva1975@mail.ru items_count=130 real_items_count_from_db=130 visible=true hidden_reason=
2026-07-27 23:14:11,358 [INFO] [PRICE_LIST_ASSIGNMENT_DEBUG] source_type=vidman account_id=1 price_list_id=4237 price_name=јктобе Ч –ј”«ј-јƒ≈ ‘»ЋЋ»јЋ ¬ √ ј “ќЅ≈ Ч Zhadi-90@mail.ru items_count=2100 real_items_count_from_db=2100 visible=true hidden_reason=
2026-07-27 23:14:11,358 [INFO] [PRICE_LIST_ASSIGNMENT_DEBUG] source_type=vidman account_id=6 price_list_id=4237 price_name=јктобе Ч –ј”«ј-јƒ≈ ‘»ЋЋ»јЋ ¬ √ ј “ќЅ≈ Ч aiman.imanbaeva1975@mail.ru items_count=2100 real_items_count_from_db=2100 visible=true hidden_reason=
2026-07-27 23:14:11,358 [INFO] [PRICE_LIST_ASSIGNMENT_DEBUG] source_type=vidman account_id=1 price_list_id=11591 price_name=јктау Ч Ёмити »нтернешнл јктау Ч Zhadi-90@mail.ru items_count=4298 real_items_count_from_db=4298 visible=true hidden_reason=
2026-07-27 23:14:11,358 [INFO] [PRICE_LIST_ASSIGNMENT_DEBUG] source_type=vidman account_id=2 price_list_id=1212 price_name=јктобе Ч «ерде јктобе Ч dovulbaevaamangul@gmail.com items_count=2098 real_items_count_from_db=2098 visible=true hidden_reason=
2026-07-27 23:14:11,358 [INFO] [PRICE_LIST_ASSIGNMENT_DEBUG] source_type=vidman account_id=2 price_list_id=5927 price_name=јктау Ч —тофарм јктау Ч dovulbaevaamangul@gmail.com items_count=2293 real_items_count_from_db=2293 visible=true hidden_reason=
2026-07-27 23:14:11,358 [INFO] [PRICE_LIST_ASSIGNMENT_DEBUG] source_type=vidman account_id=6 price_list_id=10364 price_name=јктау Ч »нкар јктау Ч aiman.imanbaeva1975@mail.ru items_count=2359 real_items_count_from_db=2359 visible=true hidden_reason=
2026-07-27 23:14:11,358 [INFO] [PRICE_LIST_ASSIGNMENT_DEBUG] source_type=vidman account_id=2 price_list_id=10364 price_name=јктау Ч »нкар јктау Ч dovulbaevaamangul@gmail.com items_count=2359 real_items_count_from_db=2359 visible=true hidden_reason=
2026-07-27 23:14:11,358 [INFO] [PRICE_LIST_ASSIGNMENT_DEBUG] source_type=vidman account_id=6 price_list_id=10427 price_name=јктау Ч »нкар јктау Ч aiman.imanbaeva1975@mail.ru items_count=2359 real_items_count_from_db=2359 visible=true hidden_reason=
2026-07-27 23:14:11,358 [INFO] [PRICE_LIST_ASSIGNMENT_DEBUG] source_type=vidman account_id=2 price_list_id=4237 price_name=јктобе Ч –ј”«ј-јƒ≈ ‘»ЋЋ»јЋ ¬ √ ј “ќЅ≈ Ч dovulbaevaamangul@gmail.com items_count=2100 real_items_count_from_db=2100 visible=true hidden_reason=
2026-07-27 23:14:11,359 [INFO] [PRICE_LIST_ASSIGNMENT_DEBUG] source_type=vidman account_id=1 price_list_id=247 price_name=јктобе Ч јманат јктобе Ч Zhadi-90@mail.ru items_count=4618 real_items_count_from_db=4618 visible=true hidden_reason=
2026-07-27 23:14:11,359 [INFO] [PRICE_LIST_ASSIGNMENT_DEBUG] source_type=vidman account_id=6 price_list_id=11591 price_name=јктау Ч Ёмити »нтернешнл јктау Ч aiman.imanbaeva1975@mail.ru items_count=4298 real_items_count_from_db=4298 visible=true hidden_reason=
INFO:     127.0.0.1:57961 - "GET /api/competitors/price-lists?format_code=TEST_01 HTTP/1.1" 200 OK
INFO:     127.0.0.1:57957 - "GET /api/price-formats/TEST_01/competitor-assignments HTTP/1.1" 200 OK
INFO:     127.0.0.1:57959 - "GET /api/price-formats/TEST_01/competitor-assignments?include_summary=1 HTTP/1.1" 200 OK
INFO:     127.0.0.1:57982 - "GET /api/competitors/percentiles?format_code=TEST_01&percentile_source=emit HTTP/1.1" 200 OK
INFO:     127.0.0.1:57989 - "GET /api/price-formats/TEST_01/settings HTTP/1.1" 200 OK
INFO:     127.0.0.1:57991 - "GET /api/price-lists/latest?format_code=TEST_01 HTTP/1.1" 200 OK
INFO:     127.0.0.1:57998 - "GET /api/price-lists/latest?format_code=%D0%98%D0%9F%D0%9B_01_002 HTTP/1.1" 200 OK
INFO:     127.0.0.1:57996 - "GET /api/price-formats/%D0%98%D0%9F%D0%9B_01_002/settings HTTP/1.1" 200 OK
INFO:     127.0.0.1:58000 - "GET /api/price-formats/%D0%98%D0%9F%D0%9B_01_002/competitor-assignments?include_summary=1 HTTP/1.1" 200 OK
INFO:     127.0.0.1:57985 - "GET /api/competitors/percentiles?format_code=TEST_01&percentile_source=competitor HTTP/1.1" 200 OK
2026-07-27 23:14:27,471 [INFO] [PRICE_LIST_ASSIGNMENT_DEBUG] source_type=vidman account_id=1 price_list_id=1478 price_name=јлматы Ч ¬»¬ј ‘арм Ч Zhadi-90@mail.ru items_count=85 real_items_count_from_db=85 visible=true hidden_reason=
2026-07-27 23:14:27,471 [INFO] [PRICE_LIST_ASSIGNMENT_DEBUG] source_type=provisor account_id=4 price_list_id=8322 price_name=јтамирас “ќќ (ATAMIRAS.S “ќќ јлматы) Ч јтамирас “ќќ (ATAMIRAS.S “ќќ јлматы) Ч Aksai4/83 items_count=3767 real_items_count_from_db=3767 visible=true hidden_reason=
2026-07-27 23:14:27,471 [INFO] [PRICE_LIST_ASSIGNMENT_DEBUG] source_type=provisor account_id=3 price_list_id=1417 price_name=«ерде “ќќ Ќѕќ (јктау) Ч «ерде “ќќ Ќѕќ (јктау) Ч ∆асулан-‘арм items_count=2408 real_items_count_from_db=2408 visible=true hidden_reason=
2026-07-27 23:14:27,471 [INFO] [PRICE_LIST_ASSIGNMENT_DEBUG] source_type=provisor account_id=4 price_list_id=1392 price_name=ћедсервис (јтырау) Ч ћедсервис (јтырау) Ч Aksai4/83 items_count=5935 real_items_count_from_db=5935 visible=true hidden_reason=
2026-07-27 23:14:27,471 [INFO] [PRICE_LIST_ASSIGNMENT_DEBUG] source_type=provisor account_id=4 price_list_id=1397 price_name=«ерде “ќќ Ќѕќ (јлматы) Ч «ерде “ќќ Ќѕќ (јлматы) Ч Aksai4/83 items_count=2235 real_items_count_from_db=2235 visible=true hidden_reason=
2026-07-27 23:14:27,471 [INFO] [PRICE_LIST_ASSIGNMENT_DEBUG] source_type=provisor account_id=3 price_list_id=1418 price_name=јк-Ќиет (јктау) Ч јк-Ќиет (јктау) Ч ∆асулан-‘арм items_count=2 real_items_count_from_db=2 visible=true hidden_reason=
2026-07-27 23:14:27,471 [INFO] [PRICE_LIST_ASSIGNMENT_DEBUG] source_type=provisor account_id=4 price_list_id=1145 price_name=јтамирас “ќќ (ATAMIRAS.S “ќќ Ўымкент) Ч јтамирас “ќќ (ATAMIRAS.S “ќќ Ўымкент) Ч Aksai4/83 items_count=4208 real_items_count_from_db=4208 visible=true hidden_reason=
2026-07-27 23:14:27,471 [INFO] [PRICE_LIST_ASSIGNMENT_DEBUG] source_type=provisor account_id=4 price_list_id=158 price_name=ћедсервис ( ызылорда) Ч ћедсервис ( ызылорда) Ч Aksai4/83 items_count=5977 real_items_count_from_db=5977 visible=true hidden_reason=
2026-07-27 23:14:27,471 [INFO] [PRICE_LIST_ASSIGNMENT_DEBUG] source_type=provisor account_id=3 price_list_id=159 price_name=ћедсервис (јктау) Ч ћедсервис (јктау) Ч ∆асулан-‘арм items_count=4948 real_items_count_from_db=4948 visible=true hidden_reason=
2026-07-27 23:14:27,471 [INFO] [PRICE_LIST_ASSIGNMENT_DEBUG] source_type=provisor account_id=4 price_list_id=155 price_name=ћедсервис (ѕавлодар) Ч ћедсервис (ѕавлодар) Ч Aksai4/83 items_count=5414 real_items_count_from_db=5414 visible=true hidden_reason=
2026-07-27 23:14:27,471 [INFO] [PRICE_LIST_ASSIGNMENT_DEBUG] source_type=provisor account_id=4 price_list_id=128 price_name=»нкар (јлматы) Ч »нкар (јлматы) Ч Aksai4/83 items_count=2773 real_items_count_from_db=2773 visible=true hidden_reason=
2026-07-27 23:14:27,471 [INFO] [PRICE_LIST_ASSIGNMENT_DEBUG] source_type=provisor account_id=4 price_list_id=1075 price_name=јманат (јлматы) Ч јманат (јлматы) Ч Aksai4/83 items_count=5183 real_items_count_from_db=5183 visible=true hidden_reason=
2026-07-27 23:14:27,471 [INFO] [PRICE_LIST_ASSIGNMENT_DEBUG] source_type=provisor account_id=3 price_list_id=302 price_name=јманат (јктау) Ч јманат (јктау) Ч ∆асулан-‘арм items_count=4454 real_items_count_from_db=4454 visible=true hidden_reason=
2026-07-27 23:14:27,472 [INFO] [PRICE_LIST_ASSIGNMENT_DEBUG] source_type=provisor account_id=3 price_list_id=8067 price_name=¬ива ‘арм “ќќ(јктау) Ч ¬ива ‘арм “ќќ(јктау) Ч ∆асулан-‘арм items_count=37 real_items_count_from_db=37 visible=true hidden_reason=
2026-07-27 23:14:27,472 [INFO] [PRICE_LIST_ASSIGNMENT_DEBUG] source_type=provisor account_id=3 price_list_id=8781 price_name=“ќќ јЋ јзи€ (јктау) Ч “ќќ јЋ јзи€ (јктау) Ч ∆асулан-‘арм items_count=1 real_items_count_from_db=1 visible=true hidden_reason=
2026-07-27 23:14:27,472 [INFO] [PRICE_LIST_ASSIGNMENT_DEBUG] source_type=provisor account_id=3 price_list_id=8358 price_name=—тофарм средн€€ цена (јктау) Ч —тофарм средн€€ цена (јктау) Ч ∆асулан-‘арм items_count=2385 real_items_count_from_db=2385 visible=true hidden_reason=
2026-07-27 23:14:27,472 [INFO] [PRICE_LIST_ASSIGNMENT_DEBUG] source_type=vidman account_id=2 price_list_id=9665 price_name=јстана Ч “ќќ “ест ћедикал Ч dovulbaevaamangul@gmail.com items_count=224 real_items_count_from_db=224 visible=true hidden_reason=
2026-07-27 23:14:27,472 [INFO] [PRICE_LIST_ASSIGNMENT_DEBUG] source_type=vidman account_id=6 price_list_id=9665 price_name=јстана Ч “ќќ “ест ћедикал Ч aiman.imanbaeva1975@mail.ru items_count=224 real_items_count_from_db=224 visible=true hidden_reason=
2026-07-27 23:14:27,472 [INFO] [PRICE_LIST_ASSIGNMENT_DEBUG] source_type=vidman account_id=1 price_list_id=10925 price_name=јстана Ч »ѕ  азимирова ј.Ќ. (ћедћаг) Ч Zhadi-90@mail.ru items_count=152 real_items_count_from_db=152 visible=true hidden_reason=
2026-07-27 23:14:27,472 [INFO] [PRICE_LIST_ASSIGNMENT_DEBUG] source_type=vidman account_id=6 price_list_id=10925 price_name=јстана Ч »ѕ  азимирова ј.Ќ. (ћедћаг) Ч aiman.imanbaeva1975@mail.ru items_count=152 real_items_count_from_db=152 visible=true hidden_reason=
2026-07-27 23:14:27,472 [INFO] [PRICE_LIST_ASSIGNMENT_DEBUG] source_type=vidman account_id=2 price_list_id=8911 price_name=јлматы Ч “ќќ Rosana.kz Ч dovulbaevaamangul@gmail.com items_count=374 real_items_count_from_db=374 visible=true hidden_reason=
2026-07-27 23:14:27,472 [INFO] [PRICE_LIST_ASSIGNMENT_DEBUG] source_type=vidman account_id=1 price_list_id=8911 price_name=јлматы Ч “ќќ Rosana.kz Ч Zhadi-90@mail.ru items_count=374 real_items_count_from_db=374 visible=true hidden_reason=
2026-07-27 23:14:27,472 [INFO] [PRICE_LIST_ASSIGNMENT_DEBUG] source_type=vidman account_id=6 price_list_id=8911 price_name=јлматы Ч “ќќ Rosana.kz Ч aiman.imanbaeva1975@mail.ru items_count=374 real_items_count_from_db=374 visible=true hidden_reason=
2026-07-27 23:14:27,472 [INFO] [PRICE_LIST_ASSIGNMENT_DEBUG] source_type=vidman account_id=1 price_list_id=11194 price_name= останай Ч “ќќ елешек ‘армаци€ Ч Zhadi-90@mail.ru items_count=4 real_items_count_from_db=4 visible=true hidden_reason=
2026-07-27 23:14:27,472 [INFO] [PRICE_LIST_ASSIGNMENT_DEBUG] source_type=vidman account_id=6 price_list_id=11194 price_name= останай Ч “ќќ елешек ‘армаци€ Ч aiman.imanbaeva1975@mail.ru items_count=4 real_items_count_from_db=4 visible=true hidden_reason=
2026-07-27 23:14:27,472 [INFO] [PRICE_LIST_ASSIGNMENT_DEBUG] source_type=vidman account_id=2 price_list_id=11607 price_name=јстана Ч “ќќ Kazbiotech Ч dovulbaevaamangul@gmail.com items_count=12 real_items_count_from_db=12 visible=true hidden_reason=
2026-07-27 23:14:27,472 [INFO] [PRICE_LIST_ASSIGNMENT_DEBUG] source_type=vidman account_id=1 price_list_id=11607 price_name=јстана Ч “ќќ Kazbiotech Ч Zhadi-90@mail.ru items_count=12 real_items_count_from_db=12 visible=true hidden_reason=
2026-07-27 23:14:27,472 [INFO] [PRICE_LIST_ASSIGNMENT_DEBUG] source_type=vidman account_id=6 price_list_id=11607 price_name=јстана Ч “ќќ Kazbiotech Ч aiman.imanbaeva1975@mail.ru items_count=12 real_items_count_from_db=12 visible=true hidden_reason=
2026-07-27 23:14:27,472 [INFO] [PRICE_LIST_ASSIGNMENT_DEBUG] source_type=vidman account_id=6 price_list_id=8394 price_name=Ўымкент Ч “ќќ ‘ј–ћј“ Ч aiman.imanbaeva1975@mail.ru items_count=2768 real_items_count_from_db=2768 visible=true hidden_reason=
2026-07-27 23:14:27,472 [INFO] [PRICE_LIST_ASSIGNMENT_DEBUG] source_type=vidman account_id=6 price_list_id=10298 price_name=Ўымкент Ч Belasar Pharmacy Ч aiman.imanbaeva1975@mail.ru items_count=3189 real_items_count_from_db=3189 visible=true hidden_reason=
2026-07-27 23:14:27,472 [INFO] [PRICE_LIST_ASSIGNMENT_DEBUG] source_type=vidman account_id=1 price_list_id=1212 price_name=јктобе Ч «ерде јктобе Ч Zhadi-90@mail.ru items_count=2098 real_items_count_from_db=2098 visible=true hidden_reason=
2026-07-27 23:14:27,473 [INFO] [PRICE_LIST_ASSIGNMENT_DEBUG] source_type=vidman account_id=1 price_list_id=391 price_name=јлматы Ч «ерде јлматы Ч Zhadi-90@mail.ru items_count=2183 real_items_count_from_db=2183 visible=true hidden_reason=
2026-07-27 23:14:27,473 [INFO] [PRICE_LIST_ASSIGNMENT_DEBUG] source_type=vidman account_id=1 price_list_id=175 price_name=јктау Ч ћедсервис ѕлюс јктау Ч Zhadi-90@mail.ru items_count=4763 real_items_count_from_db=4763 visible=true hidden_reason=
2026-07-27 23:14:27,473 [INFO] [PRICE_LIST_ASSIGNMENT_DEBUG] source_type=vidman account_id=6 price_list_id=388 price_name=јлматы Ч “ур—ад Ч aiman.imanbaeva1975@mail.ru items_count=1328 real_items_count_from_db=1328 visible=true hidden_reason=
2026-07-27 23:14:27,473 [INFO] [PRICE_LIST_ASSIGNMENT_DEBUG] source_type=vidman account_id=1 price_list_id=9352 price_name=јктау Ч »нкар јктау Ч Zhadi-90@mail.ru items_count=2347 real_items_count_from_db=2347 visible=true hidden_reason=
2026-07-27 23:14:27,473 [INFO] [PRICE_LIST_ASSIGNMENT_DEBUG] source_type=vidman account_id=6 price_list_id=9352 price_name=јктау Ч »нкар јктау Ч aiman.imanbaeva1975@mail.ru items_count=2347 real_items_count_from_db=2347 visible=true hidden_reason=
2026-07-27 23:14:27,473 [INFO] [PRICE_LIST_ASSIGNMENT_DEBUG] source_type=vidman account_id=1 price_list_id=390 price_name=јлматы Ч —адыхан премиум Ч Zhadi-90@mail.ru items_count=3704 real_items_count_from_db=3704 visible=true hidden_reason=
2026-07-27 23:14:27,473 [INFO] [PRICE_LIST_ASSIGNMENT_DEBUG] source_type=vidman account_id=6 price_list_id=5648 price_name=јктобе Ч Dosfarm јктобе Ч aiman.imanbaeva1975@mail.ru items_count=130 real_items_count_from_db=130 visible=true hidden_reason=
2026-07-27 23:14:27,473 [INFO] [PRICE_LIST_ASSIGNMENT_DEBUG] source_type=vidman account_id=1 price_list_id=4237 price_name=јктобе Ч –ј”«ј-јƒ≈ ‘»ЋЋ»јЋ ¬ √ ј “ќЅ≈ Ч Zhadi-90@mail.ru items_count=2100 real_items_count_from_db=2100 visible=true hidden_reason=
2026-07-27 23:14:27,473 [INFO] [PRICE_LIST_ASSIGNMENT_DEBUG] source_type=vidman account_id=6 price_list_id=4237 price_name=јктобе Ч –ј”«ј-јƒ≈ ‘»ЋЋ»јЋ ¬ √ ј “ќЅ≈ Ч aiman.imanbaeva1975@mail.ru items_count=2100 real_items_count_from_db=2100 visible=true hidden_reason=
2026-07-27 23:14:27,473 [INFO] [PRICE_LIST_ASSIGNMENT_DEBUG] source_type=vidman account_id=1 price_list_id=11591 price_name=јктау Ч Ёмити »нтернешнл јктау Ч Zhadi-90@mail.ru items_count=4298 real_items_count_from_db=4298 visible=true hidden_reason=
2026-07-27 23:14:27,473 [INFO] [PRICE_LIST_ASSIGNMENT_DEBUG] source_type=vidman account_id=2 price_list_id=1212 price_name=јктобе Ч «ерде јктобе Ч dovulbaevaamangul@gmail.com items_count=2098 real_items_count_from_db=2098 visible=true hidden_reason=
2026-07-27 23:14:27,473 [INFO] [PRICE_LIST_ASSIGNMENT_DEBUG] source_type=vidman account_id=2 price_list_id=5927 price_name=јктау Ч —тофарм јктау Ч dovulbaevaamangul@gmail.com items_count=2293 real_items_count_from_db=2293 visible=true hidden_reason=
2026-07-27 23:14:27,473 [INFO] [PRICE_LIST_ASSIGNMENT_DEBUG] source_type=vidman account_id=6 price_list_id=10364 price_name=јктау Ч »нкар јктау Ч aiman.imanbaeva1975@mail.ru items_count=2359 real_items_count_from_db=2359 visible=true hidden_reason=
2026-07-27 23:14:27,473 [INFO] [PRICE_LIST_ASSIGNMENT_DEBUG] source_type=vidman account_id=2 price_list_id=10364 price_name=јктау Ч »нкар јктау Ч dovulbaevaamangul@gmail.com items_count=2359 real_items_count_from_db=2359 visible=true hidden_reason=
2026-07-27 23:14:27,473 [INFO] [PRICE_LIST_ASSIGNMENT_DEBUG] source_type=vidman account_id=6 price_list_id=10427 price_name=јктау Ч »нкар јктау Ч aiman.imanbaeva1975@mail.ru items_count=2359 real_items_count_from_db=2359 visible=true hidden_reason=
2026-07-27 23:14:27,473 [INFO] [PRICE_LIST_ASSIGNMENT_DEBUG] source_type=vidman account_id=2 price_list_id=4237 price_name=јктобе Ч –ј”«ј-јƒ≈ ‘»ЋЋ»јЋ ¬ √ ј “ќЅ≈ Ч dovulbaevaamangul@gmail.com items_count=2100 real_items_count_from_db=2100 visible=true hidden_reason=
2026-07-27 23:14:27,473 [INFO] [PRICE_LIST_ASSIGNMENT_DEBUG] source_type=vidman account_id=1 price_list_id=247 price_name=јктобе Ч јманат јктобе Ч Zhadi-90@mail.ru items_count=4618 real_items_count_from_db=4618 visible=true hidden_reason=
2026-07-27 23:14:27,473 [INFO] [PRICE_LIST_ASSIGNMENT_DEBUG] source_type=vidman account_id=6 price_list_id=11591 price_name=јктау Ч Ёмити »нтернешнл јктау Ч aiman.imanbaeva1975@mail.ru items_count=4298 real_items_count_from_db=4298 visible=true hidden_reason=
INFO:     127.0.0.1:57981 - "GET /api/competitors/price-lists?format_code=TEST_01 HTTP/1.1" 200 OK
INFO:     127.0.0.1:57987 - "GET /api/price-formats/TEST_01/competitor-assignments HTTP/1.1" 200 OK
INFO:     127.0.0.1:57994 - "GET /api/price-formats/TEST_01/competitor-assignments?include_summary=1 HTTP/1.1" 200 OK
INFO:     127.0.0.1:58091 - "GET /api/competitors/percentiles?format_code=TEST_01&percentile_source=emit HTTP/1.1" 200 OK
2026-07-27 23:15:25,316 [INFO] [PRICE_LIST_ASSIGNMENT_DEBUG] source_type=vidman account_id=1 price_list_id=1478 price_name=јлматы Ч ¬»¬ј ‘арм Ч Zhadi-90@mail.ru items_count=85 real_items_count_from_db=85 visible=true hidden_reason=
2026-07-27 23:15:25,316 [INFO] [PRICE_LIST_ASSIGNMENT_DEBUG] source_type=provisor account_id=4 price_list_id=8322 price_name=јтамирас “ќќ (ATAMIRAS.S “ќќ јлматы) Ч јтамирас “ќќ (ATAMIRAS.S “ќќ јлматы) Ч Aksai4/83 items_count=3767 real_items_count_from_db=3767 visible=true hidden_reason=
2026-07-27 23:15:25,317 [INFO] [PRICE_LIST_ASSIGNMENT_DEBUG] source_type=provisor account_id=3 price_list_id=1417 price_name=«ерде “ќќ Ќѕќ (јктау) Ч «ерде “ќќ Ќѕќ (јктау) Ч ∆асулан-‘арм items_count=2408 real_items_count_from_db=2408 visible=true hidden_reason=
2026-07-27 23:15:25,317 [INFO] [PRICE_LIST_ASSIGNMENT_DEBUG] source_type=provisor account_id=4 price_list_id=1392 price_name=ћедсервис (јтырау) Ч ћедсервис (јтырау) Ч Aksai4/83 items_count=5935 real_items_count_from_db=5935 visible=true hidden_reason=
2026-07-27 23:15:25,317 [INFO] [PRICE_LIST_ASSIGNMENT_DEBUG] source_type=provisor account_id=4 price_list_id=1397 price_name=«ерде “ќќ Ќѕќ (јлматы) Ч «ерде “ќќ Ќѕќ (јлматы) Ч Aksai4/83 items_count=2235 real_items_count_from_db=2235 visible=true hidden_reason=
2026-07-27 23:15:25,317 [INFO] [PRICE_LIST_ASSIGNMENT_DEBUG] source_type=provisor account_id=3 price_list_id=1418 price_name=јк-Ќиет (јктау) Ч јк-Ќиет (јктау) Ч ∆асулан-‘арм items_count=2 real_items_count_from_db=2 visible=true hidden_reason=
2026-07-27 23:15:25,317 [INFO] [PRICE_LIST_ASSIGNMENT_DEBUG] source_type=provisor account_id=4 price_list_id=1145 price_name=јтамирас “ќќ (ATAMIRAS.S “ќќ Ўымкент) Ч јтамирас “ќќ (ATAMIRAS.S “ќќ Ўымкент) Ч Aksai4/83 items_count=4208 real_items_count_from_db=4208 visible=true hidden_reason=
2026-07-27 23:15:25,317 [INFO] [PRICE_LIST_ASSIGNMENT_DEBUG] source_type=provisor account_id=4 price_list_id=158 price_name=ћедсервис ( ызылорда) Ч ћедсервис ( ызылорда) Ч Aksai4/83 items_count=5977 real_items_count_from_db=5977 visible=true hidden_reason=
2026-07-27 23:15:25,317 [INFO] [PRICE_LIST_ASSIGNMENT_DEBUG] source_type=provisor account_id=3 price_list_id=159 price_name=ћедсервис (јктау) Ч ћедсервис (јктау) Ч ∆асулан-‘арм items_count=4948 real_items_count_from_db=4948 visible=true hidden_reason=
2026-07-27 23:15:25,317 [INFO] [PRICE_LIST_ASSIGNMENT_DEBUG] source_type=provisor account_id=4 price_list_id=155 price_name=ћедсервис (ѕавлодар) Ч ћедсервис (ѕавлодар) Ч Aksai4/83 items_count=5414 real_items_count_from_db=5414 visible=true hidden_reason=
2026-07-27 23:15:25,317 [INFO] [PRICE_LIST_ASSIGNMENT_DEBUG] source_type=provisor account_id=4 price_list_id=128 price_name=»нкар (јлматы) Ч »нкар (јлматы) Ч Aksai4/83 items_count=2773 real_items_count_from_db=2773 visible=true hidden_reason=
2026-07-27 23:15:25,317 [INFO] [PRICE_LIST_ASSIGNMENT_DEBUG] source_type=provisor account_id=4 price_list_id=1075 price_name=јманат (јлматы) Ч јманат (јлматы) Ч Aksai4/83 items_count=5183 real_items_count_from_db=5183 visible=true hidden_reason=
2026-07-27 23:15:25,317 [INFO] [PRICE_LIST_ASSIGNMENT_DEBUG] source_type=provisor account_id=3 price_list_id=302 price_name=јманат (јктау) Ч јманат (јктау) Ч ∆асулан-‘арм items_count=4454 real_items_count_from_db=4454 visible=true hidden_reason=
2026-07-27 23:15:25,317 [INFO] [PRICE_LIST_ASSIGNMENT_DEBUG] source_type=provisor account_id=3 price_list_id=8067 price_name=¬ива ‘арм “ќќ(јктау) Ч ¬ива ‘арм “ќќ(јктау) Ч ∆асулан-‘арм items_count=37 real_items_count_from_db=37 visible=true hidden_reason=
2026-07-27 23:15:25,317 [INFO] [PRICE_LIST_ASSIGNMENT_DEBUG] source_type=provisor account_id=3 price_list_id=8781 price_name=“ќќ јЋ јзи€ (јктау) Ч “ќќ јЋ јзи€ (јктау) Ч ∆асулан-‘арм items_count=1 real_items_count_from_db=1 visible=true hidden_reason=
2026-07-27 23:15:25,317 [INFO] [PRICE_LIST_ASSIGNMENT_DEBUG] source_type=provisor account_id=3 price_list_id=8358 price_name=—тофарм средн€€ цена (јктау) Ч —тофарм средн€€ цена (јктау) Ч ∆асулан-‘арм items_count=2385 real_items_count_from_db=2385 visible=true hidden_reason=
2026-07-27 23:15:25,317 [INFO] [PRICE_LIST_ASSIGNMENT_DEBUG] source_type=vidman account_id=2 price_list_id=9665 price_name=јстана Ч “ќќ “ест ћедикал Ч dovulbaevaamangul@gmail.com items_count=224 real_items_count_from_db=224 visible=true hidden_reason=
2026-07-27 23:15:25,317 [INFO] [PRICE_LIST_ASSIGNMENT_DEBUG] source_type=vidman account_id=6 price_list_id=9665 price_name=јстана Ч “ќќ “ест ћедикал Ч aiman.imanbaeva1975@mail.ru items_count=224 real_items_count_from_db=224 visible=true hidden_reason=
2026-07-27 23:15:25,317 [INFO] [PRICE_LIST_ASSIGNMENT_DEBUG] source_type=vidman account_id=1 price_list_id=10925 price_name=јстана Ч »ѕ  азимирова ј.Ќ. (ћедћаг) Ч Zhadi-90@mail.ru items_count=152 real_items_count_from_db=152 visible=true hidden_reason=
2026-07-27 23:15:25,317 [INFO] [PRICE_LIST_ASSIGNMENT_DEBUG] source_type=vidman account_id=6 price_list_id=10925 price_name=јстана Ч »ѕ  азимирова ј.Ќ. (ћедћаг) Ч aiman.imanbaeva1975@mail.ru items_count=152 real_items_count_from_db=152 visible=true hidden_reason=
2026-07-27 23:15:25,317 [INFO] [PRICE_LIST_ASSIGNMENT_DEBUG] source_type=vidman account_id=2 price_list_id=8911 price_name=јлматы Ч “ќќ Rosana.kz Ч dovulbaevaamangul@gmail.com items_count=374 real_items_count_from_db=374 visible=true hidden_reason=
2026-07-27 23:15:25,317 [INFO] [PRICE_LIST_ASSIGNMENT_DEBUG] source_type=vidman account_id=1 price_list_id=8911 price_name=јлматы Ч “ќќ Rosana.kz Ч Zhadi-90@mail.ru items_count=374 real_items_count_from_db=374 visible=true hidden_reason=
2026-07-27 23:15:25,317 [INFO] [PRICE_LIST_ASSIGNMENT_DEBUG] source_type=vidman account_id=6 price_list_id=8911 price_name=јлматы Ч “ќќ Rosana.kz Ч aiman.imanbaeva1975@mail.ru items_count=374 real_items_count_from_db=374 visible=true hidden_reason=
2026-07-27 23:15:25,317 [INFO] [PRICE_LIST_ASSIGNMENT_DEBUG] source_type=vidman account_id=1 price_list_id=11194 price_name= останай Ч “ќќ елешек ‘армаци€ Ч Zhadi-90@mail.ru items_count=4 real_items_count_from_db=4 visible=true hidden_reason=
2026-07-27 23:15:25,317 [INFO] [PRICE_LIST_ASSIGNMENT_DEBUG] source_type=vidman account_id=6 price_list_id=11194 price_name= останай Ч “ќќ елешек ‘армаци€ Ч aiman.imanbaeva1975@mail.ru items_count=4 real_items_count_from_db=4 visible=true hidden_reason=
2026-07-27 23:15:25,317 [INFO] [PRICE_LIST_ASSIGNMENT_DEBUG] source_type=vidman account_id=2 price_list_id=11607 price_name=јстана Ч “ќќ Kazbiotech Ч dovulbaevaamangul@gmail.com items_count=12 real_items_count_from_db=12 visible=true hidden_reason=
2026-07-27 23:15:25,317 [INFO] [PRICE_LIST_ASSIGNMENT_DEBUG] source_type=vidman account_id=1 price_list_id=11607 price_name=јстана Ч “ќќ Kazbiotech Ч Zhadi-90@mail.ru items_count=12 real_items_count_from_db=12 visible=true hidden_reason=
2026-07-27 23:15:25,317 [INFO] [PRICE_LIST_ASSIGNMENT_DEBUG] source_type=vidman account_id=6 price_list_id=11607 price_name=јстана Ч “ќќ Kazbiotech Ч aiman.imanbaeva1975@mail.ru items_count=12 real_items_count_from_db=12 visible=true hidden_reason=
2026-07-27 23:15:25,317 [INFO] [PRICE_LIST_ASSIGNMENT_DEBUG] source_type=vidman account_id=6 price_list_id=8394 price_name=Ўымкент Ч “ќќ ‘ј–ћј“ Ч aiman.imanbaeva1975@mail.ru items_count=2768 real_items_count_from_db=2768 visible=true hidden_reason=
2026-07-27 23:15:25,317 [INFO] [PRICE_LIST_ASSIGNMENT_DEBUG] source_type=vidman account_id=6 price_list_id=10298 price_name=Ўымкент Ч Belasar Pharmacy Ч aiman.imanbaeva1975@mail.ru items_count=3189 real_items_count_from_db=3189 visible=true hidden_reason=
2026-07-27 23:15:25,317 [INFO] [PRICE_LIST_ASSIGNMENT_DEBUG] source_type=vidman account_id=1 price_list_id=1212 price_name=јктобе Ч «ерде јктобе Ч Zhadi-90@mail.ru items_count=2098 real_items_count_from_db=2098 visible=true hidden_reason=
2026-07-27 23:15:25,317 [INFO] [PRICE_LIST_ASSIGNMENT_DEBUG] source_type=vidman account_id=1 price_list_id=391 price_name=јлматы Ч «ерде јлматы Ч Zhadi-90@mail.ru items_count=2183 real_items_count_from_db=2183 visible=true hidden_reason=
2026-07-27 23:15:25,317 [INFO] [PRICE_LIST_ASSIGNMENT_DEBUG] source_type=vidman account_id=1 price_list_id=175 price_name=јктау Ч ћедсервис ѕлюс јктау Ч Zhadi-90@mail.ru items_count=4763 real_items_count_from_db=4763 visible=true hidden_reason=
2026-07-27 23:15:25,318 [INFO] [PRICE_LIST_ASSIGNMENT_DEBUG] source_type=vidman account_id=6 price_list_id=388 price_name=јлматы Ч “ур—ад Ч aiman.imanbaeva1975@mail.ru items_count=1328 real_items_count_from_db=1328 visible=true hidden_reason=
2026-07-27 23:15:25,318 [INFO] [PRICE_LIST_ASSIGNMENT_DEBUG] source_type=vidman account_id=1 price_list_id=9352 price_name=јктау Ч »нкар јктау Ч Zhadi-90@mail.ru items_count=2347 real_items_count_from_db=2347 visible=true hidden_reason=
2026-07-27 23:15:25,318 [INFO] [PRICE_LIST_ASSIGNMENT_DEBUG] source_type=vidman account_id=6 price_list_id=9352 price_name=јктау Ч »нкар јктау Ч aiman.imanbaeva1975@mail.ru items_count=2347 real_items_count_from_db=2347 visible=true hidden_reason=
2026-07-27 23:15:25,318 [INFO] [PRICE_LIST_ASSIGNMENT_DEBUG] source_type=vidman account_id=1 price_list_id=390 price_name=јлматы Ч —адыхан премиум Ч Zhadi-90@mail.ru items_count=3704 real_items_count_from_db=3704 visible=true hidden_reason=
2026-07-27 23:15:25,318 [INFO] [PRICE_LIST_ASSIGNMENT_DEBUG] source_type=vidman account_id=6 price_list_id=5648 price_name=јктобе Ч Dosfarm јктобе Ч aiman.imanbaeva1975@mail.ru items_count=130 real_items_count_from_db=130 visible=true hidden_reason=
2026-07-27 23:15:25,318 [INFO] [PRICE_LIST_ASSIGNMENT_DEBUG] source_type=vidman account_id=1 price_list_id=4237 price_name=јктобе Ч –ј”«ј-јƒ≈ ‘»ЋЋ»јЋ ¬ √ ј “ќЅ≈ Ч Zhadi-90@mail.ru items_count=2100 real_items_count_from_db=2100 visible=true hidden_reason=
2026-07-27 23:15:25,318 [INFO] [PRICE_LIST_ASSIGNMENT_DEBUG] source_type=vidman account_id=6 price_list_id=4237 price_name=јктобе Ч –ј”«ј-јƒ≈ ‘»ЋЋ»јЋ ¬ √ ј “ќЅ≈ Ч aiman.imanbaeva1975@mail.ru items_count=2100 real_items_count_from_db=2100 visible=true hidden_reason=
2026-07-27 23:15:25,318 [INFO] [PRICE_LIST_ASSIGNMENT_DEBUG] source_type=vidman account_id=1 price_list_id=11591 price_name=јктау Ч Ёмити »нтернешнл јктау Ч Zhadi-90@mail.ru items_count=4298 real_items_count_from_db=4298 visible=true hidden_reason=
2026-07-27 23:15:25,318 [INFO] [PRICE_LIST_ASSIGNMENT_DEBUG] source_type=vidman account_id=2 price_list_id=1212 price_name=јктобе Ч «ерде јктобе Ч dovulbaevaamangul@gmail.com items_count=2098 real_items_count_from_db=2098 visible=true hidden_reason=
2026-07-27 23:15:25,318 [INFO] [PRICE_LIST_ASSIGNMENT_DEBUG] source_type=vidman account_id=2 price_list_id=5927 price_name=јктау Ч —тофарм јктау Ч dovulbaevaamangul@gmail.com items_count=2293 real_items_count_from_db=2293 visible=true hidden_reason=
2026-07-27 23:15:25,318 [INFO] [PRICE_LIST_ASSIGNMENT_DEBUG] source_type=vidman account_id=6 price_list_id=10364 price_name=јктау Ч »нкар јктау Ч aiman.imanbaeva1975@mail.ru items_count=2359 real_items_count_from_db=2359 visible=true hidden_reason=
2026-07-27 23:15:25,318 [INFO] [PRICE_LIST_ASSIGNMENT_DEBUG] source_type=vidman account_id=2 price_list_id=10364 price_name=јктау Ч »нкар јктау Ч dovulbaevaamangul@gmail.com items_count=2359 real_items_count_from_db=2359 visible=true hidden_reason=
2026-07-27 23:15:25,318 [INFO] [PRICE_LIST_ASSIGNMENT_DEBUG] source_type=vidman account_id=6 price_list_id=10427 price_name=јктау Ч »нкар јктау Ч aiman.imanbaeva1975@mail.ru items_count=2359 real_items_count_from_db=2359 visible=true hidden_reason=
2026-07-27 23:15:25,318 [INFO] [PRICE_LIST_ASSIGNMENT_DEBUG] source_type=vidman account_id=2 price_list_id=4237 price_name=јктобе Ч –ј”«ј-јƒ≈ ‘»ЋЋ»јЋ ¬ √ ј “ќЅ≈ Ч dovulbaevaamangul@gmail.com items_count=2100 real_items_count_from_db=2100 visible=true hidden_reason=
2026-07-27 23:15:25,318 [INFO] [PRICE_LIST_ASSIGNMENT_DEBUG] source_type=vidman account_id=1 price_list_id=247 price_name=јктобе Ч јманат јктобе Ч Zhadi-90@mail.ru items_count=4618 real_items_count_from_db=4618 visible=true hidden_reason=
2026-07-27 23:15:25,318 [INFO] [PRICE_LIST_ASSIGNMENT_DEBUG] source_type=vidman account_id=6 price_list_id=11591 price_name=јктау Ч Ёмити »нтернешнл јктау Ч aiman.imanbaeva1975@mail.ru items_count=4298 real_items_count_from_db=4298 visible=true hidden_reason=
INFO:     127.0.0.1:58090 - "GET /api/competitors/price-lists?format_code=TEST_01 HTTP/1.1" 200 OK
INFO:     127.0.0.1:58092 - "GET /api/competitors/percentiles?format_code=TEST_01&percentile_source=competitor HTTP/1.1" 200 OK
INFO:     127.0.0.1:58093 - "GET /api/price-formats/TEST_01/competitor-assignments HTTP/1.1" 200 OK
INFO:     127.0.0.1:58119 - "GET /api/competitors/percentiles?format_code=TEST_01&percentile_source=emit HTTP/1.1" 200 OK
2026-07-27 23:15:39,883 [INFO] [PRICE_LIST_ASSIGNMENT_DEBUG] source_type=vidman account_id=1 price_list_id=1478 price_name=јлматы Ч ¬»¬ј ‘арм Ч Zhadi-90@mail.ru items_count=85 real_items_count_from_db=85 visible=true hidden_reason=
2026-07-27 23:15:39,883 [INFO] [PRICE_LIST_ASSIGNMENT_DEBUG] source_type=provisor account_id=4 price_list_id=8322 price_name=јтамирас “ќќ (ATAMIRAS.S “ќќ јлматы) Ч јтамирас “ќќ (ATAMIRAS.S “ќќ јлматы) Ч Aksai4/83 items_count=3767 real_items_count_from_db=3767 visible=true hidden_reason=
2026-07-27 23:15:39,883 [INFO] [PRICE_LIST_ASSIGNMENT_DEBUG] source_type=provisor account_id=3 price_list_id=1417 price_name=«ерде “ќќ Ќѕќ (јктау) Ч «ерде “ќќ Ќѕќ (јктау) Ч ∆асулан-‘арм items_count=2408 real_items_count_from_db=2408 visible=true hidden_reason=
2026-07-27 23:15:39,883 [INFO] [PRICE_LIST_ASSIGNMENT_DEBUG] source_type=provisor account_id=4 price_list_id=1392 price_name=ћедсервис (јтырау) Ч ћедсервис (јтырау) Ч Aksai4/83 items_count=5935 real_items_count_from_db=5935 visible=true hidden_reason=
2026-07-27 23:15:39,883 [INFO] [PRICE_LIST_ASSIGNMENT_DEBUG] source_type=provisor account_id=4 price_list_id=1397 price_name=«ерде “ќќ Ќѕќ (јлматы) Ч «ерде “ќќ Ќѕќ (јлматы) Ч Aksai4/83 items_count=2235 real_items_count_from_db=2235 visible=true hidden_reason=
2026-07-27 23:15:39,884 [INFO] [PRICE_LIST_ASSIGNMENT_DEBUG] source_type=provisor account_id=3 price_list_id=1418 price_name=јк-Ќиет (јктау) Ч јк-Ќиет (јктау) Ч ∆асулан-‘арм items_count=2 real_items_count_from_db=2 visible=true hidden_reason=
2026-07-27 23:15:39,884 [INFO] [PRICE_LIST_ASSIGNMENT_DEBUG] source_type=provisor account_id=4 price_list_id=1145 price_name=јтамирас “ќќ (ATAMIRAS.S “ќќ Ўымкент) Ч јтамирас “ќќ (ATAMIRAS.S “ќќ Ўымкент) Ч Aksai4/83 items_count=4208 real_items_count_from_db=4208 visible=true hidden_reason=
2026-07-27 23:15:39,884 [INFO] [PRICE_LIST_ASSIGNMENT_DEBUG] source_type=provisor account_id=4 price_list_id=158 price_name=ћедсервис ( ызылорда) Ч ћедсервис ( ызылорда) Ч Aksai4/83 items_count=5977 real_items_count_from_db=5977 visible=true hidden_reason=
2026-07-27 23:15:39,884 [INFO] [PRICE_LIST_ASSIGNMENT_DEBUG] source_type=provisor account_id=3 price_list_id=159 price_name=ћедсервис (јктау) Ч ћедсервис (јктау) Ч ∆асулан-‘арм items_count=4948 real_items_count_from_db=4948 visible=true hidden_reason=
2026-07-27 23:15:39,884 [INFO] [PRICE_LIST_ASSIGNMENT_DEBUG] source_type=provisor account_id=4 price_list_id=155 price_name=ћедсервис (ѕавлодар) Ч ћедсервис (ѕавлодар) Ч Aksai4/83 items_count=5414 real_items_count_from_db=5414 visible=true hidden_reason=
2026-07-27 23:15:39,884 [INFO] [PRICE_LIST_ASSIGNMENT_DEBUG] source_type=provisor account_id=4 price_list_id=128 price_name=»нкар (јлматы) Ч »нкар (јлматы) Ч Aksai4/83 items_count=2773 real_items_count_from_db=2773 visible=true hidden_reason=
2026-07-27 23:15:39,884 [INFO] [PRICE_LIST_ASSIGNMENT_DEBUG] source_type=provisor account_id=4 price_list_id=1075 price_name=јманат (јлматы) Ч јманат (јлматы) Ч Aksai4/83 items_count=5183 real_items_count_from_db=5183 visible=true hidden_reason=
2026-07-27 23:15:39,884 [INFO] [PRICE_LIST_ASSIGNMENT_DEBUG] source_type=provisor account_id=3 price_list_id=302 price_name=јманат (јктау) Ч јманат (јктау) Ч ∆асулан-‘арм items_count=4454 real_items_count_from_db=4454 visible=true hidden_reason=
2026-07-27 23:15:39,884 [INFO] [PRICE_LIST_ASSIGNMENT_DEBUG] source_type=provisor account_id=3 price_list_id=8067 price_name=¬ива ‘арм “ќќ(јктау) Ч ¬ива ‘арм “ќќ(јктау) Ч ∆асулан-‘арм items_count=37 real_items_count_from_db=37 visible=true hidden_reason=
2026-07-27 23:15:39,884 [INFO] [PRICE_LIST_ASSIGNMENT_DEBUG] source_type=provisor account_id=3 price_list_id=8781 price_name=“ќќ јЋ јзи€ (јктау) Ч “ќќ јЋ јзи€ (јктау) Ч ∆асулан-‘арм items_count=1 real_items_count_from_db=1 visible=true hidden_reason=
2026-07-27 23:15:39,884 [INFO] [PRICE_LIST_ASSIGNMENT_DEBUG] source_type=provisor account_id=3 price_list_id=8358 price_name=—тофарм средн€€ цена (јктау) Ч —тофарм средн€€ цена (јктау) Ч ∆асулан-‘арм items_count=2385 real_items_count_from_db=2385 visible=true hidden_reason=
2026-07-27 23:15:39,884 [INFO] [PRICE_LIST_ASSIGNMENT_DEBUG] source_type=vidman account_id=2 price_list_id=9665 price_name=јстана Ч “ќќ “ест ћедикал Ч dovulbaevaamangul@gmail.com items_count=224 real_items_count_from_db=224 visible=true hidden_reason=
2026-07-27 23:15:39,884 [INFO] [PRICE_LIST_ASSIGNMENT_DEBUG] source_type=vidman account_id=6 price_list_id=9665 price_name=јстана Ч “ќќ “ест ћедикал Ч aiman.imanbaeva1975@mail.ru items_count=224 real_items_count_from_db=224 visible=true hidden_reason=
2026-07-27 23:15:39,884 [INFO] [PRICE_LIST_ASSIGNMENT_DEBUG] source_type=vidman account_id=1 price_list_id=10925 price_name=јстана Ч »ѕ  азимирова ј.Ќ. (ћедћаг) Ч Zhadi-90@mail.ru items_count=152 real_items_count_from_db=152 visible=true hidden_reason=
2026-07-27 23:15:39,884 [INFO] [PRICE_LIST_ASSIGNMENT_DEBUG] source_type=vidman account_id=6 price_list_id=10925 price_name=јстана Ч »ѕ  азимирова ј.Ќ. (ћедћаг) Ч aiman.imanbaeva1975@mail.ru items_count=152 real_items_count_from_db=152 visible=true hidden_reason=
2026-07-27 23:15:39,884 [INFO] [PRICE_LIST_ASSIGNMENT_DEBUG] source_type=vidman account_id=2 price_list_id=8911 price_name=јлматы Ч “ќќ Rosana.kz Ч dovulbaevaamangul@gmail.com items_count=374 real_items_count_from_db=374 visible=true hidden_reason=
2026-07-27 23:15:39,884 [INFO] [PRICE_LIST_ASSIGNMENT_DEBUG] source_type=vidman account_id=1 price_list_id=8911 price_name=јлматы Ч “ќќ Rosana.kz Ч Zhadi-90@mail.ru items_count=374 real_items_count_from_db=374 visible=true hidden_reason=
2026-07-27 23:15:39,884 [INFO] [PRICE_LIST_ASSIGNMENT_DEBUG] source_type=vidman account_id=6 price_list_id=8911 price_name=јлматы Ч “ќќ Rosana.kz Ч aiman.imanbaeva1975@mail.ru items_count=374 real_items_count_from_db=374 visible=true hidden_reason=
2026-07-27 23:15:39,884 [INFO] [PRICE_LIST_ASSIGNMENT_DEBUG] source_type=vidman account_id=1 price_list_id=11194 price_name= останай Ч “ќќ елешек ‘армаци€ Ч Zhadi-90@mail.ru items_count=4 real_items_count_from_db=4 visible=true hidden_reason=
2026-07-27 23:15:39,884 [INFO] [PRICE_LIST_ASSIGNMENT_DEBUG] source_type=vidman account_id=6 price_list_id=11194 price_name= останай Ч “ќќ елешек ‘армаци€ Ч aiman.imanbaeva1975@mail.ru items_count=4 real_items_count_from_db=4 visible=true hidden_reason=
2026-07-27 23:15:39,884 [INFO] [PRICE_LIST_ASSIGNMENT_DEBUG] source_type=vidman account_id=2 price_list_id=11607 price_name=јстана Ч “ќќ Kazbiotech Ч dovulbaevaamangul@gmail.com items_count=12 real_items_count_from_db=12 visible=true hidden_reason=
2026-07-27 23:15:39,884 [INFO] [PRICE_LIST_ASSIGNMENT_DEBUG] source_type=vidman account_id=1 price_list_id=11607 price_name=јстана Ч “ќќ Kazbiotech Ч Zhadi-90@mail.ru items_count=12 real_items_count_from_db=12 visible=true hidden_reason=
2026-07-27 23:15:39,884 [INFO] [PRICE_LIST_ASSIGNMENT_DEBUG] source_type=vidman account_id=6 price_list_id=11607 price_name=јстана Ч “ќќ Kazbiotech Ч aiman.imanbaeva1975@mail.ru items_count=12 real_items_count_from_db=12 visible=true hidden_reason=
2026-07-27 23:15:39,884 [INFO] [PRICE_LIST_ASSIGNMENT_DEBUG] source_type=vidman account_id=6 price_list_id=8394 price_name=Ўымкент Ч “ќќ ‘ј–ћј“ Ч aiman.imanbaeva1975@mail.ru items_count=2768 real_items_count_from_db=2768 visible=true hidden_reason=
2026-07-27 23:15:39,884 [INFO] [PRICE_LIST_ASSIGNMENT_DEBUG] source_type=vidman account_id=6 price_list_id=10298 price_name=Ўымкент Ч Belasar Pharmacy Ч aiman.imanbaeva1975@mail.ru items_count=3189 real_items_count_from_db=3189 visible=true hidden_reason=
2026-07-27 23:15:39,885 [INFO] [PRICE_LIST_ASSIGNMENT_DEBUG] source_type=vidman account_id=1 price_list_id=1212 price_name=јктобе Ч «ерде јктобе Ч Zhadi-90@mail.ru items_count=2098 real_items_count_from_db=2098 visible=true hidden_reason=
2026-07-27 23:15:39,885 [INFO] [PRICE_LIST_ASSIGNMENT_DEBUG] source_type=vidman account_id=1 price_list_id=391 price_name=јлматы Ч «ерде јлматы Ч Zhadi-90@mail.ru items_count=2183 real_items_count_from_db=2183 visible=true hidden_reason=
2026-07-27 23:15:39,885 [INFO] [PRICE_LIST_ASSIGNMENT_DEBUG] source_type=vidman account_id=1 price_list_id=175 price_name=јктау Ч ћедсервис ѕлюс јктау Ч Zhadi-90@mail.ru items_count=4763 real_items_count_from_db=4763 visible=true hidden_reason=
2026-07-27 23:15:39,885 [INFO] [PRICE_LIST_ASSIGNMENT_DEBUG] source_type=vidman account_id=6 price_list_id=388 price_name=јлматы Ч “ур—ад Ч aiman.imanbaeva1975@mail.ru items_count=1328 real_items_count_from_db=1328 visible=true hidden_reason=
2026-07-27 23:15:39,885 [INFO] [PRICE_LIST_ASSIGNMENT_DEBUG] source_type=vidman account_id=1 price_list_id=9352 price_name=јктау Ч »нкар јктау Ч Zhadi-90@mail.ru items_count=2347 real_items_count_from_db=2347 visible=true hidden_reason=
2026-07-27 23:15:39,885 [INFO] [PRICE_LIST_ASSIGNMENT_DEBUG] source_type=vidman account_id=6 price_list_id=9352 price_name=јктау Ч »нкар јктау Ч aiman.imanbaeva1975@mail.ru items_count=2347 real_items_count_from_db=2347 visible=true hidden_reason=
2026-07-27 23:15:39,885 [INFO] [PRICE_LIST_ASSIGNMENT_DEBUG] source_type=vidman account_id=1 price_list_id=390 price_name=јлматы Ч —адыхан премиум Ч Zhadi-90@mail.ru items_count=3704 real_items_count_from_db=3704 visible=true hidden_reason=
2026-07-27 23:15:39,885 [INFO] [PRICE_LIST_ASSIGNMENT_DEBUG] source_type=vidman account_id=6 price_list_id=5648 price_name=јктобе Ч Dosfarm јктобе Ч aiman.imanbaeva1975@mail.ru items_count=130 real_items_count_from_db=130 visible=true hidden_reason=
2026-07-27 23:15:39,885 [INFO] [PRICE_LIST_ASSIGNMENT_DEBUG] source_type=vidman account_id=1 price_list_id=4237 price_name=јктобе Ч –ј”«ј-јƒ≈ ‘»ЋЋ»јЋ ¬ √ ј “ќЅ≈ Ч Zhadi-90@mail.ru items_count=2100 real_items_count_from_db=2100 visible=true hidden_reason=
2026-07-27 23:15:39,885 [INFO] [PRICE_LIST_ASSIGNMENT_DEBUG] source_type=vidman account_id=6 price_list_id=4237 price_name=јктобе Ч –ј”«ј-јƒ≈ ‘»ЋЋ»јЋ ¬ √ ј “ќЅ≈ Ч aiman.imanbaeva1975@mail.ru items_count=2100 real_items_count_from_db=2100 visible=true hidden_reason=
2026-07-27 23:15:39,885 [INFO] [PRICE_LIST_ASSIGNMENT_DEBUG] source_type=vidman account_id=1 price_list_id=11591 price_name=јктау Ч Ёмити »нтернешнл јктау Ч Zhadi-90@mail.ru items_count=4298 real_items_count_from_db=4298 visible=true hidden_reason=
2026-07-27 23:15:39,885 [INFO] [PRICE_LIST_ASSIGNMENT_DEBUG] source_type=vidman account_id=2 price_list_id=1212 price_name=јктобе Ч «ерде јктобе Ч dovulbaevaamangul@gmail.com items_count=2098 real_items_count_from_db=2098 visible=true hidden_reason=
2026-07-27 23:15:39,885 [INFO] [PRICE_LIST_ASSIGNMENT_DEBUG] source_type=vidman account_id=2 price_list_id=5927 price_name=јктау Ч —тофарм јктау Ч dovulbaevaamangul@gmail.com items_count=2293 real_items_count_from_db=2293 visible=true hidden_reason=
2026-07-27 23:15:39,885 [INFO] [PRICE_LIST_ASSIGNMENT_DEBUG] source_type=vidman account_id=6 price_list_id=10364 price_name=јктау Ч »нкар јктау Ч aiman.imanbaeva1975@mail.ru items_count=2359 real_items_count_from_db=2359 visible=true hidden_reason=
2026-07-27 23:15:39,885 [INFO] [PRICE_LIST_ASSIGNMENT_DEBUG] source_type=vidman account_id=2 price_list_id=10364 price_name=јктау Ч »нкар јктау Ч dovulbaevaamangul@gmail.com items_count=2359 real_items_count_from_db=2359 visible=true hidden_reason=
2026-07-27 23:15:39,885 [INFO] [PRICE_LIST_ASSIGNMENT_DEBUG] source_type=vidman account_id=6 price_list_id=10427 price_name=јктау Ч »нкар јктау Ч aiman.imanbaeva1975@mail.ru items_count=2359 real_items_count_from_db=2359 visible=true hidden_reason=
2026-07-27 23:15:39,885 [INFO] [PRICE_LIST_ASSIGNMENT_DEBUG] source_type=vidman account_id=2 price_list_id=4237 price_name=јктобе Ч –ј”«ј-јƒ≈ ‘»ЋЋ»јЋ ¬ √ ј “ќЅ≈ Ч dovulbaevaamangul@gmail.com items_count=2100 real_items_count_from_db=2100 visible=true hidden_reason=
2026-07-27 23:15:39,885 [INFO] [PRICE_LIST_ASSIGNMENT_DEBUG] source_type=vidman account_id=1 price_list_id=247 price_name=јктобе Ч јманат јктобе Ч Zhadi-90@mail.ru items_count=4618 real_items_count_from_db=4618 visible=true hidden_reason=
2026-07-27 23:15:39,885 [INFO] [PRICE_LIST_ASSIGNMENT_DEBUG] source_type=vidman account_id=6 price_list_id=11591 price_name=јктау Ч Ёмити »нтернешнл јктау Ч aiman.imanbaeva1975@mail.ru items_count=4298 real_items_count_from_db=4298 visible=true hidden_reason=
INFO:     127.0.0.1:58118 - "GET /api/competitors/price-lists?format_code=TEST_01 HTTP/1.1" 200 OK
INFO:     127.0.0.1:58120 - "GET /api/competitors/percentiles?format_code=TEST_01&percentile_source=competitor HTTP/1.1" 200 OK
INFO:     127.0.0.1:58121 - "GET /api/price-formats/TEST_01/competitor-assignments HTTP/1.1" 200 OK
INFO:     127.0.0.1:58611 - "GET /api/current-user HTTP/1.1" 200 OK
INFO:     127.0.0.1:58609 - "GET /api/current-user HTTP/1.1" 200 OK
INFO:     127.0.0.1:58610 - "GET /api/price-formats HTTP/1.1" 200 OK
INFO:     127.0.0.1:58612 - "GET /api/price-formats HTTP/1.1" 200 OK
INFO:     127.0.0.1:58621 - "GET /api/pricing-rules HTTP/1.1" 200 OK
INFO:     127.0.0.1:58619 - "GET /api/references/status HTTP/1.1" 200 OK
INFO:     127.0.0.1:58615 - "GET /api/price-formats/TEST_01/settings HTTP/1.1" 200 OK
INFO:     127.0.0.1:58628 - "GET /api/references/status HTTP/1.1" 200 OK
INFO:     127.0.0.1:58622 - "GET /api/price-formats/TEST_01/settings HTTP/1.1" 200 OK
INFO:     127.0.0.1:58630 - "GET /api/pricing-rules HTTP/1.1" 200 OK
INFO:     127.0.0.1:58617 - "GET /api/price-lists?format_code=TEST_01 HTTP/1.1" 200 OK
INFO:     127.0.0.1:58624 - "GET /api/price-lists?format_code=TEST_01 HTTP/1.1" 200 OK
2026-07-27 23:19:16,161 [INFO] [PRICE_LIST_ASSIGNMENT_DEBUG] source_type=vidman account_id=1 price_list_id=1478 price_name=јлматы Ч ¬»¬ј ‘арм Ч Zhadi-90@mail.ru items_count=85 real_items_count_from_db=85 visible=true hidden_reason=
2026-07-27 23:19:16,161 [INFO] [PRICE_LIST_ASSIGNMENT_DEBUG] source_type=provisor account_id=4 price_list_id=8322 price_name=јтамирас “ќќ (ATAMIRAS.S “ќќ јлматы) Ч јтамирас “ќќ (ATAMIRAS.S “ќќ јлматы) Ч Aksai4/83 items_count=3767 real_items_count_from_db=3767 visible=true hidden_reason=
2026-07-27 23:19:16,161 [INFO] [PRICE_LIST_ASSIGNMENT_DEBUG] source_type=provisor account_id=3 price_list_id=1417 price_name=«ерде “ќќ Ќѕќ (јктау) Ч «ерде “ќќ Ќѕќ (јктау) Ч ∆асулан-‘арм items_count=2408 real_items_count_from_db=2408 visible=true hidden_reason=
2026-07-27 23:19:16,161 [INFO] [PRICE_LIST_ASSIGNMENT_DEBUG] source_type=provisor account_id=4 price_list_id=1392 price_name=ћедсервис (јтырау) Ч ћедсервис (јтырау) Ч Aksai4/83 items_count=5935 real_items_count_from_db=5935 visible=true hidden_reason=
2026-07-27 23:19:16,161 [INFO] [PRICE_LIST_ASSIGNMENT_DEBUG] source_type=provisor account_id=4 price_list_id=1397 price_name=«ерде “ќќ Ќѕќ (јлматы) Ч «ерде “ќќ Ќѕќ (јлматы) Ч Aksai4/83 items_count=2235 real_items_count_from_db=2235 visible=true hidden_reason=
2026-07-27 23:19:16,161 [INFO] [PRICE_LIST_ASSIGNMENT_DEBUG] source_type=provisor account_id=3 price_list_id=1418 price_name=јк-Ќиет (јктау) Ч јк-Ќиет (јктау) Ч ∆асулан-‘арм items_count=2 real_items_count_from_db=2 visible=true hidden_reason=
2026-07-27 23:19:16,161 [INFO] [PRICE_LIST_ASSIGNMENT_DEBUG] source_type=provisor account_id=4 price_list_id=1145 price_name=јтамирас “ќќ (ATAMIRAS.S “ќќ Ўымкент) Ч јтамирас “ќќ (ATAMIRAS.S “ќќ Ўымкент) Ч Aksai4/83 items_count=4208 real_items_count_from_db=4208 visible=true hidden_reason=
2026-07-27 23:19:16,161 [INFO] [PRICE_LIST_ASSIGNMENT_DEBUG] source_type=provisor account_id=4 price_list_id=158 price_name=ћедсервис ( ызылорда) Ч ћедсервис ( ызылорда) Ч Aksai4/83 items_count=5977 real_items_count_from_db=5977 visible=true hidden_reason=
2026-07-27 23:19:16,161 [INFO] [PRICE_LIST_ASSIGNMENT_DEBUG] source_type=provisor account_id=3 price_list_id=159 price_name=ћедсервис (јктау) Ч ћедсервис (јктау) Ч ∆асулан-‘арм items_count=4948 real_items_count_from_db=4948 visible=true hidden_reason=
2026-07-27 23:19:16,161 [INFO] [PRICE_LIST_ASSIGNMENT_DEBUG] source_type=provisor account_id=4 price_list_id=155 price_name=ћедсервис (ѕавлодар) Ч ћедсервис (ѕавлодар) Ч Aksai4/83 items_count=5414 real_items_count_from_db=5414 visible=true hidden_reason=
2026-07-27 23:19:16,161 [INFO] [PRICE_LIST_ASSIGNMENT_DEBUG] source_type=provisor account_id=4 price_list_id=128 price_name=»нкар (јлматы) Ч »нкар (јлматы) Ч Aksai4/83 items_count=2773 real_items_count_from_db=2773 visible=true hidden_reason=
2026-07-27 23:19:16,161 [INFO] [PRICE_LIST_ASSIGNMENT_DEBUG] source_type=provisor account_id=4 price_list_id=1075 price_name=јманат (јлматы) Ч јманат (јлматы) Ч Aksai4/83 items_count=5183 real_items_count_from_db=5183 visible=true hidden_reason=
2026-07-27 23:19:16,161 [INFO] [PRICE_LIST_ASSIGNMENT_DEBUG] source_type=provisor account_id=3 price_list_id=302 price_name=јманат (јктау) Ч јманат (јктау) Ч ∆асулан-‘арм items_count=4454 real_items_count_from_db=4454 visible=true hidden_reason=
2026-07-27 23:19:16,161 [INFO] [PRICE_LIST_ASSIGNMENT_DEBUG] source_type=provisor account_id=3 price_list_id=8067 price_name=¬ива ‘арм “ќќ(јктау) Ч ¬ива ‘арм “ќќ(јктау) Ч ∆асулан-‘арм items_count=37 real_items_count_from_db=37 visible=true hidden_reason=
2026-07-27 23:19:16,162 [INFO] [PRICE_LIST_ASSIGNMENT_DEBUG] source_type=provisor account_id=3 price_list_id=8781 price_name=“ќќ јЋ јзи€ (јктау) Ч “ќќ јЋ јзи€ (јктау) Ч ∆асулан-‘арм items_count=1 real_items_count_from_db=1 visible=true hidden_reason=
2026-07-27 23:19:16,162 [INFO] [PRICE_LIST_ASSIGNMENT_DEBUG] source_type=provisor account_id=3 price_list_id=8358 price_name=—тофарм средн€€ цена (јктау) Ч —тофарм средн€€ цена (јктау) Ч ∆асулан-‘арм items_count=2385 real_items_count_from_db=2385 visible=true hidden_reason=
2026-07-27 23:19:16,162 [INFO] [PRICE_LIST_ASSIGNMENT_DEBUG] source_type=vidman account_id=2 price_list_id=9665 price_name=јстана Ч “ќќ “ест ћедикал Ч dovulbaevaamangul@gmail.com items_count=224 real_items_count_from_db=224 visible=true hidden_reason=
2026-07-27 23:19:16,162 [INFO] [PRICE_LIST_ASSIGNMENT_DEBUG] source_type=vidman account_id=6 price_list_id=9665 price_name=јстана Ч “ќќ “ест ћедикал Ч aiman.imanbaeva1975@mail.ru items_count=224 real_items_count_from_db=224 visible=true hidden_reason=
2026-07-27 23:19:16,162 [INFO] [PRICE_LIST_ASSIGNMENT_DEBUG] source_type=vidman account_id=1 price_list_id=10925 price_name=јстана Ч »ѕ  азимирова ј.Ќ. (ћедћаг) Ч Zhadi-90@mail.ru items_count=152 real_items_count_from_db=152 visible=true hidden_reason=
2026-07-27 23:19:16,162 [INFO] [PRICE_LIST_ASSIGNMENT_DEBUG] source_type=vidman account_id=6 price_list_id=10925 price_name=јстана Ч »ѕ  азимирова ј.Ќ. (ћедћаг) Ч aiman.imanbaeva1975@mail.ru items_count=152 real_items_count_from_db=152 visible=true hidden_reason=
2026-07-27 23:19:16,162 [INFO] [PRICE_LIST_ASSIGNMENT_DEBUG] source_type=vidman account_id=2 price_list_id=8911 price_name=јлматы Ч “ќќ Rosana.kz Ч dovulbaevaamangul@gmail.com items_count=374 real_items_count_from_db=374 visible=true hidden_reason=
2026-07-27 23:19:16,162 [INFO] [PRICE_LIST_ASSIGNMENT_DEBUG] source_type=vidman account_id=1 price_list_id=8911 price_name=јлматы Ч “ќќ Rosana.kz Ч Zhadi-90@mail.ru items_count=374 real_items_count_from_db=374 visible=true hidden_reason=
2026-07-27 23:19:16,162 [INFO] [PRICE_LIST_ASSIGNMENT_DEBUG] source_type=vidman account_id=6 price_list_id=8911 price_name=јлматы Ч “ќќ Rosana.kz Ч aiman.imanbaeva1975@mail.ru items_count=374 real_items_count_from_db=374 visible=true hidden_reason=
2026-07-27 23:19:16,163 [INFO] [PRICE_LIST_ASSIGNMENT_DEBUG] source_type=vidman account_id=1 price_list_id=11194 price_name= останай Ч “ќќ елешек ‘армаци€ Ч Zhadi-90@mail.ru items_count=4 real_items_count_from_db=4 visible=true hidden_reason=
2026-07-27 23:19:16,163 [INFO] [PRICE_LIST_ASSIGNMENT_DEBUG] source_type=vidman account_id=6 price_list_id=11194 price_name= останай Ч “ќќ елешек ‘армаци€ Ч aiman.imanbaeva1975@mail.ru items_count=4 real_items_count_from_db=4 visible=true hidden_reason=
2026-07-27 23:19:16,163 [INFO] [PRICE_LIST_ASSIGNMENT_DEBUG] source_type=vidman account_id=2 price_list_id=11607 price_name=јстана Ч “ќќ Kazbiotech Ч dovulbaevaamangul@gmail.com items_count=12 real_items_count_from_db=12 visible=true hidden_reason=
2026-07-27 23:19:16,163 [INFO] [PRICE_LIST_ASSIGNMENT_DEBUG] source_type=vidman account_id=1 price_list_id=11607 price_name=јстана Ч “ќќ Kazbiotech Ч Zhadi-90@mail.ru items_count=12 real_items_count_from_db=12 visible=true hidden_reason=
2026-07-27 23:19:16,163 [INFO] [PRICE_LIST_ASSIGNMENT_DEBUG] source_type=vidman account_id=6 price_list_id=11607 price_name=јстана Ч “ќќ Kazbiotech Ч aiman.imanbaeva1975@mail.ru items_count=12 real_items_count_from_db=12 visible=true hidden_reason=
2026-07-27 23:19:16,163 [INFO] [PRICE_LIST_ASSIGNMENT_DEBUG] source_type=vidman account_id=6 price_list_id=8394 price_name=Ўымкент Ч “ќќ ‘ј–ћј“ Ч aiman.imanbaeva1975@mail.ru items_count=2768 real_items_count_from_db=2768 visible=true hidden_reason=
2026-07-27 23:19:16,163 [INFO] [PRICE_LIST_ASSIGNMENT_DEBUG] source_type=vidman account_id=6 price_list_id=10298 price_name=Ўымкент Ч Belasar Pharmacy Ч aiman.imanbaeva1975@mail.ru items_count=3189 real_items_count_from_db=3189 visible=true hidden_reason=
2026-07-27 23:19:16,163 [INFO] [PRICE_LIST_ASSIGNMENT_DEBUG] source_type=vidman account_id=1 price_list_id=1212 price_name=јктобе Ч «ерде јктобе Ч Zhadi-90@mail.ru items_count=2098 real_items_count_from_db=2098 visible=true hidden_reason=
2026-07-27 23:19:16,163 [INFO] [PRICE_LIST_ASSIGNMENT_DEBUG] source_type=vidman account_id=1 price_list_id=391 price_name=јлматы Ч «ерде јлматы Ч Zhadi-90@mail.ru items_count=2183 real_items_count_from_db=2183 visible=true hidden_reason=
2026-07-27 23:19:16,163 [INFO] [PRICE_LIST_ASSIGNMENT_DEBUG] source_type=vidman account_id=1 price_list_id=175 price_name=јктау Ч ћедсервис ѕлюс јктау Ч Zhadi-90@mail.ru items_count=4763 real_items_count_from_db=4763 visible=true hidden_reason=
2026-07-27 23:19:16,163 [INFO] [PRICE_LIST_ASSIGNMENT_DEBUG] source_type=vidman account_id=6 price_list_id=388 price_name=јлматы Ч “ур—ад Ч aiman.imanbaeva1975@mail.ru items_count=1328 real_items_count_from_db=1328 visible=true hidden_reason=
2026-07-27 23:19:16,163 [INFO] [PRICE_LIST_ASSIGNMENT_DEBUG] source_type=vidman account_id=1 price_list_id=9352 price_name=јктау Ч »нкар јктау Ч Zhadi-90@mail.ru items_count=2347 real_items_count_from_db=2347 visible=true hidden_reason=
2026-07-27 23:19:16,165 [INFO] [PRICE_LIST_ASSIGNMENT_DEBUG] source_type=vidman account_id=1 price_list_id=1478 price_name=јлматы Ч ¬»¬ј ‘арм Ч Zhadi-90@mail.ru items_count=85 real_items_count_from_db=85 visible=true hidden_reason=
2026-07-27 23:19:16,165 [INFO] [PRICE_LIST_ASSIGNMENT_DEBUG] source_type=vidman account_id=6 price_list_id=9352 price_name=јктау Ч »нкар јктау Ч aiman.imanbaeva1975@mail.ru items_count=2347 real_items_count_from_db=2347 visible=true hidden_reason=
2026-07-27 23:19:16,165 [INFO] [PRICE_LIST_ASSIGNMENT_DEBUG] source_type=provisor account_id=4 price_list_id=8322 price_name=јтамирас “ќќ (ATAMIRAS.S “ќќ јлматы) Ч јтамирас “ќќ (ATAMIRAS.S “ќќ јлматы) Ч Aksai4/83 items_count=3767 real_items_count_from_db=3767 visible=true hidden_reason=
2026-07-27 23:19:16,165 [INFO] [PRICE_LIST_ASSIGNMENT_DEBUG] source_type=vidman account_id=1 price_list_id=390 price_name=јлматы Ч —адыхан премиум Ч Zhadi-90@mail.ru items_count=3704 real_items_count_from_db=3704 visible=true hidden_reason=
2026-07-27 23:19:16,165 [INFO] [PRICE_LIST_ASSIGNMENT_DEBUG] source_type=provisor account_id=3 price_list_id=1417 price_name=«ерде “ќќ Ќѕќ (јктау) Ч «ерде “ќќ Ќѕќ (јктау) Ч ∆асулан-‘арм items_count=2408 real_items_count_from_db=2408 visible=true hidden_reason=
2026-07-27 23:19:16,165 [INFO] [PRICE_LIST_ASSIGNMENT_DEBUG] source_type=vidman account_id=6 price_list_id=5648 price_name=јктобе Ч Dosfarm јктобе Ч aiman.imanbaeva1975@mail.ru items_count=130 real_items_count_from_db=130 visible=true hidden_reason=
2026-07-27 23:19:16,165 [INFO] [PRICE_LIST_ASSIGNMENT_DEBUG] source_type=provisor account_id=4 price_list_id=1392 price_name=ћедсервис (јтырау) Ч ћедсервис (јтырау) Ч Aksai4/83 items_count=5935 real_items_count_from_db=5935 visible=true hidden_reason=
2026-07-27 23:19:16,166 [INFO] [PRICE_LIST_ASSIGNMENT_DEBUG] source_type=vidman account_id=1 price_list_id=4237 price_name=јктобе Ч –ј”«ј-јƒ≈ ‘»ЋЋ»јЋ ¬ √ ј “ќЅ≈ Ч Zhadi-90@mail.ru items_count=2100 real_items_count_from_db=2100 visible=true hidden_reason=
2026-07-27 23:19:16,166 [INFO] [PRICE_LIST_ASSIGNMENT_DEBUG] source_type=provisor account_id=4 price_list_id=1397 price_name=«ерде “ќќ Ќѕќ (јлматы) Ч «ерде “ќќ Ќѕќ (јлматы) Ч Aksai4/83 items_count=2235 real_items_count_from_db=2235 visible=true hidden_reason=
2026-07-27 23:19:16,166 [INFO] [PRICE_LIST_ASSIGNMENT_DEBUG] source_type=vidman account_id=6 price_list_id=4237 price_name=јктобе Ч –ј”«ј-јƒ≈ ‘»ЋЋ»јЋ ¬ √ ј “ќЅ≈ Ч aiman.imanbaeva1975@mail.ru items_count=2100 real_items_count_from_db=2100 visible=true hidden_reason=
2026-07-27 23:19:16,166 [INFO] [PRICE_LIST_ASSIGNMENT_DEBUG] source_type=provisor account_id=3 price_list_id=1418 price_name=јк-Ќиет (јктау) Ч јк-Ќиет (јктау) Ч ∆асулан-‘арм items_count=2 real_items_count_from_db=2 visible=true hidden_reason=
2026-07-27 23:19:16,166 [INFO] [PRICE_LIST_ASSIGNMENT_DEBUG] source_type=vidman account_id=1 price_list_id=11591 price_name=јктау Ч Ёмити »нтернешнл јктау Ч Zhadi-90@mail.ru items_count=4298 real_items_count_from_db=4298 visible=true hidden_reason=
2026-07-27 23:19:16,166 [INFO] [PRICE_LIST_ASSIGNMENT_DEBUG] source_type=provisor account_id=4 price_list_id=1145 price_name=јтамирас “ќќ (ATAMIRAS.S “ќќ Ўымкент) Ч јтамирас “ќќ (ATAMIRAS.S “ќќ Ўымкент) Ч Aksai4/83 items_count=4208 real_items_count_from_db=4208 visible=true hidden_reason=
2026-07-27 23:19:16,166 [INFO] [PRICE_LIST_ASSIGNMENT_DEBUG] source_type=vidman account_id=2 price_list_id=1212 price_name=јктобе Ч «ерде јктобе Ч dovulbaevaamangul@gmail.com items_count=2098 real_items_count_from_db=2098 visible=true hidden_reason=
2026-07-27 23:19:16,166 [INFO] [PRICE_LIST_ASSIGNMENT_DEBUG] source_type=provisor account_id=4 price_list_id=158 price_name=ћедсервис ( ызылорда) Ч ћедсервис ( ызылорда) Ч Aksai4/83 items_count=5977 real_items_count_from_db=5977 visible=true hidden_reason=
2026-07-27 23:19:16,166 [INFO] [PRICE_LIST_ASSIGNMENT_DEBUG] source_type=vidman account_id=2 price_list_id=5927 price_name=јктау Ч —тофарм јктау Ч dovulbaevaamangul@gmail.com items_count=2293 real_items_count_from_db=2293 visible=true hidden_reason=
2026-07-27 23:19:16,166 [INFO] [PRICE_LIST_ASSIGNMENT_DEBUG] source_type=provisor account_id=3 price_list_id=159 price_name=ћедсервис (јктау) Ч ћедсервис (јктау) Ч ∆асулан-‘арм items_count=4948 real_items_count_from_db=4948 visible=true hidden_reason=
2026-07-27 23:19:16,166 [INFO] [PRICE_LIST_ASSIGNMENT_DEBUG] source_type=vidman account_id=6 price_list_id=10364 price_name=јктау Ч »нкар јктау Ч aiman.imanbaeva1975@mail.ru items_count=2359 real_items_count_from_db=2359 visible=true hidden_reason=
2026-07-27 23:19:16,166 [INFO] [PRICE_LIST_ASSIGNMENT_DEBUG] source_type=provisor account_id=4 price_list_id=155 price_name=ћедсервис (ѕавлодар) Ч ћедсервис (ѕавлодар) Ч Aksai4/83 items_count=5414 real_items_count_from_db=5414 visible=true hidden_reason=
2026-07-27 23:19:16,166 [INFO] [PRICE_LIST_ASSIGNMENT_DEBUG] source_type=vidman account_id=2 price_list_id=10364 price_name=јктау Ч »нкар јктау Ч dovulbaevaamangul@gmail.com items_count=2359 real_items_count_from_db=2359 visible=true hidden_reason=
2026-07-27 23:19:16,166 [INFO] [PRICE_LIST_ASSIGNMENT_DEBUG] source_type=provisor account_id=4 price_list_id=128 price_name=»нкар (јлматы) Ч »нкар (јлматы) Ч Aksai4/83 items_count=2773 real_items_count_from_db=2773 visible=true hidden_reason=
2026-07-27 23:19:16,166 [INFO] [PRICE_LIST_ASSIGNMENT_DEBUG] source_type=vidman account_id=6 price_list_id=10427 price_name=јктау Ч »нкар јктау Ч aiman.imanbaeva1975@mail.ru items_count=2359 real_items_count_from_db=2359 visible=true hidden_reason=
2026-07-27 23:19:16,166 [INFO] [PRICE_LIST_ASSIGNMENT_DEBUG] source_type=provisor account_id=4 price_list_id=1075 price_name=јманат (јлматы) Ч јманат (јлматы) Ч Aksai4/83 items_count=5183 real_items_count_from_db=5183 visible=true hidden_reason=
2026-07-27 23:19:16,166 [INFO] [PRICE_LIST_ASSIGNMENT_DEBUG] source_type=vidman account_id=2 price_list_id=4237 price_name=јктобе Ч –ј”«ј-јƒ≈ ‘»ЋЋ»јЋ ¬ √ ј “ќЅ≈ Ч dovulbaevaamangul@gmail.com items_count=2100 real_items_count_from_db=2100 visible=true hidden_reason=
2026-07-27 23:19:16,167 [INFO] [PRICE_LIST_ASSIGNMENT_DEBUG] source_type=provisor account_id=3 price_list_id=302 price_name=јманат (јктау) Ч јманат (јктау) Ч ∆асулан-‘арм items_count=4454 real_items_count_from_db=4454 visible=true hidden_reason=
2026-07-27 23:19:16,167 [INFO] [PRICE_LIST_ASSIGNMENT_DEBUG] source_type=vidman account_id=1 price_list_id=247 price_name=јктобе Ч јманат јктобе Ч Zhadi-90@mail.ru items_count=4618 real_items_count_from_db=4618 visible=true hidden_reason=
2026-07-27 23:19:16,167 [INFO] [PRICE_LIST_ASSIGNMENT_DEBUG] source_type=provisor account_id=3 price_list_id=8067 price_name=¬ива ‘арм “ќќ(јктау) Ч ¬ива ‘арм “ќќ(јктау) Ч ∆асулан-‘арм items_count=37 real_items_count_from_db=37 visible=true hidden_reason=
2026-07-27 23:19:16,167 [INFO] [PRICE_LIST_ASSIGNMENT_DEBUG] source_type=vidman account_id=6 price_list_id=11591 price_name=јктау Ч Ёмити »нтернешнл јктау Ч aiman.imanbaeva1975@mail.ru items_count=4298 real_items_count_from_db=4298 visible=true hidden_reason=
2026-07-27 23:19:16,167 [INFO] [PRICE_LIST_ASSIGNMENT_DEBUG] source_type=provisor account_id=3 price_list_id=8781 price_name=“ќќ јЋ јзи€ (јктау) Ч “ќќ јЋ јзи€ (јктау) Ч ∆асулан-‘арм items_count=1 real_items_count_from_db=1 visible=true hidden_reason=
2026-07-27 23:19:16,168 [INFO] [PRICE_LIST_ASSIGNMENT_DEBUG] source_type=provisor account_id=3 price_list_id=8358 price_name=—тофарм средн€€ цена (јктау) Ч —тофарм средн€€ цена (јктау) Ч ∆асулан-‘арм items_count=2385 real_items_count_from_db=2385 visible=true hidden_reason=
2026-07-27 23:19:16,168 [INFO] [PRICE_LIST_ASSIGNMENT_DEBUG] source_type=vidman account_id=2 price_list_id=9665 price_name=јстана Ч “ќќ “ест ћедикал Ч dovulbaevaamangul@gmail.com items_count=224 real_items_count_from_db=224 visible=true hidden_reason=
2026-07-27 23:19:16,168 [INFO] [PRICE_LIST_ASSIGNMENT_DEBUG] source_type=vidman account_id=6 price_list_id=9665 price_name=јстана Ч “ќќ “ест ћедикал Ч aiman.imanbaeva1975@mail.ru items_count=224 real_items_count_from_db=224 visible=true hidden_reason=
2026-07-27 23:19:16,168 [INFO] [PRICE_LIST_ASSIGNMENT_DEBUG] source_type=vidman account_id=1 price_list_id=10925 price_name=јстана Ч »ѕ  азимирова ј.Ќ. (ћедћаг) Ч Zhadi-90@mail.ru items_count=152 real_items_count_from_db=152 visible=true hidden_reason=
2026-07-27 23:19:16,171 [INFO] [PRICE_LIST_ASSIGNMENT_DEBUG] source_type=vidman account_id=6 price_list_id=10925 price_name=јстана Ч »ѕ  азимирова ј.Ќ. (ћедћаг) Ч aiman.imanbaeva1975@mail.ru items_count=152 real_items_count_from_db=152 visible=true hidden_reason=
2026-07-27 23:19:16,171 [INFO] [PRICE_LIST_ASSIGNMENT_DEBUG] source_type=vidman account_id=2 price_list_id=8911 price_name=јлматы Ч “ќќ Rosana.kz Ч dovulbaevaamangul@gmail.com items_count=374 real_items_count_from_db=374 visible=true hidden_reason=
2026-07-27 23:19:16,175 [INFO] [PRICE_LIST_ASSIGNMENT_DEBUG] source_type=vidman account_id=1 price_list_id=8911 price_name=јлматы Ч “ќќ Rosana.kz Ч Zhadi-90@mail.ru items_count=374 real_items_count_from_db=374 visible=true hidden_reason=
2026-07-27 23:19:16,176 [INFO] [PRICE_LIST_ASSIGNMENT_DEBUG] source_type=vidman account_id=6 price_list_id=8911 price_name=јлматы Ч “ќќ Rosana.kz Ч aiman.imanbaeva1975@mail.ru items_count=374 real_items_count_from_db=374 visible=true hidden_reason=
2026-07-27 23:19:16,176 [INFO] [PRICE_LIST_ASSIGNMENT_DEBUG] source_type=vidman account_id=1 price_list_id=11194 price_name= останай Ч “ќќ елешек ‘армаци€ Ч Zhadi-90@mail.ru items_count=4 real_items_count_from_db=4 visible=true hidden_reason=
INFO:     127.0.0.1:58620 - "GET /api/competitors/price-lists?format_code=TEST_01 HTTP/1.1" 200 OK
2026-07-27 23:19:16,176 [INFO] [PRICE_LIST_ASSIGNMENT_DEBUG] source_type=vidman account_id=6 price_list_id=11194 price_name= останай Ч “ќќ елешек ‘армаци€ Ч aiman.imanbaeva1975@mail.ru items_count=4 real_items_count_from_db=4 visible=true hidden_reason=
2026-07-27 23:19:16,176 [INFO] [PRICE_LIST_ASSIGNMENT_DEBUG] source_type=vidman account_id=2 price_list_id=11607 price_name=јстана Ч “ќќ Kazbiotech Ч dovulbaevaamangul@gmail.com items_count=12 real_items_count_from_db=12 visible=true hidden_reason=
2026-07-27 23:19:16,177 [INFO] [PRICE_LIST_ASSIGNMENT_DEBUG] source_type=vidman account_id=1 price_list_id=11607 price_name=јстана Ч “ќќ Kazbiotech Ч Zhadi-90@mail.ru items_count=12 real_items_count_from_db=12 visible=true hidden_reason=
2026-07-27 23:19:16,177 [INFO] [PRICE_LIST_ASSIGNMENT_DEBUG] source_type=vidman account_id=6 price_list_id=11607 price_name=јстана Ч “ќќ Kazbiotech Ч aiman.imanbaeva1975@mail.ru items_count=12 real_items_count_from_db=12 visible=true hidden_reason=
2026-07-27 23:19:16,177 [INFO] [PRICE_LIST_ASSIGNMENT_DEBUG] source_type=vidman account_id=6 price_list_id=8394 price_name=Ўымкент Ч “ќќ ‘ј–ћј“ Ч aiman.imanbaeva1975@mail.ru items_count=2768 real_items_count_from_db=2768 visible=true hidden_reason=
2026-07-27 23:19:16,177 [INFO] [PRICE_LIST_ASSIGNMENT_DEBUG] source_type=vidman account_id=6 price_list_id=10298 price_name=Ўымкент Ч Belasar Pharmacy Ч aiman.imanbaeva1975@mail.ru items_count=3189 real_items_count_from_db=3189 visible=true hidden_reason=
2026-07-27 23:19:16,177 [INFO] [PRICE_LIST_ASSIGNMENT_DEBUG] source_type=vidman account_id=1 price_list_id=1212 price_name=јктобе Ч «ерде јктобе Ч Zhadi-90@mail.ru items_count=2098 real_items_count_from_db=2098 visible=true hidden_reason=
2026-07-27 23:19:16,177 [INFO] [PRICE_LIST_ASSIGNMENT_DEBUG] source_type=vidman account_id=1 price_list_id=391 price_name=јлматы Ч «ерде јлматы Ч Zhadi-90@mail.ru items_count=2183 real_items_count_from_db=2183 visible=true hidden_reason=
2026-07-27 23:19:16,178 [INFO] [PRICE_LIST_ASSIGNMENT_DEBUG] source_type=vidman account_id=1 price_list_id=175 price_name=јктау Ч ћедсервис ѕлюс јктау Ч Zhadi-90@mail.ru items_count=4763 real_items_count_from_db=4763 visible=true hidden_reason=
2026-07-27 23:19:16,178 [INFO] [PRICE_LIST_ASSIGNMENT_DEBUG] source_type=vidman account_id=6 price_list_id=388 price_name=јлматы Ч “ур—ад Ч aiman.imanbaeva1975@mail.ru items_count=1328 real_items_count_from_db=1328 visible=true hidden_reason=
2026-07-27 23:19:16,178 [INFO] [PRICE_LIST_ASSIGNMENT_DEBUG] source_type=vidman account_id=1 price_list_id=9352 price_name=јктау Ч »нкар јктау Ч Zhadi-90@mail.ru items_count=2347 real_items_count_from_db=2347 visible=true hidden_reason=
2026-07-27 23:19:16,178 [INFO] [PRICE_LIST_ASSIGNMENT_DEBUG] source_type=vidman account_id=6 price_list_id=9352 price_name=јктау Ч »нкар јктау Ч aiman.imanbaeva1975@mail.ru items_count=2347 real_items_count_from_db=2347 visible=true hidden_reason=
2026-07-27 23:19:16,178 [INFO] [PRICE_LIST_ASSIGNMENT_DEBUG] source_type=vidman account_id=1 price_list_id=390 price_name=јлматы Ч —адыхан премиум Ч Zhadi-90@mail.ru items_count=3704 real_items_count_from_db=3704 visible=true hidden_reason=
2026-07-27 23:19:16,178 [INFO] [PRICE_LIST_ASSIGNMENT_DEBUG] source_type=vidman account_id=6 price_list_id=5648 price_name=јктобе Ч Dosfarm јктобе Ч aiman.imanbaeva1975@mail.ru items_count=130 real_items_count_from_db=130 visible=true hidden_reason=
2026-07-27 23:19:16,178 [INFO] [PRICE_LIST_ASSIGNMENT_DEBUG] source_type=vidman account_id=1 price_list_id=4237 price_name=јктобе Ч –ј”«ј-јƒ≈ ‘»ЋЋ»јЋ ¬ √ ј “ќЅ≈ Ч Zhadi-90@mail.ru items_count=2100 real_items_count_from_db=2100 visible=true hidden_reason=
2026-07-27 23:19:16,178 [INFO] [PRICE_LIST_ASSIGNMENT_DEBUG] source_type=vidman account_id=6 price_list_id=4237 price_name=јктобе Ч –ј”«ј-јƒ≈ ‘»ЋЋ»јЋ ¬ √ ј “ќЅ≈ Ч aiman.imanbaeva1975@mail.ru items_count=2100 real_items_count_from_db=2100 visible=true hidden_reason=
2026-07-27 23:19:16,178 [INFO] [PRICE_LIST_ASSIGNMENT_DEBUG] source_type=vidman account_id=1 price_list_id=11591 price_name=јктау Ч Ёмити »нтернешнл јктау Ч Zhadi-90@mail.ru items_count=4298 real_items_count_from_db=4298 visible=true hidden_reason=
2026-07-27 23:19:16,178 [INFO] [PRICE_LIST_ASSIGNMENT_DEBUG] source_type=vidman account_id=2 price_list_id=1212 price_name=јктобе Ч «ерде јктобе Ч dovulbaevaamangul@gmail.com items_count=2098 real_items_count_from_db=2098 visible=true hidden_reason=
2026-07-27 23:19:16,178 [INFO] [PRICE_LIST_ASSIGNMENT_DEBUG] source_type=vidman account_id=2 price_list_id=5927 price_name=јктау Ч —тофарм јктау Ч dovulbaevaamangul@gmail.com items_count=2293 real_items_count_from_db=2293 visible=true hidden_reason=
2026-07-27 23:19:16,178 [INFO] [PRICE_LIST_ASSIGNMENT_DEBUG] source_type=vidman account_id=6 price_list_id=10364 price_name=јктау Ч »нкар јктау Ч aiman.imanbaeva1975@mail.ru items_count=2359 real_items_count_from_db=2359 visible=true hidden_reason=
2026-07-27 23:19:16,178 [INFO] [PRICE_LIST_ASSIGNMENT_DEBUG] source_type=vidman account_id=2 price_list_id=10364 price_name=јктау Ч »нкар јктау Ч dovulbaevaamangul@gmail.com items_count=2359 real_items_count_from_db=2359 visible=true hidden_reason=
2026-07-27 23:19:16,178 [INFO] [PRICE_LIST_ASSIGNMENT_DEBUG] source_type=vidman account_id=6 price_list_id=10427 price_name=јктау Ч »нкар јктау Ч aiman.imanbaeva1975@mail.ru items_count=2359 real_items_count_from_db=2359 visible=true hidden_reason=
2026-07-27 23:19:16,178 [INFO] [PRICE_LIST_ASSIGNMENT_DEBUG] source_type=vidman account_id=2 price_list_id=4237 price_name=јктобе Ч –ј”«ј-јƒ≈ ‘»ЋЋ»јЋ ¬ √ ј “ќЅ≈ Ч dovulbaevaamangul@gmail.com items_count=2100 real_items_count_from_db=2100 visible=true hidden_reason=
2026-07-27 23:19:16,178 [INFO] [PRICE_LIST_ASSIGNMENT_DEBUG] source_type=vidman account_id=1 price_list_id=247 price_name=јктобе Ч јманат јктобе Ч Zhadi-90@mail.ru items_count=4618 real_items_count_from_db=4618 visible=true hidden_reason=
2026-07-27 23:19:16,178 [INFO] [PRICE_LIST_ASSIGNMENT_DEBUG] source_type=vidman account_id=6 price_list_id=11591 price_name=јктау Ч Ёмити »нтернешнл јктау Ч aiman.imanbaeva1975@mail.ru items_count=4298 real_items_count_from_db=4298 visible=true hidden_reason=
INFO:     127.0.0.1:58627 - "GET /api/competitors/price-lists?format_code=TEST_01 HTTP/1.1" 200 OK
INFO:     127.0.0.1:58638 - "GET /api/price-lists?format_code=%D0%98%D0%9F%D0%9B_01_002 HTTP/1.1" 200 OK
INFO:     127.0.0.1:58637 - "GET /api/price-formats/%D0%98%D0%9F%D0%9B_01_002/settings HTTP/1.1" 200 OK
INFO:     127.0.0.1:58635 - "GET /api/price-formats/TEST_01/settings HTTP/1.1" 200 OK
INFO:     127.0.0.1:58636 - "GET /api/price-lists?format_code=TEST_01 HTTP/1.1" 200 OK
INFO:     127.0.0.1:58646 - "GET /api/price-lists?format_code=%D0%98%D0%9F%D0%9B_01_002 HTTP/1.1" 200 OK
INFO:     127.0.0.1:58645 - "GET /api/price-formats/%D0%98%D0%9F%D0%9B_01_002/settings HTTP/1.1" 200 OK
INFO:     127.0.0.1:58643 - "GET /api/price-formats/TEST_01/settings HTTP/1.1" 200 OK
INFO:     127.0.0.1:58644 - "GET /api/price-lists?format_code=TEST_01 HTTP/1.1" 200 OK
INFO:     127.0.0.1:58691 - "GET /api/current-user HTTP/1.1" 200 OK
INFO:     127.0.0.1:58693 - "GET /api/current-user HTTP/1.1" 200 OK
INFO:     127.0.0.1:58692 - "GET /api/price-formats HTTP/1.1" 200 OK
INFO:     127.0.0.1:58694 - "GET /api/price-formats HTTP/1.1" 200 OK
INFO:     127.0.0.1:58703 - "GET /api/pricing-rules HTTP/1.1" 200 OK
INFO:     127.0.0.1:58699 - "GET /api/price-formats/TEST_01/settings HTTP/1.1" 200 OK
INFO:     127.0.0.1:58702 - "GET /api/references/status HTTP/1.1" 200 OK
INFO:     127.0.0.1:58711 - "GET /api/references/status HTTP/1.1" 200 OK
INFO:     127.0.0.1:58704 - "GET /api/price-formats/TEST_01/settings HTTP/1.1" 200 OK
INFO:     127.0.0.1:58713 - "GET /api/pricing-rules HTTP/1.1" 200 OK
INFO:     127.0.0.1:58700 - "GET /api/price-lists?format_code=TEST_01 HTTP/1.1" 200 OK
INFO:     127.0.0.1:58707 - "GET /api/price-lists?format_code=TEST_01 HTTP/1.1" 200 OK
2026-07-27 23:19:41,933 [INFO] [PRICE_LIST_ASSIGNMENT_DEBUG] source_type=vidman account_id=1 price_list_id=1478 price_name=јлматы Ч ¬»¬ј ‘арм Ч Zhadi-90@mail.ru items_count=85 real_items_count_from_db=85 visible=true hidden_reason=
2026-07-27 23:19:41,933 [INFO] [PRICE_LIST_ASSIGNMENT_DEBUG] source_type=provisor account_id=4 price_list_id=8322 price_name=јтамирас “ќќ (ATAMIRAS.S “ќќ јлматы) Ч јтамирас “ќќ (ATAMIRAS.S “ќќ јлматы) Ч Aksai4/83 items_count=3767 real_items_count_from_db=3767 visible=true hidden_reason=
2026-07-27 23:19:41,933 [INFO] [PRICE_LIST_ASSIGNMENT_DEBUG] source_type=provisor account_id=3 price_list_id=1417 price_name=«ерде “ќќ Ќѕќ (јктау) Ч «ерде “ќќ Ќѕќ (јктау) Ч ∆асулан-‘арм items_count=2408 real_items_count_from_db=2408 visible=true hidden_reason=
2026-07-27 23:19:41,933 [INFO] [PRICE_LIST_ASSIGNMENT_DEBUG] source_type=provisor account_id=4 price_list_id=1392 price_name=ћедсервис (јтырау) Ч ћедсервис (јтырау) Ч Aksai4/83 items_count=5935 real_items_count_from_db=5935 visible=true hidden_reason=
2026-07-27 23:19:41,933 [INFO] [PRICE_LIST_ASSIGNMENT_DEBUG] source_type=provisor account_id=4 price_list_id=1397 price_name=«ерде “ќќ Ќѕќ (јлматы) Ч «ерде “ќќ Ќѕќ (јлматы) Ч Aksai4/83 items_count=2235 real_items_count_from_db=2235 visible=true hidden_reason=
2026-07-27 23:19:41,934 [INFO] [PRICE_LIST_ASSIGNMENT_DEBUG] source_type=provisor account_id=3 price_list_id=1418 price_name=јк-Ќиет (јктау) Ч јк-Ќиет (јктау) Ч ∆асулан-‘арм items_count=2 real_items_count_from_db=2 visible=true hidden_reason=
2026-07-27 23:19:41,934 [INFO] [PRICE_LIST_ASSIGNMENT_DEBUG] source_type=provisor account_id=4 price_list_id=1145 price_name=јтамирас “ќќ (ATAMIRAS.S “ќќ Ўымкент) Ч јтамирас “ќќ (ATAMIRAS.S “ќќ Ўымкент) Ч Aksai4/83 items_count=4208 real_items_count_from_db=4208 visible=true hidden_reason=
2026-07-27 23:19:41,934 [INFO] [PRICE_LIST_ASSIGNMENT_DEBUG] source_type=provisor account_id=4 price_list_id=158 price_name=ћедсервис ( ызылорда) Ч ћедсервис ( ызылорда) Ч Aksai4/83 items_count=5977 real_items_count_from_db=5977 visible=true hidden_reason=
2026-07-27 23:19:41,934 [INFO] [PRICE_LIST_ASSIGNMENT_DEBUG] source_type=provisor account_id=3 price_list_id=159 price_name=ћедсервис (јктау) Ч ћедсервис (јктау) Ч ∆асулан-‘арм items_count=4948 real_items_count_from_db=4948 visible=true hidden_reason=
2026-07-27 23:19:41,934 [INFO] [PRICE_LIST_ASSIGNMENT_DEBUG] source_type=provisor account_id=4 price_list_id=155 price_name=ћедсервис (ѕавлодар) Ч ћедсервис (ѕавлодар) Ч Aksai4/83 items_count=5414 real_items_count_from_db=5414 visible=true hidden_reason=
2026-07-27 23:19:41,934 [INFO] [PRICE_LIST_ASSIGNMENT_DEBUG] source_type=provisor account_id=4 price_list_id=128 price_name=»нкар (јлматы) Ч »нкар (јлматы) Ч Aksai4/83 items_count=2773 real_items_count_from_db=2773 visible=true hidden_reason=
2026-07-27 23:19:41,934 [INFO] [PRICE_LIST_ASSIGNMENT_DEBUG] source_type=provisor account_id=4 price_list_id=1075 price_name=јманат (јлматы) Ч јманат (јлматы) Ч Aksai4/83 items_count=5183 real_items_count_from_db=5183 visible=true hidden_reason=
2026-07-27 23:19:41,934 [INFO] [PRICE_LIST_ASSIGNMENT_DEBUG] source_type=provisor account_id=3 price_list_id=302 price_name=јманат (јктау) Ч јманат (јктау) Ч ∆асулан-‘арм items_count=4454 real_items_count_from_db=4454 visible=true hidden_reason=
2026-07-27 23:19:41,934 [INFO] [PRICE_LIST_ASSIGNMENT_DEBUG] source_type=provisor account_id=3 price_list_id=8067 price_name=¬ива ‘арм “ќќ(јктау) Ч ¬ива ‘арм “ќќ(јктау) Ч ∆асулан-‘арм items_count=37 real_items_count_from_db=37 visible=true hidden_reason=
2026-07-27 23:19:41,934 [INFO] [PRICE_LIST_ASSIGNMENT_DEBUG] source_type=provisor account_id=3 price_list_id=8781 price_name=“ќќ јЋ јзи€ (јктау) Ч “ќќ јЋ јзи€ (јктау) Ч ∆асулан-‘арм items_count=1 real_items_count_from_db=1 visible=true hidden_reason=
2026-07-27 23:19:41,934 [INFO] [PRICE_LIST_ASSIGNMENT_DEBUG] source_type=provisor account_id=3 price_list_id=8358 price_name=—тофарм средн€€ цена (јктау) Ч —тофарм средн€€ цена (јктау) Ч ∆асулан-‘арм items_count=2385 real_items_count_from_db=2385 visible=true hidden_reason=
2026-07-27 23:19:41,934 [INFO] [PRICE_LIST_ASSIGNMENT_DEBUG] source_type=vidman account_id=2 price_list_id=9665 price_name=јстана Ч “ќќ “ест ћедикал Ч dovulbaevaamangul@gmail.com items_count=224 real_items_count_from_db=224 visible=true hidden_reason=
2026-07-27 23:19:41,934 [INFO] [PRICE_LIST_ASSIGNMENT_DEBUG] source_type=vidman account_id=6 price_list_id=9665 price_name=јстана Ч “ќќ “ест ћедикал Ч aiman.imanbaeva1975@mail.ru items_count=224 real_items_count_from_db=224 visible=true hidden_reason=
2026-07-27 23:19:41,934 [INFO] [PRICE_LIST_ASSIGNMENT_DEBUG] source_type=vidman account_id=1 price_list_id=10925 price_name=јстана Ч »ѕ  азимирова ј.Ќ. (ћедћаг) Ч Zhadi-90@mail.ru items_count=152 real_items_count_from_db=152 visible=true hidden_reason=
2026-07-27 23:19:41,934 [INFO] [PRICE_LIST_ASSIGNMENT_DEBUG] source_type=vidman account_id=6 price_list_id=10925 price_name=јстана Ч »ѕ  азимирова ј.Ќ. (ћедћаг) Ч aiman.imanbaeva1975@mail.ru items_count=152 real_items_count_from_db=152 visible=true hidden_reason=
2026-07-27 23:19:41,934 [INFO] [PRICE_LIST_ASSIGNMENT_DEBUG] source_type=vidman account_id=2 price_list_id=8911 price_name=јлматы Ч “ќќ Rosana.kz Ч dovulbaevaamangul@gmail.com items_count=374 real_items_count_from_db=374 visible=true hidden_reason=
2026-07-27 23:19:41,935 [INFO] [PRICE_LIST_ASSIGNMENT_DEBUG] source_type=vidman account_id=1 price_list_id=8911 price_name=јлматы Ч “ќќ Rosana.kz Ч Zhadi-90@mail.ru items_count=374 real_items_count_from_db=374 visible=true hidden_reason=
2026-07-27 23:19:41,935 [INFO] [PRICE_LIST_ASSIGNMENT_DEBUG] source_type=vidman account_id=6 price_list_id=8911 price_name=јлматы Ч “ќќ Rosana.kz Ч aiman.imanbaeva1975@mail.ru items_count=374 real_items_count_from_db=374 visible=true hidden_reason=
2026-07-27 23:19:41,935 [INFO] [PRICE_LIST_ASSIGNMENT_DEBUG] source_type=vidman account_id=1 price_list_id=11194 price_name= останай Ч “ќќ елешек ‘армаци€ Ч Zhadi-90@mail.ru items_count=4 real_items_count_from_db=4 visible=true hidden_reason=
2026-07-27 23:19:41,935 [INFO] [PRICE_LIST_ASSIGNMENT_DEBUG] source_type=vidman account_id=6 price_list_id=11194 price_name= останай Ч “ќќ елешек ‘армаци€ Ч aiman.imanbaeva1975@mail.ru items_count=4 real_items_count_from_db=4 visible=true hidden_reason=
2026-07-27 23:19:41,935 [INFO] [PRICE_LIST_ASSIGNMENT_DEBUG] source_type=vidman account_id=2 price_list_id=11607 price_name=јстана Ч “ќќ Kazbiotech Ч dovulbaevaamangul@gmail.com items_count=12 real_items_count_from_db=12 visible=true hidden_reason=
2026-07-27 23:19:41,935 [INFO] [PRICE_LIST_ASSIGNMENT_DEBUG] source_type=vidman account_id=1 price_list_id=11607 price_name=јстана Ч “ќќ Kazbiotech Ч Zhadi-90@mail.ru items_count=12 real_items_count_from_db=12 visible=true hidden_reason=
2026-07-27 23:19:41,935 [INFO] [PRICE_LIST_ASSIGNMENT_DEBUG] source_type=vidman account_id=6 price_list_id=11607 price_name=јстана Ч “ќќ Kazbiotech Ч aiman.imanbaeva1975@mail.ru items_count=12 real_items_count_from_db=12 visible=true hidden_reason=
2026-07-27 23:19:41,935 [INFO] [PRICE_LIST_ASSIGNMENT_DEBUG] source_type=vidman account_id=6 price_list_id=8394 price_name=Ўымкент Ч “ќќ ‘ј–ћј“ Ч aiman.imanbaeva1975@mail.ru items_count=2768 real_items_count_from_db=2768 visible=true hidden_reason=
2026-07-27 23:19:41,935 [INFO] [PRICE_LIST_ASSIGNMENT_DEBUG] source_type=vidman account_id=6 price_list_id=10298 price_name=Ўымкент Ч Belasar Pharmacy Ч aiman.imanbaeva1975@mail.ru items_count=3189 real_items_count_from_db=3189 visible=true hidden_reason=
2026-07-27 23:19:41,935 [INFO] [PRICE_LIST_ASSIGNMENT_DEBUG] source_type=vidman account_id=1 price_list_id=1212 price_name=јктобе Ч «ерде јктобе Ч Zhadi-90@mail.ru items_count=2098 real_items_count_from_db=2098 visible=true hidden_reason=
2026-07-27 23:19:41,935 [INFO] [PRICE_LIST_ASSIGNMENT_DEBUG] source_type=vidman account_id=1 price_list_id=391 price_name=јлматы Ч «ерде јлматы Ч Zhadi-90@mail.ru items_count=2183 real_items_count_from_db=2183 visible=true hidden_reason=
2026-07-27 23:19:41,935 [INFO] [PRICE_LIST_ASSIGNMENT_DEBUG] source_type=vidman account_id=1 price_list_id=175 price_name=јктау Ч ћедсервис ѕлюс јктау Ч Zhadi-90@mail.ru items_count=4763 real_items_count_from_db=4763 visible=true hidden_reason=
2026-07-27 23:19:41,935 [INFO] [PRICE_LIST_ASSIGNMENT_DEBUG] source_type=vidman account_id=6 price_list_id=388 price_name=јлматы Ч “ур—ад Ч aiman.imanbaeva1975@mail.ru items_count=1328 real_items_count_from_db=1328 visible=true hidden_reason=
2026-07-27 23:19:41,935 [INFO] [PRICE_LIST_ASSIGNMENT_DEBUG] source_type=vidman account_id=1 price_list_id=9352 price_name=јктау Ч »нкар јктау Ч Zhadi-90@mail.ru items_count=2347 real_items_count_from_db=2347 visible=true hidden_reason=
2026-07-27 23:19:41,935 [INFO] [PRICE_LIST_ASSIGNMENT_DEBUG] source_type=vidman account_id=6 price_list_id=9352 price_name=јктау Ч »нкар јктау Ч aiman.imanbaeva1975@mail.ru items_count=2347 real_items_count_from_db=2347 visible=true hidden_reason=
2026-07-27 23:19:41,936 [INFO] [PRICE_LIST_ASSIGNMENT_DEBUG] source_type=vidman account_id=1 price_list_id=390 price_name=јлматы Ч —адыхан премиум Ч Zhadi-90@mail.ru items_count=3704 real_items_count_from_db=3704 visible=true hidden_reason=
2026-07-27 23:19:41,936 [INFO] [PRICE_LIST_ASSIGNMENT_DEBUG] source_type=vidman account_id=6 price_list_id=5648 price_name=јктобе Ч Dosfarm јктобе Ч aiman.imanbaeva1975@mail.ru items_count=130 real_items_count_from_db=130 visible=true hidden_reason=
2026-07-27 23:19:41,936 [INFO] [PRICE_LIST_ASSIGNMENT_DEBUG] source_type=vidman account_id=1 price_list_id=4237 price_name=јктобе Ч –ј”«ј-јƒ≈ ‘»ЋЋ»јЋ ¬ √ ј “ќЅ≈ Ч Zhadi-90@mail.ru items_count=2100 real_items_count_from_db=2100 visible=true hidden_reason=
2026-07-27 23:19:41,936 [INFO] [PRICE_LIST_ASSIGNMENT_DEBUG] source_type=vidman account_id=6 price_list_id=4237 price_name=јктобе Ч –ј”«ј-јƒ≈ ‘»ЋЋ»јЋ ¬ √ ј “ќЅ≈ Ч aiman.imanbaeva1975@mail.ru items_count=2100 real_items_count_from_db=2100 visible=true hidden_reason=
2026-07-27 23:19:41,936 [INFO] [PRICE_LIST_ASSIGNMENT_DEBUG] source_type=vidman account_id=1 price_list_id=11591 price_name=јктау Ч Ёмити »нтернешнл јктау Ч Zhadi-90@mail.ru items_count=4298 real_items_count_from_db=4298 visible=true hidden_reason=
2026-07-27 23:19:41,936 [INFO] [PRICE_LIST_ASSIGNMENT_DEBUG] source_type=vidman account_id=2 price_list_id=1212 price_name=јктобе Ч «ерде јктобе Ч dovulbaevaamangul@gmail.com items_count=2098 real_items_count_from_db=2098 visible=true hidden_reason=
2026-07-27 23:19:41,936 [INFO] [PRICE_LIST_ASSIGNMENT_DEBUG] source_type=vidman account_id=2 price_list_id=5927 price_name=јктау Ч —тофарм јктау Ч dovulbaevaamangul@gmail.com items_count=2293 real_items_count_from_db=2293 visible=true hidden_reason=
2026-07-27 23:19:41,936 [INFO] [PRICE_LIST_ASSIGNMENT_DEBUG] source_type=vidman account_id=6 price_list_id=10364 price_name=јктау Ч »нкар јктау Ч aiman.imanbaeva1975@mail.ru items_count=2359 real_items_count_from_db=2359 visible=true hidden_reason=
2026-07-27 23:19:41,936 [INFO] [PRICE_LIST_ASSIGNMENT_DEBUG] source_type=vidman account_id=2 price_list_id=10364 price_name=јктау Ч »нкар јктау Ч dovulbaevaamangul@gmail.com items_count=2359 real_items_count_from_db=2359 visible=true hidden_reason=
2026-07-27 23:19:41,936 [INFO] [PRICE_LIST_ASSIGNMENT_DEBUG] source_type=vidman account_id=6 price_list_id=10427 price_name=јктау Ч »нкар јктау Ч aiman.imanbaeva1975@mail.ru items_count=2359 real_items_count_from_db=2359 visible=true hidden_reason=
2026-07-27 23:19:41,936 [INFO] [PRICE_LIST_ASSIGNMENT_DEBUG] source_type=vidman account_id=2 price_list_id=4237 price_name=јктобе Ч –ј”«ј-јƒ≈ ‘»ЋЋ»јЋ ¬ √ ј “ќЅ≈ Ч dovulbaevaamangul@gmail.com items_count=2100 real_items_count_from_db=2100 visible=true hidden_reason=
2026-07-27 23:19:41,936 [INFO] [PRICE_LIST_ASSIGNMENT_DEBUG] source_type=vidman account_id=1 price_list_id=247 price_name=јктобе Ч јманат јктобе Ч Zhadi-90@mail.ru items_count=4618 real_items_count_from_db=4618 visible=true hidden_reason=
2026-07-27 23:19:41,936 [INFO] [PRICE_LIST_ASSIGNMENT_DEBUG] source_type=vidman account_id=6 price_list_id=11591 price_name=јктау Ч Ёмити »нтернешнл јктау Ч aiman.imanbaeva1975@mail.ru items_count=4298 real_items_count_from_db=4298 visible=true hidden_reason=
2026-07-27 23:19:41,941 [INFO] [PRICE_LIST_ASSIGNMENT_DEBUG] source_type=vidman account_id=1 price_list_id=1478 price_name=јлматы Ч ¬»¬ј ‘арм Ч Zhadi-90@mail.ru items_count=85 real_items_count_from_db=85 visible=true hidden_reason=
2026-07-27 23:19:41,944 [INFO] [PRICE_LIST_ASSIGNMENT_DEBUG] source_type=provisor account_id=4 price_list_id=8322 price_name=јтамирас “ќќ (ATAMIRAS.S “ќќ јлматы) Ч јтамирас “ќќ (ATAMIRAS.S “ќќ јлматы) Ч Aksai4/83 items_count=3767 real_items_count_from_db=3767 visible=true hidden_reason=
2026-07-27 23:19:41,945 [INFO] [PRICE_LIST_ASSIGNMENT_DEBUG] source_type=provisor account_id=3 price_list_id=1417 price_name=«ерде “ќќ Ќѕќ (јктау) Ч «ерде “ќќ Ќѕќ (јктау) Ч ∆асулан-‘арм items_count=2408 real_items_count_from_db=2408 visible=true hidden_reason=
2026-07-27 23:19:41,945 [INFO] [PRICE_LIST_ASSIGNMENT_DEBUG] source_type=provisor account_id=4 price_list_id=1392 price_name=ћедсервис (јтырау) Ч ћедсервис (јтырау) Ч Aksai4/83 items_count=5935 real_items_count_from_db=5935 visible=true hidden_reason=
2026-07-27 23:19:41,945 [INFO] [PRICE_LIST_ASSIGNMENT_DEBUG] source_type=provisor account_id=4 price_list_id=1397 price_name=«ерде “ќќ Ќѕќ (јлматы) Ч «ерде “ќќ Ќѕќ (јлматы) Ч Aksai4/83 items_count=2235 real_items_count_from_db=2235 visible=true hidden_reason=
2026-07-27 23:19:41,945 [INFO] [PRICE_LIST_ASSIGNMENT_DEBUG] source_type=provisor account_id=3 price_list_id=1418 price_name=јк-Ќиет (јктау) Ч јк-Ќиет (јктау) Ч ∆асулан-‘арм items_count=2 real_items_count_from_db=2 visible=true hidden_reason=
2026-07-27 23:19:41,945 [INFO] [PRICE_LIST_ASSIGNMENT_DEBUG] source_type=provisor account_id=4 price_list_id=1145 price_name=јтамирас “ќќ (ATAMIRAS.S “ќќ Ўымкент) Ч јтамирас “ќќ (ATAMIRAS.S “ќќ Ўымкент) Ч Aksai4/83 items_count=4208 real_items_count_from_db=4208 visible=true hidden_reason=
2026-07-27 23:19:41,945 [INFO] [PRICE_LIST_ASSIGNMENT_DEBUG] source_type=provisor account_id=4 price_list_id=158 price_name=ћедсервис ( ызылорда) Ч ћедсервис ( ызылорда) Ч Aksai4/83 items_count=5977 real_items_count_from_db=5977 visible=true hidden_reason=
INFO:     127.0.0.1:58708 - "GET /api/competitors/price-lists?format_code=TEST_01 HTTP/1.1" 200 OK
2026-07-27 23:19:41,945 [INFO] [PRICE_LIST_ASSIGNMENT_DEBUG] source_type=provisor account_id=3 price_list_id=159 price_name=ћедсервис (јктау) Ч ћедсервис (јктау) Ч ∆асулан-‘арм items_count=4948 real_items_count_from_db=4948 visible=true hidden_reason=
2026-07-27 23:19:41,945 [INFO] [PRICE_LIST_ASSIGNMENT_DEBUG] source_type=provisor account_id=4 price_list_id=155 price_name=ћедсервис (ѕавлодар) Ч ћедсервис (ѕавлодар) Ч Aksai4/83 items_count=5414 real_items_count_from_db=5414 visible=true hidden_reason=
2026-07-27 23:19:41,946 [INFO] [PRICE_LIST_ASSIGNMENT_DEBUG] source_type=provisor account_id=4 price_list_id=128 price_name=»нкар (јлматы) Ч »нкар (јлматы) Ч Aksai4/83 items_count=2773 real_items_count_from_db=2773 visible=true hidden_reason=
2026-07-27 23:19:41,946 [INFO] [PRICE_LIST_ASSIGNMENT_DEBUG] source_type=provisor account_id=4 price_list_id=1075 price_name=јманат (јлматы) Ч јманат (јлматы) Ч Aksai4/83 items_count=5183 real_items_count_from_db=5183 visible=true hidden_reason=
2026-07-27 23:19:41,946 [INFO] [PRICE_LIST_ASSIGNMENT_DEBUG] source_type=provisor account_id=3 price_list_id=302 price_name=јманат (јктау) Ч јманат (јктау) Ч ∆асулан-‘арм items_count=4454 real_items_count_from_db=4454 visible=true hidden_reason=
2026-07-27 23:19:41,946 [INFO] [PRICE_LIST_ASSIGNMENT_DEBUG] source_type=provisor account_id=3 price_list_id=8067 price_name=¬ива ‘арм “ќќ(јктау) Ч ¬ива ‘арм “ќќ(јктау) Ч ∆асулан-‘арм items_count=37 real_items_count_from_db=37 visible=true hidden_reason=
2026-07-27 23:19:41,946 [INFO] [PRICE_LIST_ASSIGNMENT_DEBUG] source_type=provisor account_id=3 price_list_id=8781 price_name=“ќќ јЋ јзи€ (јктау) Ч “ќќ јЋ јзи€ (јктау) Ч ∆асулан-‘арм items_count=1 real_items_count_from_db=1 visible=true hidden_reason=
2026-07-27 23:19:41,946 [INFO] [PRICE_LIST_ASSIGNMENT_DEBUG] source_type=provisor account_id=3 price_list_id=8358 price_name=—тофарм средн€€ цена (јктау) Ч —тофарм средн€€ цена (јктау) Ч ∆асулан-‘арм items_count=2385 real_items_count_from_db=2385 visible=true hidden_reason=
2026-07-27 23:19:41,946 [INFO] [PRICE_LIST_ASSIGNMENT_DEBUG] source_type=vidman account_id=2 price_list_id=9665 price_name=јстана Ч “ќќ “ест ћедикал Ч dovulbaevaamangul@gmail.com items_count=224 real_items_count_from_db=224 visible=true hidden_reason=
2026-07-27 23:19:41,946 [INFO] [PRICE_LIST_ASSIGNMENT_DEBUG] source_type=vidman account_id=6 price_list_id=9665 price_name=јстана Ч “ќќ “ест ћедикал Ч aiman.imanbaeva1975@mail.ru items_count=224 real_items_count_from_db=224 visible=true hidden_reason=
2026-07-27 23:19:41,946 [INFO] [PRICE_LIST_ASSIGNMENT_DEBUG] source_type=vidman account_id=1 price_list_id=10925 price_name=јстана Ч »ѕ  азимирова ј.Ќ. (ћедћаг) Ч Zhadi-90@mail.ru items_count=152 real_items_count_from_db=152 visible=true hidden_reason=
2026-07-27 23:19:41,946 [INFO] [PRICE_LIST_ASSIGNMENT_DEBUG] source_type=vidman account_id=6 price_list_id=10925 price_name=јстана Ч »ѕ  азимирова ј.Ќ. (ћедћаг) Ч aiman.imanbaeva1975@mail.ru items_count=152 real_items_count_from_db=152 visible=true hidden_reason=
2026-07-27 23:19:41,946 [INFO] [PRICE_LIST_ASSIGNMENT_DEBUG] source_type=vidman account_id=2 price_list_id=8911 price_name=јлматы Ч “ќќ Rosana.kz Ч dovulbaevaamangul@gmail.com items_count=374 real_items_count_from_db=374 visible=true hidden_reason=
2026-07-27 23:19:41,946 [INFO] [PRICE_LIST_ASSIGNMENT_DEBUG] source_type=vidman account_id=1 price_list_id=8911 price_name=јлматы Ч “ќќ Rosana.kz Ч Zhadi-90@mail.ru items_count=374 real_items_count_from_db=374 visible=true hidden_reason=
2026-07-27 23:19:41,946 [INFO] [PRICE_LIST_ASSIGNMENT_DEBUG] source_type=vidman account_id=6 price_list_id=8911 price_name=јлматы Ч “ќќ Rosana.kz Ч aiman.imanbaeva1975@mail.ru items_count=374 real_items_count_from_db=374 visible=true hidden_reason=
2026-07-27 23:19:41,946 [INFO] [PRICE_LIST_ASSIGNMENT_DEBUG] source_type=vidman account_id=1 price_list_id=11194 price_name= останай Ч “ќќ елешек ‘армаци€ Ч Zhadi-90@mail.ru items_count=4 real_items_count_from_db=4 visible=true hidden_reason=
2026-07-27 23:19:41,947 [INFO] [PRICE_LIST_ASSIGNMENT_DEBUG] source_type=vidman account_id=6 price_list_id=11194 price_name= останай Ч “ќќ елешек ‘армаци€ Ч aiman.imanbaeva1975@mail.ru items_count=4 real_items_count_from_db=4 visible=true hidden_reason=
2026-07-27 23:19:41,947 [INFO] [PRICE_LIST_ASSIGNMENT_DEBUG] source_type=vidman account_id=2 price_list_id=11607 price_name=јстана Ч “ќќ Kazbiotech Ч dovulbaevaamangul@gmail.com items_count=12 real_items_count_from_db=12 visible=true hidden_reason=
2026-07-27 23:19:41,947 [INFO] [PRICE_LIST_ASSIGNMENT_DEBUG] source_type=vidman account_id=1 price_list_id=11607 price_name=јстана Ч “ќќ Kazbiotech Ч Zhadi-90@mail.ru items_count=12 real_items_count_from_db=12 visible=true hidden_reason=
2026-07-27 23:19:41,947 [INFO] [PRICE_LIST_ASSIGNMENT_DEBUG] source_type=vidman account_id=6 price_list_id=11607 price_name=јстана Ч “ќќ Kazbiotech Ч aiman.imanbaeva1975@mail.ru items_count=12 real_items_count_from_db=12 visible=true hidden_reason=
2026-07-27 23:19:41,947 [INFO] [PRICE_LIST_ASSIGNMENT_DEBUG] source_type=vidman account_id=6 price_list_id=8394 price_name=Ўымкент Ч “ќќ ‘ј–ћј“ Ч aiman.imanbaeva1975@mail.ru items_count=2768 real_items_count_from_db=2768 visible=true hidden_reason=
2026-07-27 23:19:41,947 [INFO] [PRICE_LIST_ASSIGNMENT_DEBUG] source_type=vidman account_id=6 price_list_id=10298 price_name=Ўымкент Ч Belasar Pharmacy Ч aiman.imanbaeva1975@mail.ru items_count=3189 real_items_count_from_db=3189 visible=true hidden_reason=
2026-07-27 23:19:41,947 [INFO] [PRICE_LIST_ASSIGNMENT_DEBUG] source_type=vidman account_id=1 price_list_id=1212 price_name=јктобе Ч «ерде јктобе Ч Zhadi-90@mail.ru items_count=2098 real_items_count_from_db=2098 visible=true hidden_reason=
2026-07-27 23:19:41,947 [INFO] [PRICE_LIST_ASSIGNMENT_DEBUG] source_type=vidman account_id=1 price_list_id=391 price_name=јлматы Ч «ерде јлматы Ч Zhadi-90@mail.ru items_count=2183 real_items_count_from_db=2183 visible=true hidden_reason=
2026-07-27 23:19:41,947 [INFO] [PRICE_LIST_ASSIGNMENT_DEBUG] source_type=vidman account_id=1 price_list_id=175 price_name=јктау Ч ћедсервис ѕлюс јктау Ч Zhadi-90@mail.ru items_count=4763 real_items_count_from_db=4763 visible=true hidden_reason=
2026-07-27 23:19:41,947 [INFO] [PRICE_LIST_ASSIGNMENT_DEBUG] source_type=vidman account_id=6 price_list_id=388 price_name=јлматы Ч “ур—ад Ч aiman.imanbaeva1975@mail.ru items_count=1328 real_items_count_from_db=1328 visible=true hidden_reason=
2026-07-27 23:19:41,947 [INFO] [PRICE_LIST_ASSIGNMENT_DEBUG] source_type=vidman account_id=1 price_list_id=9352 price_name=јктау Ч »нкар јктау Ч Zhadi-90@mail.ru items_count=2347 real_items_count_from_db=2347 visible=true hidden_reason=
2026-07-27 23:19:41,947 [INFO] [PRICE_LIST_ASSIGNMENT_DEBUG] source_type=vidman account_id=6 price_list_id=9352 price_name=јктау Ч »нкар јктау Ч aiman.imanbaeva1975@mail.ru items_count=2347 real_items_count_from_db=2347 visible=true hidden_reason=
2026-07-27 23:19:41,947 [INFO] [PRICE_LIST_ASSIGNMENT_DEBUG] source_type=vidman account_id=1 price_list_id=390 price_name=јлматы Ч —адыхан премиум Ч Zhadi-90@mail.ru items_count=3704 real_items_count_from_db=3704 visible=true hidden_reason=
2026-07-27 23:19:41,947 [INFO] [PRICE_LIST_ASSIGNMENT_DEBUG] source_type=vidman account_id=6 price_list_id=5648 price_name=јктобе Ч Dosfarm јктобе Ч aiman.imanbaeva1975@mail.ru items_count=130 real_items_count_from_db=130 visible=true hidden_reason=
2026-07-27 23:19:41,947 [INFO] [PRICE_LIST_ASSIGNMENT_DEBUG] source_type=vidman account_id=1 price_list_id=4237 price_name=јктобе Ч –ј”«ј-јƒ≈ ‘»ЋЋ»јЋ ¬ √ ј “ќЅ≈ Ч Zhadi-90@mail.ru items_count=2100 real_items_count_from_db=2100 visible=true hidden_reason=
2026-07-27 23:19:41,947 [INFO] [PRICE_LIST_ASSIGNMENT_DEBUG] source_type=vidman account_id=6 price_list_id=4237 price_name=јктобе Ч –ј”«ј-јƒ≈ ‘»ЋЋ»јЋ ¬ √ ј “ќЅ≈ Ч aiman.imanbaeva1975@mail.ru items_count=2100 real_items_count_from_db=2100 visible=true hidden_reason=
2026-07-27 23:19:41,947 [INFO] [PRICE_LIST_ASSIGNMENT_DEBUG] source_type=vidman account_id=1 price_list_id=11591 price_name=јктау Ч Ёмити »нтернешнл јктау Ч Zhadi-90@mail.ru items_count=4298 real_items_count_from_db=4298 visible=true hidden_reason=
2026-07-27 23:19:41,947 [INFO] [PRICE_LIST_ASSIGNMENT_DEBUG] source_type=vidman account_id=2 price_list_id=1212 price_name=јктобе Ч «ерде јктобе Ч dovulbaevaamangul@gmail.com items_count=2098 real_items_count_from_db=2098 visible=true hidden_reason=
2026-07-27 23:19:41,947 [INFO] [PRICE_LIST_ASSIGNMENT_DEBUG] source_type=vidman account_id=2 price_list_id=5927 price_name=јктау Ч —тофарм јктау Ч dovulbaevaamangul@gmail.com items_count=2293 real_items_count_from_db=2293 visible=true hidden_reason=
2026-07-27 23:19:41,947 [INFO] [PRICE_LIST_ASSIGNMENT_DEBUG] source_type=vidman account_id=6 price_list_id=10364 price_name=јктау Ч »нкар јктау Ч aiman.imanbaeva1975@mail.ru items_count=2359 real_items_count_from_db=2359 visible=true hidden_reason=
2026-07-27 23:19:41,947 [INFO] [PRICE_LIST_ASSIGNMENT_DEBUG] source_type=vidman account_id=2 price_list_id=10364 price_name=јктау Ч »нкар јктау Ч dovulbaevaamangul@gmail.com items_count=2359 real_items_count_from_db=2359 visible=true hidden_reason=
2026-07-27 23:19:41,947 [INFO] [PRICE_LIST_ASSIGNMENT_DEBUG] source_type=vidman account_id=6 price_list_id=10427 price_name=јктау Ч »нкар јктау Ч aiman.imanbaeva1975@mail.ru items_count=2359 real_items_count_from_db=2359 visible=true hidden_reason=
2026-07-27 23:19:41,947 [INFO] [PRICE_LIST_ASSIGNMENT_DEBUG] source_type=vidman account_id=2 price_list_id=4237 price_name=јктобе Ч –ј”«ј-јƒ≈ ‘»ЋЋ»јЋ ¬ √ ј “ќЅ≈ Ч dovulbaevaamangul@gmail.com items_count=2100 real_items_count_from_db=2100 visible=true hidden_reason=
2026-07-27 23:19:41,947 [INFO] [PRICE_LIST_ASSIGNMENT_DEBUG] source_type=vidman account_id=1 price_list_id=247 price_name=јктобе Ч јманат јктобе Ч Zhadi-90@mail.ru items_count=4618 real_items_count_from_db=4618 visible=true hidden_reason=
2026-07-27 23:19:41,948 [INFO] [PRICE_LIST_ASSIGNMENT_DEBUG] source_type=vidman account_id=6 price_list_id=11591 price_name=јктау Ч Ёмити »нтернешнл јктау Ч aiman.imanbaeva1975@mail.ru items_count=4298 real_items_count_from_db=4298 visible=true hidden_reason=
INFO:     127.0.0.1:58701 - "GET /api/competitors/price-lists?format_code=TEST_01 HTTP/1.1" 200 OK
INFO:     127.0.0.1:58721 - "GET /api/price-lists?format_code=%D0%98%D0%9F%D0%9B_01_002 HTTP/1.1" 200 OK
INFO:     127.0.0.1:58718 - "GET /api/price-formats/TEST_01/settings HTTP/1.1" 200 OK
INFO:     127.0.0.1:58720 - "GET /api/price-formats/%D0%98%D0%9F%D0%9B_01_002/settings HTTP/1.1" 200 OK
INFO:     127.0.0.1:58719 - "GET /api/price-lists?format_code=TEST_01 HTTP/1.1" 200 OK
INFO:     127.0.0.1:58729 - "GET /api/price-lists?format_code=%D0%98%D0%9F%D0%9B_01_002 HTTP/1.1" 200 OK
INFO:     127.0.0.1:58728 - "GET /api/price-formats/%D0%98%D0%9F%D0%9B_01_002/settings HTTP/1.1" 200 OK
INFO:     127.0.0.1:58726 - "GET /api/price-formats/TEST_01/settings HTTP/1.1" 200 OK
INFO:     127.0.0.1:58727 - "GET /api/price-lists?format_code=TEST_01 HTTP/1.1" 200 OK
INFO:     127.0.0.1:58738 - "GET /api/competitors/percentiles?format_code=TEST_01&percentile_source=emit HTTP/1.1" 200 OK
INFO:     127.0.0.1:58743 - "GET /api/price-lists/latest?format_code=TEST_01 HTTP/1.1" 200 OK
INFO:     127.0.0.1:58742 - "GET /api/price-formats/TEST_01/settings HTTP/1.1" 200 OK
2026-07-27 23:19:43,140 [INFO] [PRICE_LIST_ASSIGNMENT_DEBUG] source_type=vidman account_id=1 price_list_id=1478 price_name=јлматы Ч ¬»¬ј ‘арм Ч Zhadi-90@mail.ru items_count=85 real_items_count_from_db=85 visible=true hidden_reason=
2026-07-27 23:19:43,140 [INFO] [PRICE_LIST_ASSIGNMENT_DEBUG] source_type=provisor account_id=4 price_list_id=8322 price_name=јтамирас “ќќ (ATAMIRAS.S “ќќ јлматы) Ч јтамирас “ќќ (ATAMIRAS.S “ќќ јлматы) Ч Aksai4/83 items_count=3767 real_items_count_from_db=3767 visible=true hidden_reason=
2026-07-27 23:19:43,140 [INFO] [PRICE_LIST_ASSIGNMENT_DEBUG] source_type=provisor account_id=3 price_list_id=1417 price_name=«ерде “ќќ Ќѕќ (јктау) Ч «ерде “ќќ Ќѕќ (јктау) Ч ∆асулан-‘арм items_count=2408 real_items_count_from_db=2408 visible=true hidden_reason=
2026-07-27 23:19:43,140 [INFO] [PRICE_LIST_ASSIGNMENT_DEBUG] source_type=provisor account_id=4 price_list_id=1392 price_name=ћедсервис (јтырау) Ч ћедсервис (јтырау) Ч Aksai4/83 items_count=5935 real_items_count_from_db=5935 visible=true hidden_reason=
2026-07-27 23:19:43,140 [INFO] [PRICE_LIST_ASSIGNMENT_DEBUG] source_type=provisor account_id=4 price_list_id=1397 price_name=«ерде “ќќ Ќѕќ (јлматы) Ч «ерде “ќќ Ќѕќ (јлматы) Ч Aksai4/83 items_count=2235 real_items_count_from_db=2235 visible=true hidden_reason=
2026-07-27 23:19:43,140 [INFO] [PRICE_LIST_ASSIGNMENT_DEBUG] source_type=provisor account_id=3 price_list_id=1418 price_name=јк-Ќиет (јктау) Ч јк-Ќиет (јктау) Ч ∆асулан-‘арм items_count=2 real_items_count_from_db=2 visible=true hidden_reason=
2026-07-27 23:19:43,140 [INFO] [PRICE_LIST_ASSIGNMENT_DEBUG] source_type=provisor account_id=4 price_list_id=1145 price_name=јтамирас “ќќ (ATAMIRAS.S “ќќ Ўымкент) Ч јтамирас “ќќ (ATAMIRAS.S “ќќ Ўымкент) Ч Aksai4/83 items_count=4208 real_items_count_from_db=4208 visible=true hidden_reason=
2026-07-27 23:19:43,140 [INFO] [PRICE_LIST_ASSIGNMENT_DEBUG] source_type=provisor account_id=4 price_list_id=158 price_name=ћедсервис ( ызылорда) Ч ћедсервис ( ызылорда) Ч Aksai4/83 items_count=5977 real_items_count_from_db=5977 visible=true hidden_reason=
2026-07-27 23:19:43,140 [INFO] [PRICE_LIST_ASSIGNMENT_DEBUG] source_type=provisor account_id=3 price_list_id=159 price_name=ћедсервис (јктау) Ч ћедсервис (јктау) Ч ∆асулан-‘арм items_count=4948 real_items_count_from_db=4948 visible=true hidden_reason=
2026-07-27 23:19:43,140 [INFO] [PRICE_LIST_ASSIGNMENT_DEBUG] source_type=provisor account_id=4 price_list_id=155 price_name=ћедсервис (ѕавлодар) Ч ћедсервис (ѕавлодар) Ч Aksai4/83 items_count=5414 real_items_count_from_db=5414 visible=true hidden_reason=
2026-07-27 23:19:43,140 [INFO] [PRICE_LIST_ASSIGNMENT_DEBUG] source_type=provisor account_id=4 price_list_id=128 price_name=»нкар (јлматы) Ч »нкар (јлматы) Ч Aksai4/83 items_count=2773 real_items_count_from_db=2773 visible=true hidden_reason=
2026-07-27 23:19:43,141 [INFO] [PRICE_LIST_ASSIGNMENT_DEBUG] source_type=provisor account_id=4 price_list_id=1075 price_name=јманат (јлматы) Ч јманат (јлматы) Ч Aksai4/83 items_count=5183 real_items_count_from_db=5183 visible=true hidden_reason=
2026-07-27 23:19:43,141 [INFO] [PRICE_LIST_ASSIGNMENT_DEBUG] source_type=provisor account_id=3 price_list_id=302 price_name=јманат (јктау) Ч јманат (јктау) Ч ∆асулан-‘арм items_count=4454 real_items_count_from_db=4454 visible=true hidden_reason=
2026-07-27 23:19:43,141 [INFO] [PRICE_LIST_ASSIGNMENT_DEBUG] source_type=provisor account_id=3 price_list_id=8067 price_name=¬ива ‘арм “ќќ(јктау) Ч ¬ива ‘арм “ќќ(јктау) Ч ∆асулан-‘арм items_count=37 real_items_count_from_db=37 visible=true hidden_reason=
2026-07-27 23:19:43,141 [INFO] [PRICE_LIST_ASSIGNMENT_DEBUG] source_type=provisor account_id=3 price_list_id=8781 price_name=“ќќ јЋ јзи€ (јктау) Ч “ќќ јЋ јзи€ (јктау) Ч ∆асулан-‘арм items_count=1 real_items_count_from_db=1 visible=true hidden_reason=
2026-07-27 23:19:43,141 [INFO] [PRICE_LIST_ASSIGNMENT_DEBUG] source_type=provisor account_id=3 price_list_id=8358 price_name=—тофарм средн€€ цена (јктау) Ч —тофарм средн€€ цена (јктау) Ч ∆асулан-‘арм items_count=2385 real_items_count_from_db=2385 visible=true hidden_reason=
2026-07-27 23:19:43,141 [INFO] [PRICE_LIST_ASSIGNMENT_DEBUG] source_type=vidman account_id=2 price_list_id=9665 price_name=јстана Ч “ќќ “ест ћедикал Ч dovulbaevaamangul@gmail.com items_count=224 real_items_count_from_db=224 visible=true hidden_reason=
2026-07-27 23:19:43,141 [INFO] [PRICE_LIST_ASSIGNMENT_DEBUG] source_type=vidman account_id=6 price_list_id=9665 price_name=јстана Ч “ќќ “ест ћедикал Ч aiman.imanbaeva1975@mail.ru items_count=224 real_items_count_from_db=224 visible=true hidden_reason=
2026-07-27 23:19:43,141 [INFO] [PRICE_LIST_ASSIGNMENT_DEBUG] source_type=vidman account_id=1 price_list_id=10925 price_name=јстана Ч »ѕ  азимирова ј.Ќ. (ћедћаг) Ч Zhadi-90@mail.ru items_count=152 real_items_count_from_db=152 visible=true hidden_reason=
2026-07-27 23:19:43,141 [INFO] [PRICE_LIST_ASSIGNMENT_DEBUG] source_type=vidman account_id=6 price_list_id=10925 price_name=јстана Ч »ѕ  азимирова ј.Ќ. (ћедћаг) Ч aiman.imanbaeva1975@mail.ru items_count=152 real_items_count_from_db=152 visible=true hidden_reason=
2026-07-27 23:19:43,141 [INFO] [PRICE_LIST_ASSIGNMENT_DEBUG] source_type=vidman account_id=2 price_list_id=8911 price_name=јлматы Ч “ќќ Rosana.kz Ч dovulbaevaamangul@gmail.com items_count=374 real_items_count_from_db=374 visible=true hidden_reason=
2026-07-27 23:19:43,141 [INFO] [PRICE_LIST_ASSIGNMENT_DEBUG] source_type=vidman account_id=1 price_list_id=8911 price_name=јлматы Ч “ќќ Rosana.kz Ч Zhadi-90@mail.ru items_count=374 real_items_count_from_db=374 visible=true hidden_reason=
2026-07-27 23:19:43,142 [INFO] [PRICE_LIST_ASSIGNMENT_DEBUG] source_type=vidman account_id=6 price_list_id=8911 price_name=јлматы Ч “ќќ Rosana.kz Ч aiman.imanbaeva1975@mail.ru items_count=374 real_items_count_from_db=374 visible=true hidden_reason=
2026-07-27 23:19:43,142 [INFO] [PRICE_LIST_ASSIGNMENT_DEBUG] source_type=vidman account_id=1 price_list_id=11194 price_name= останай Ч “ќќ елешек ‘армаци€ Ч Zhadi-90@mail.ru items_count=4 real_items_count_from_db=4 visible=true hidden_reason=
2026-07-27 23:19:43,142 [INFO] [PRICE_LIST_ASSIGNMENT_DEBUG] source_type=vidman account_id=6 price_list_id=11194 price_name= останай Ч “ќќ елешек ‘армаци€ Ч aiman.imanbaeva1975@mail.ru items_count=4 real_items_count_from_db=4 visible=true hidden_reason=
2026-07-27 23:19:43,142 [INFO] [PRICE_LIST_ASSIGNMENT_DEBUG] source_type=vidman account_id=2 price_list_id=11607 price_name=јстана Ч “ќќ Kazbiotech Ч dovulbaevaamangul@gmail.com items_count=12 real_items_count_from_db=12 visible=true hidden_reason=
2026-07-27 23:19:43,142 [INFO] [PRICE_LIST_ASSIGNMENT_DEBUG] source_type=vidman account_id=1 price_list_id=11607 price_name=јстана Ч “ќќ Kazbiotech Ч Zhadi-90@mail.ru items_count=12 real_items_count_from_db=12 visible=true hidden_reason=
2026-07-27 23:19:43,142 [INFO] [PRICE_LIST_ASSIGNMENT_DEBUG] source_type=vidman account_id=6 price_list_id=11607 price_name=јстана Ч “ќќ Kazbiotech Ч aiman.imanbaeva1975@mail.ru items_count=12 real_items_count_from_db=12 visible=true hidden_reason=
2026-07-27 23:19:43,142 [INFO] [PRICE_LIST_ASSIGNMENT_DEBUG] source_type=vidman account_id=6 price_list_id=8394 price_name=Ўымкент Ч “ќќ ‘ј–ћј“ Ч aiman.imanbaeva1975@mail.ru items_count=2768 real_items_count_from_db=2768 visible=true hidden_reason=
2026-07-27 23:19:43,142 [INFO] [PRICE_LIST_ASSIGNMENT_DEBUG] source_type=vidman account_id=6 price_list_id=10298 price_name=Ўымкент Ч Belasar Pharmacy Ч aiman.imanbaeva1975@mail.ru items_count=3189 real_items_count_from_db=3189 visible=true hidden_reason=
2026-07-27 23:19:43,142 [INFO] [PRICE_LIST_ASSIGNMENT_DEBUG] source_type=vidman account_id=1 price_list_id=1212 price_name=јктобе Ч «ерде јктобе Ч Zhadi-90@mail.ru items_count=2098 real_items_count_from_db=2098 visible=true hidden_reason=
2026-07-27 23:19:43,142 [INFO] [PRICE_LIST_ASSIGNMENT_DEBUG] source_type=vidman account_id=1 price_list_id=391 price_name=јлматы Ч «ерде јлматы Ч Zhadi-90@mail.ru items_count=2183 real_items_count_from_db=2183 visible=true hidden_reason=
2026-07-27 23:19:43,142 [INFO] [PRICE_LIST_ASSIGNMENT_DEBUG] source_type=vidman account_id=1 price_list_id=175 price_name=јктау Ч ћедсервис ѕлюс јктау Ч Zhadi-90@mail.ru items_count=4763 real_items_count_from_db=4763 visible=true hidden_reason=
2026-07-27 23:19:43,142 [INFO] [PRICE_LIST_ASSIGNMENT_DEBUG] source_type=vidman account_id=6 price_list_id=388 price_name=јлматы Ч “ур—ад Ч aiman.imanbaeva1975@mail.ru items_count=1328 real_items_count_from_db=1328 visible=true hidden_reason=
2026-07-27 23:19:43,142 [INFO] [PRICE_LIST_ASSIGNMENT_DEBUG] source_type=vidman account_id=1 price_list_id=9352 price_name=јктау Ч »нкар јктау Ч Zhadi-90@mail.ru items_count=2347 real_items_count_from_db=2347 visible=true hidden_reason=
2026-07-27 23:19:43,142 [INFO] [PRICE_LIST_ASSIGNMENT_DEBUG] source_type=vidman account_id=6 price_list_id=9352 price_name=јктау Ч »нкар јктау Ч aiman.imanbaeva1975@mail.ru items_count=2347 real_items_count_from_db=2347 visible=true hidden_reason=
2026-07-27 23:19:43,142 [INFO] [PRICE_LIST_ASSIGNMENT_DEBUG] source_type=vidman account_id=1 price_list_id=390 price_name=јлматы Ч —адыхан премиум Ч Zhadi-90@mail.ru items_count=3704 real_items_count_from_db=3704 visible=true hidden_reason=
2026-07-27 23:19:43,143 [INFO] [PRICE_LIST_ASSIGNMENT_DEBUG] source_type=vidman account_id=6 price_list_id=5648 price_name=јктобе Ч Dosfarm јктобе Ч aiman.imanbaeva1975@mail.ru items_count=130 real_items_count_from_db=130 visible=true hidden_reason=
2026-07-27 23:19:43,143 [INFO] [PRICE_LIST_ASSIGNMENT_DEBUG] source_type=vidman account_id=1 price_list_id=4237 price_name=јктобе Ч –ј”«ј-јƒ≈ ‘»ЋЋ»јЋ ¬ √ ј “ќЅ≈ Ч Zhadi-90@mail.ru items_count=2100 real_items_count_from_db=2100 visible=true hidden_reason=
2026-07-27 23:19:43,143 [INFO] [PRICE_LIST_ASSIGNMENT_DEBUG] source_type=vidman account_id=6 price_list_id=4237 price_name=јктобе Ч –ј”«ј-јƒ≈ ‘»ЋЋ»јЋ ¬ √ ј “ќЅ≈ Ч aiman.imanbaeva1975@mail.ru items_count=2100 real_items_count_from_db=2100 visible=true hidden_reason=
2026-07-27 23:19:43,143 [INFO] [PRICE_LIST_ASSIGNMENT_DEBUG] source_type=vidman account_id=1 price_list_id=11591 price_name=јктау Ч Ёмити »нтернешнл јктау Ч Zhadi-90@mail.ru items_count=4298 real_items_count_from_db=4298 visible=true hidden_reason=
2026-07-27 23:19:43,143 [INFO] [PRICE_LIST_ASSIGNMENT_DEBUG] source_type=vidman account_id=2 price_list_id=1212 price_name=јктобе Ч «ерде јктобе Ч dovulbaevaamangul@gmail.com items_count=2098 real_items_count_from_db=2098 visible=true hidden_reason=
2026-07-27 23:19:43,143 [INFO] [PRICE_LIST_ASSIGNMENT_DEBUG] source_type=vidman account_id=2 price_list_id=5927 price_name=јктау Ч —тофарм јктау Ч dovulbaevaamangul@gmail.com items_count=2293 real_items_count_from_db=2293 visible=true hidden_reason=
2026-07-27 23:19:43,143 [INFO] [PRICE_LIST_ASSIGNMENT_DEBUG] source_type=vidman account_id=6 price_list_id=10364 price_name=јктау Ч »нкар јктау Ч aiman.imanbaeva1975@mail.ru items_count=2359 real_items_count_from_db=2359 visible=true hidden_reason=
2026-07-27 23:19:43,143 [INFO] [PRICE_LIST_ASSIGNMENT_DEBUG] source_type=vidman account_id=2 price_list_id=10364 price_name=јктау Ч »нкар јктау Ч dovulbaevaamangul@gmail.com items_count=2359 real_items_count_from_db=2359 visible=true hidden_reason=
2026-07-27 23:19:43,143 [INFO] [PRICE_LIST_ASSIGNMENT_DEBUG] source_type=vidman account_id=6 price_list_id=10427 price_name=јктау Ч »нкар јктау Ч aiman.imanbaeva1975@mail.ru items_count=2359 real_items_count_from_db=2359 visible=true hidden_reason=
2026-07-27 23:19:43,143 [INFO] [PRICE_LIST_ASSIGNMENT_DEBUG] source_type=vidman account_id=2 price_list_id=4237 price_name=јктобе Ч –ј”«ј-јƒ≈ ‘»ЋЋ»јЋ ¬ √ ј “ќЅ≈ Ч dovulbaevaamangul@gmail.com items_count=2100 real_items_count_from_db=2100 visible=true hidden_reason=
2026-07-27 23:19:43,143 [INFO] [PRICE_LIST_ASSIGNMENT_DEBUG] source_type=vidman account_id=1 price_list_id=247 price_name=јктобе Ч јманат јктобе Ч Zhadi-90@mail.ru items_count=4618 real_items_count_from_db=4618 visible=true hidden_reason=
2026-07-27 23:19:43,143 [INFO] [PRICE_LIST_ASSIGNMENT_DEBUG] source_type=vidman account_id=6 price_list_id=11591 price_name=јктау Ч Ёмити »нтернешнл јктау Ч aiman.imanbaeva1975@mail.ru items_count=4298 real_items_count_from_db=4298 visible=true hidden_reason=
INFO:     127.0.0.1:58736 - "GET /api/competitors/price-lists?format_code=TEST_01 HTTP/1.1" 200 OK
INFO:     127.0.0.1:58741 - "GET /api/price-formats/TEST_01/competitor-assignments HTTP/1.1" 200 OK
INFO:     127.0.0.1:58740 - "GET /api/competitors/percentiles?format_code=TEST_01&percentile_source=competitor HTTP/1.1" 200 OK
INFO:     127.0.0.1:58745 - "GET /api/price-formats/TEST_01/competitor-assignments?include_summary=1 HTTP/1.1" 200 OK
INFO:     127.0.0.1:59136 - "GET /api/price-formats HTTP/1.1" 200 OK
INFO:     127.0.0.1:59135 - "GET /api/current-user HTTP/1.1" 200 OK
INFO:     127.0.0.1:59141 - "GET /api/pricing-rules HTTP/1.1" 200 OK
INFO:     127.0.0.1:59140 - "GET /api/references/status HTTP/1.1" 200 OK
INFO:     127.0.0.1:59135 - "GET /api/price-formats/TEST_01/settings HTTP/1.1" 200 OK
INFO:     127.0.0.1:59136 - "GET /api/price-lists?format_code=TEST_01 HTTP/1.1" 200 OK
2026-07-27 23:21:24,527 [INFO] [PRICE_LIST_ASSIGNMENT_DEBUG] source_type=vidman account_id=1 price_list_id=1478 price_name=јлматы Ч ¬»¬ј ‘арм Ч Zhadi-90@mail.ru items_count=85 real_items_count_from_db=85 visible=true hidden_reason=
2026-07-27 23:21:24,527 [INFO] [PRICE_LIST_ASSIGNMENT_DEBUG] source_type=provisor account_id=4 price_list_id=8322 price_name=јтамирас “ќќ (ATAMIRAS.S “ќќ јлматы) Ч јтамирас “ќќ (ATAMIRAS.S “ќќ јлматы) Ч Aksai4/83 items_count=3767 real_items_count_from_db=3767 visible=true hidden_reason=
2026-07-27 23:21:24,527 [INFO] [PRICE_LIST_ASSIGNMENT_DEBUG] source_type=provisor account_id=3 price_list_id=1417 price_name=«ерде “ќќ Ќѕќ (јктау) Ч «ерде “ќќ Ќѕќ (јктау) Ч ∆асулан-‘арм items_count=2408 real_items_count_from_db=2408 visible=true hidden_reason=
2026-07-27 23:21:24,527 [INFO] [PRICE_LIST_ASSIGNMENT_DEBUG] source_type=provisor account_id=4 price_list_id=1392 price_name=ћедсервис (јтырау) Ч ћедсервис (јтырау) Ч Aksai4/83 items_count=5935 real_items_count_from_db=5935 visible=true hidden_reason=
2026-07-27 23:21:24,527 [INFO] [PRICE_LIST_ASSIGNMENT_DEBUG] source_type=provisor account_id=4 price_list_id=1397 price_name=«ерде “ќќ Ќѕќ (јлматы) Ч «ерде “ќќ Ќѕќ (јлматы) Ч Aksai4/83 items_count=2235 real_items_count_from_db=2235 visible=true hidden_reason=
2026-07-27 23:21:24,527 [INFO] [PRICE_LIST_ASSIGNMENT_DEBUG] source_type=provisor account_id=3 price_list_id=1418 price_name=јк-Ќиет (јктау) Ч јк-Ќиет (јктау) Ч ∆асулан-‘арм items_count=2 real_items_count_from_db=2 visible=true hidden_reason=
2026-07-27 23:21:24,527 [INFO] [PRICE_LIST_ASSIGNMENT_DEBUG] source_type=provisor account_id=4 price_list_id=1145 price_name=јтамирас “ќќ (ATAMIRAS.S “ќќ Ўымкент) Ч јтамирас “ќќ (ATAMIRAS.S “ќќ Ўымкент) Ч Aksai4/83 items_count=4208 real_items_count_from_db=4208 visible=true hidden_reason=
2026-07-27 23:21:24,527 [INFO] [PRICE_LIST_ASSIGNMENT_DEBUG] source_type=provisor account_id=4 price_list_id=158 price_name=ћедсервис ( ызылорда) Ч ћедсервис ( ызылорда) Ч Aksai4/83 items_count=5977 real_items_count_from_db=5977 visible=true hidden_reason=
2026-07-27 23:21:24,527 [INFO] [PRICE_LIST_ASSIGNMENT_DEBUG] source_type=provisor account_id=3 price_list_id=159 price_name=ћедсервис (јктау) Ч ћедсервис (јктау) Ч ∆асулан-‘арм items_count=4948 real_items_count_from_db=4948 visible=true hidden_reason=
2026-07-27 23:21:24,527 [INFO] [PRICE_LIST_ASSIGNMENT_DEBUG] source_type=provisor account_id=4 price_list_id=155 price_name=ћедсервис (ѕавлодар) Ч ћедсервис (ѕавлодар) Ч Aksai4/83 items_count=5414 real_items_count_from_db=5414 visible=true hidden_reason=
2026-07-27 23:21:24,527 [INFO] [PRICE_LIST_ASSIGNMENT_DEBUG] source_type=provisor account_id=4 price_list_id=128 price_name=»нкар (јлматы) Ч »нкар (јлматы) Ч Aksai4/83 items_count=2773 real_items_count_from_db=2773 visible=true hidden_reason=
2026-07-27 23:21:24,527 [INFO] [PRICE_LIST_ASSIGNMENT_DEBUG] source_type=provisor account_id=4 price_list_id=1075 price_name=јманат (јлматы) Ч јманат (јлматы) Ч Aksai4/83 items_count=5183 real_items_count_from_db=5183 visible=true hidden_reason=
2026-07-27 23:21:24,527 [INFO] [PRICE_LIST_ASSIGNMENT_DEBUG] source_type=provisor account_id=3 price_list_id=302 price_name=јманат (јктау) Ч јманат (јктау) Ч ∆асулан-‘арм items_count=4454 real_items_count_from_db=4454 visible=true hidden_reason=
2026-07-27 23:21:24,527 [INFO] [PRICE_LIST_ASSIGNMENT_DEBUG] source_type=provisor account_id=3 price_list_id=8067 price_name=¬ива ‘арм “ќќ(јктау) Ч ¬ива ‘арм “ќќ(јктау) Ч ∆асулан-‘арм items_count=37 real_items_count_from_db=37 visible=true hidden_reason=
2026-07-27 23:21:24,527 [INFO] [PRICE_LIST_ASSIGNMENT_DEBUG] source_type=provisor account_id=3 price_list_id=8781 price_name=“ќќ јЋ јзи€ (јктау) Ч “ќќ јЋ јзи€ (јктау) Ч ∆асулан-‘арм items_count=1 real_items_count_from_db=1 visible=true hidden_reason=
2026-07-27 23:21:24,528 [INFO] [PRICE_LIST_ASSIGNMENT_DEBUG] source_type=provisor account_id=3 price_list_id=8358 price_name=—тофарм средн€€ цена (јктау) Ч —тофарм средн€€ цена (јктау) Ч ∆асулан-‘арм items_count=2385 real_items_count_from_db=2385 visible=true hidden_reason=
2026-07-27 23:21:24,528 [INFO] [PRICE_LIST_ASSIGNMENT_DEBUG] source_type=vidman account_id=2 price_list_id=9665 price_name=јстана Ч “ќќ “ест ћедикал Ч dovulbaevaamangul@gmail.com items_count=224 real_items_count_from_db=224 visible=true hidden_reason=
2026-07-27 23:21:24,528 [INFO] [PRICE_LIST_ASSIGNMENT_DEBUG] source_type=vidman account_id=6 price_list_id=9665 price_name=јстана Ч “ќќ “ест ћедикал Ч aiman.imanbaeva1975@mail.ru items_count=224 real_items_count_from_db=224 visible=true hidden_reason=
2026-07-27 23:21:24,528 [INFO] [PRICE_LIST_ASSIGNMENT_DEBUG] source_type=vidman account_id=1 price_list_id=10925 price_name=јстана Ч »ѕ  азимирова ј.Ќ. (ћедћаг) Ч Zhadi-90@mail.ru items_count=152 real_items_count_from_db=152 visible=true hidden_reason=
2026-07-27 23:21:24,528 [INFO] [PRICE_LIST_ASSIGNMENT_DEBUG] source_type=vidman account_id=6 price_list_id=10925 price_name=јстана Ч »ѕ  азимирова ј.Ќ. (ћедћаг) Ч aiman.imanbaeva1975@mail.ru items_count=152 real_items_count_from_db=152 visible=true hidden_reason=
2026-07-27 23:21:24,528 [INFO] [PRICE_LIST_ASSIGNMENT_DEBUG] source_type=vidman account_id=2 price_list_id=8911 price_name=јлматы Ч “ќќ Rosana.kz Ч dovulbaevaamangul@gmail.com items_count=374 real_items_count_from_db=374 visible=true hidden_reason=
2026-07-27 23:21:24,528 [INFO] [PRICE_LIST_ASSIGNMENT_DEBUG] source_type=vidman account_id=1 price_list_id=8911 price_name=јлматы Ч “ќќ Rosana.kz Ч Zhadi-90@mail.ru items_count=374 real_items_count_from_db=374 visible=true hidden_reason=
2026-07-27 23:21:24,528 [INFO] [PRICE_LIST_ASSIGNMENT_DEBUG] source_type=vidman account_id=6 price_list_id=8911 price_name=јлматы Ч “ќќ Rosana.kz Ч aiman.imanbaeva1975@mail.ru items_count=374 real_items_count_from_db=374 visible=true hidden_reason=
2026-07-27 23:21:24,528 [INFO] [PRICE_LIST_ASSIGNMENT_DEBUG] source_type=vidman account_id=1 price_list_id=11194 price_name= останай Ч “ќќ елешек ‘армаци€ Ч Zhadi-90@mail.ru items_count=4 real_items_count_from_db=4 visible=true hidden_reason=
2026-07-27 23:21:24,528 [INFO] [PRICE_LIST_ASSIGNMENT_DEBUG] source_type=vidman account_id=6 price_list_id=11194 price_name= останай Ч “ќќ елешек ‘армаци€ Ч aiman.imanbaeva1975@mail.ru items_count=4 real_items_count_from_db=4 visible=true hidden_reason=
2026-07-27 23:21:24,528 [INFO] [PRICE_LIST_ASSIGNMENT_DEBUG] source_type=vidman account_id=2 price_list_id=11607 price_name=јстана Ч “ќќ Kazbiotech Ч dovulbaevaamangul@gmail.com items_count=12 real_items_count_from_db=12 visible=true hidden_reason=
2026-07-27 23:21:24,528 [INFO] [PRICE_LIST_ASSIGNMENT_DEBUG] source_type=vidman account_id=1 price_list_id=11607 price_name=јстана Ч “ќќ Kazbiotech Ч Zhadi-90@mail.ru items_count=12 real_items_count_from_db=12 visible=true hidden_reason=
2026-07-27 23:21:24,528 [INFO] [PRICE_LIST_ASSIGNMENT_DEBUG] source_type=vidman account_id=6 price_list_id=11607 price_name=јстана Ч “ќќ Kazbiotech Ч aiman.imanbaeva1975@mail.ru items_count=12 real_items_count_from_db=12 visible=true hidden_reason=
2026-07-27 23:21:24,528 [INFO] [PRICE_LIST_ASSIGNMENT_DEBUG] source_type=vidman account_id=6 price_list_id=8394 price_name=Ўымкент Ч “ќќ ‘ј–ћј“ Ч aiman.imanbaeva1975@mail.ru items_count=2768 real_items_count_from_db=2768 visible=true hidden_reason=
2026-07-27 23:21:24,528 [INFO] [PRICE_LIST_ASSIGNMENT_DEBUG] source_type=vidman account_id=6 price_list_id=10298 price_name=Ўымкент Ч Belasar Pharmacy Ч aiman.imanbaeva1975@mail.ru items_count=3189 real_items_count_from_db=3189 visible=true hidden_reason=
2026-07-27 23:21:24,528 [INFO] [PRICE_LIST_ASSIGNMENT_DEBUG] source_type=vidman account_id=1 price_list_id=1212 price_name=јктобе Ч «ерде јктобе Ч Zhadi-90@mail.ru items_count=2098 real_items_count_from_db=2098 visible=true hidden_reason=
2026-07-27 23:21:24,528 [INFO] [PRICE_LIST_ASSIGNMENT_DEBUG] source_type=vidman account_id=1 price_list_id=391 price_name=јлматы Ч «ерде јлматы Ч Zhadi-90@mail.ru items_count=2183 real_items_count_from_db=2183 visible=true hidden_reason=
2026-07-27 23:21:24,528 [INFO] [PRICE_LIST_ASSIGNMENT_DEBUG] source_type=vidman account_id=1 price_list_id=175 price_name=јктау Ч ћедсервис ѕлюс јктау Ч Zhadi-90@mail.ru items_count=4763 real_items_count_from_db=4763 visible=true hidden_reason=
2026-07-27 23:21:24,528 [INFO] [PRICE_LIST_ASSIGNMENT_DEBUG] source_type=vidman account_id=6 price_list_id=388 price_name=јлматы Ч “ур—ад Ч aiman.imanbaeva1975@mail.ru items_count=1328 real_items_count_from_db=1328 visible=true hidden_reason=
2026-07-27 23:21:24,528 [INFO] [PRICE_LIST_ASSIGNMENT_DEBUG] source_type=vidman account_id=1 price_list_id=9352 price_name=јктау Ч »нкар јктау Ч Zhadi-90@mail.ru items_count=2347 real_items_count_from_db=2347 visible=true hidden_reason=
2026-07-27 23:21:24,528 [INFO] [PRICE_LIST_ASSIGNMENT_DEBUG] source_type=vidman account_id=6 price_list_id=9352 price_name=јктау Ч »нкар јктау Ч aiman.imanbaeva1975@mail.ru items_count=2347 real_items_count_from_db=2347 visible=true hidden_reason=
2026-07-27 23:21:24,528 [INFO] [PRICE_LIST_ASSIGNMENT_DEBUG] source_type=vidman account_id=1 price_list_id=390 price_name=јлматы Ч —адыхан премиум Ч Zhadi-90@mail.ru items_count=3704 real_items_count_from_db=3704 visible=true hidden_reason=
2026-07-27 23:21:24,528 [INFO] [PRICE_LIST_ASSIGNMENT_DEBUG] source_type=vidman account_id=6 price_list_id=5648 price_name=јктобе Ч Dosfarm јктобе Ч aiman.imanbaeva1975@mail.ru items_count=130 real_items_count_from_db=130 visible=true hidden_reason=
2026-07-27 23:21:24,528 [INFO] [PRICE_LIST_ASSIGNMENT_DEBUG] source_type=vidman account_id=1 price_list_id=4237 price_name=јктобе Ч –ј”«ј-јƒ≈ ‘»ЋЋ»јЋ ¬ √ ј “ќЅ≈ Ч Zhadi-90@mail.ru items_count=2100 real_items_count_from_db=2100 visible=true hidden_reason=
2026-07-27 23:21:24,528 [INFO] [PRICE_LIST_ASSIGNMENT_DEBUG] source_type=vidman account_id=6 price_list_id=4237 price_name=јктобе Ч –ј”«ј-јƒ≈ ‘»ЋЋ»јЋ ¬ √ ј “ќЅ≈ Ч aiman.imanbaeva1975@mail.ru items_count=2100 real_items_count_from_db=2100 visible=true hidden_reason=
2026-07-27 23:21:24,528 [INFO] [PRICE_LIST_ASSIGNMENT_DEBUG] source_type=vidman account_id=1 price_list_id=11591 price_name=јктау Ч Ёмити »нтернешнл јктау Ч Zhadi-90@mail.ru items_count=4298 real_items_count_from_db=4298 visible=true hidden_reason=
2026-07-27 23:21:24,528 [INFO] [PRICE_LIST_ASSIGNMENT_DEBUG] source_type=vidman account_id=2 price_list_id=1212 price_name=јктобе Ч «ерде јктобе Ч dovulbaevaamangul@gmail.com items_count=2098 real_items_count_from_db=2098 visible=true hidden_reason=
2026-07-27 23:21:24,528 [INFO] [PRICE_LIST_ASSIGNMENT_DEBUG] source_type=vidman account_id=2 price_list_id=5927 price_name=јктау Ч —тофарм јктау Ч dovulbaevaamangul@gmail.com items_count=2293 real_items_count_from_db=2293 visible=true hidden_reason=
2026-07-27 23:21:24,529 [INFO] [PRICE_LIST_ASSIGNMENT_DEBUG] source_type=vidman account_id=6 price_list_id=10364 price_name=јктау Ч »нкар јктау Ч aiman.imanbaeva1975@mail.ru items_count=2359 real_items_count_from_db=2359 visible=true hidden_reason=
2026-07-27 23:21:24,529 [INFO] [PRICE_LIST_ASSIGNMENT_DEBUG] source_type=vidman account_id=2 price_list_id=10364 price_name=јктау Ч »нкар јктау Ч dovulbaevaamangul@gmail.com items_count=2359 real_items_count_from_db=2359 visible=true hidden_reason=
2026-07-27 23:21:24,529 [INFO] [PRICE_LIST_ASSIGNMENT_DEBUG] source_type=vidman account_id=6 price_list_id=10427 price_name=јктау Ч »нкар јктау Ч aiman.imanbaeva1975@mail.ru items_count=2359 real_items_count_from_db=2359 visible=true hidden_reason=
2026-07-27 23:21:24,529 [INFO] [PRICE_LIST_ASSIGNMENT_DEBUG] source_type=vidman account_id=2 price_list_id=4237 price_name=јктобе Ч –ј”«ј-јƒ≈ ‘»ЋЋ»јЋ ¬ √ ј “ќЅ≈ Ч dovulbaevaamangul@gmail.com items_count=2100 real_items_count_from_db=2100 visible=true hidden_reason=
2026-07-27 23:21:24,529 [INFO] [PRICE_LIST_ASSIGNMENT_DEBUG] source_type=vidman account_id=1 price_list_id=247 price_name=јктобе Ч јманат јктобе Ч Zhadi-90@mail.ru items_count=4618 real_items_count_from_db=4618 visible=true hidden_reason=
2026-07-27 23:21:24,529 [INFO] [PRICE_LIST_ASSIGNMENT_DEBUG] source_type=vidman account_id=6 price_list_id=11591 price_name=јктау Ч Ёмити »нтернешнл јктау Ч aiman.imanbaeva1975@mail.ru items_count=4298 real_items_count_from_db=4298 visible=true hidden_reason=
INFO:     127.0.0.1:59139 - "GET /api/competitors/price-lists?format_code=TEST_01 HTTP/1.1" 200 OK
INFO:     127.0.0.1:59135 - "GET /api/price-lists?format_code=%D0%98%D0%9F%D0%9B_01_002 HTTP/1.1" 200 OK
INFO:     127.0.0.1:59140 - "GET /api/price-formats/%D0%98%D0%9F%D0%9B_01_002/settings HTTP/1.1" 200 OK
INFO:     127.0.0.1:59139 - "GET /api/price-formats/TEST_01/settings HTTP/1.1" 200 OK
INFO:     127.0.0.1:59136 - "GET /api/price-lists?format_code=TEST_01 HTTP/1.1" 200 OK
INFO:     127.0.0.1:59139 - "GET /api/competitors/percentiles?format_code=TEST_01&percentile_source=emit HTTP/1.1" 200 OK
INFO:     127.0.0.1:59144 - "GET /api/price-lists/latest?format_code=TEST_01 HTTP/1.1" 200 OK
INFO:     127.0.0.1:59141 - "GET /api/price-formats/TEST_01/settings HTTP/1.1" 200 OK
2026-07-27 23:21:25,708 [INFO] [PRICE_LIST_ASSIGNMENT_DEBUG] source_type=vidman account_id=1 price_list_id=1478 price_name=јлматы Ч ¬»¬ј ‘арм Ч Zhadi-90@mail.ru items_count=85 real_items_count_from_db=85 visible=true hidden_reason=
2026-07-27 23:21:25,708 [INFO] [PRICE_LIST_ASSIGNMENT_DEBUG] source_type=provisor account_id=4 price_list_id=8322 price_name=јтамирас “ќќ (ATAMIRAS.S “ќќ јлматы) Ч јтамирас “ќќ (ATAMIRAS.S “ќќ јлматы) Ч Aksai4/83 items_count=3767 real_items_count_from_db=3767 visible=true hidden_reason=
2026-07-27 23:21:25,709 [INFO] [PRICE_LIST_ASSIGNMENT_DEBUG] source_type=provisor account_id=3 price_list_id=1417 price_name=«ерде “ќќ Ќѕќ (јктау) Ч «ерде “ќќ Ќѕќ (јктау) Ч ∆асулан-‘арм items_count=2408 real_items_count_from_db=2408 visible=true hidden_reason=
2026-07-27 23:21:25,709 [INFO] [PRICE_LIST_ASSIGNMENT_DEBUG] source_type=provisor account_id=4 price_list_id=1392 price_name=ћедсервис (јтырау) Ч ћедсервис (јтырау) Ч Aksai4/83 items_count=5935 real_items_count_from_db=5935 visible=true hidden_reason=
2026-07-27 23:21:25,709 [INFO] [PRICE_LIST_ASSIGNMENT_DEBUG] source_type=provisor account_id=4 price_list_id=1397 price_name=«ерде “ќќ Ќѕќ (јлматы) Ч «ерде “ќќ Ќѕќ (јлматы) Ч Aksai4/83 items_count=2235 real_items_count_from_db=2235 visible=true hidden_reason=
2026-07-27 23:21:25,709 [INFO] [PRICE_LIST_ASSIGNMENT_DEBUG] source_type=provisor account_id=3 price_list_id=1418 price_name=јк-Ќиет (јктау) Ч јк-Ќиет (јктау) Ч ∆асулан-‘арм items_count=2 real_items_count_from_db=2 visible=true hidden_reason=
2026-07-27 23:21:25,709 [INFO] [PRICE_LIST_ASSIGNMENT_DEBUG] source_type=provisor account_id=4 price_list_id=1145 price_name=јтамирас “ќќ (ATAMIRAS.S “ќќ Ўымкент) Ч јтамирас “ќќ (ATAMIRAS.S “ќќ Ўымкент) Ч Aksai4/83 items_count=4208 real_items_count_from_db=4208 visible=true hidden_reason=
2026-07-27 23:21:25,710 [INFO] [PRICE_LIST_ASSIGNMENT_DEBUG] source_type=provisor account_id=4 price_list_id=158 price_name=ћедсервис ( ызылорда) Ч ћедсервис ( ызылорда) Ч Aksai4/83 items_count=5977 real_items_count_from_db=5977 visible=true hidden_reason=
2026-07-27 23:21:25,710 [INFO] [PRICE_LIST_ASSIGNMENT_DEBUG] source_type=provisor account_id=3 price_list_id=159 price_name=ћедсервис (јктау) Ч ћедсервис (јктау) Ч ∆асулан-‘арм items_count=4948 real_items_count_from_db=4948 visible=true hidden_reason=
2026-07-27 23:21:25,710 [INFO] [PRICE_LIST_ASSIGNMENT_DEBUG] source_type=provisor account_id=4 price_list_id=155 price_name=ћедсервис (ѕавлодар) Ч ћедсервис (ѕавлодар) Ч Aksai4/83 items_count=5414 real_items_count_from_db=5414 visible=true hidden_reason=
2026-07-27 23:21:25,710 [INFO] [PRICE_LIST_ASSIGNMENT_DEBUG] source_type=provisor account_id=4 price_list_id=128 price_name=»нкар (јлматы) Ч »нкар (јлматы) Ч Aksai4/83 items_count=2773 real_items_count_from_db=2773 visible=true hidden_reason=
2026-07-27 23:21:25,710 [INFO] [PRICE_LIST_ASSIGNMENT_DEBUG] source_type=provisor account_id=4 price_list_id=1075 price_name=јманат (јлматы) Ч јманат (јлматы) Ч Aksai4/83 items_count=5183 real_items_count_from_db=5183 visible=true hidden_reason=
2026-07-27 23:21:25,710 [INFO] [PRICE_LIST_ASSIGNMENT_DEBUG] source_type=provisor account_id=3 price_list_id=302 price_name=јманат (јктау) Ч јманат (јктау) Ч ∆асулан-‘арм items_count=4454 real_items_count_from_db=4454 visible=true hidden_reason=
2026-07-27 23:21:25,710 [INFO] [PRICE_LIST_ASSIGNMENT_DEBUG] source_type=provisor account_id=3 price_list_id=8067 price_name=¬ива ‘арм “ќќ(јктау) Ч ¬ива ‘арм “ќќ(јктау) Ч ∆асулан-‘арм items_count=37 real_items_count_from_db=37 visible=true hidden_reason=
2026-07-27 23:21:25,710 [INFO] [PRICE_LIST_ASSIGNMENT_DEBUG] source_type=provisor account_id=3 price_list_id=8781 price_name=“ќќ јЋ јзи€ (јктау) Ч “ќќ јЋ јзи€ (јктау) Ч ∆асулан-‘арм items_count=1 real_items_count_from_db=1 visible=true hidden_reason=
2026-07-27 23:21:25,710 [INFO] [PRICE_LIST_ASSIGNMENT_DEBUG] source_type=provisor account_id=3 price_list_id=8358 price_name=—тофарм средн€€ цена (јктау) Ч —тофарм средн€€ цена (јктау) Ч ∆асулан-‘арм items_count=2385 real_items_count_from_db=2385 visible=true hidden_reason=
2026-07-27 23:21:25,710 [INFO] [PRICE_LIST_ASSIGNMENT_DEBUG] source_type=vidman account_id=2 price_list_id=9665 price_name=јстана Ч “ќќ “ест ћедикал Ч dovulbaevaamangul@gmail.com items_count=224 real_items_count_from_db=224 visible=true hidden_reason=
2026-07-27 23:21:25,711 [INFO] [PRICE_LIST_ASSIGNMENT_DEBUG] source_type=vidman account_id=6 price_list_id=9665 price_name=јстана Ч “ќќ “ест ћедикал Ч aiman.imanbaeva1975@mail.ru items_count=224 real_items_count_from_db=224 visible=true hidden_reason=
2026-07-27 23:21:25,711 [INFO] [PRICE_LIST_ASSIGNMENT_DEBUG] source_type=vidman account_id=1 price_list_id=10925 price_name=јстана Ч »ѕ  азимирова ј.Ќ. (ћедћаг) Ч Zhadi-90@mail.ru items_count=152 real_items_count_from_db=152 visible=true hidden_reason=
2026-07-27 23:21:25,711 [INFO] [PRICE_LIST_ASSIGNMENT_DEBUG] source_type=vidman account_id=6 price_list_id=10925 price_name=јстана Ч »ѕ  азимирова ј.Ќ. (ћедћаг) Ч aiman.imanbaeva1975@mail.ru items_count=152 real_items_count_from_db=152 visible=true hidden_reason=
2026-07-27 23:21:25,711 [INFO] [PRICE_LIST_ASSIGNMENT_DEBUG] source_type=vidman account_id=2 price_list_id=8911 price_name=јлматы Ч “ќќ Rosana.kz Ч dovulbaevaamangul@gmail.com items_count=374 real_items_count_from_db=374 visible=true hidden_reason=
2026-07-27 23:21:25,711 [INFO] [PRICE_LIST_ASSIGNMENT_DEBUG] source_type=vidman account_id=1 price_list_id=8911 price_name=јлматы Ч “ќќ Rosana.kz Ч Zhadi-90@mail.ru items_count=374 real_items_count_from_db=374 visible=true hidden_reason=
2026-07-27 23:21:25,712 [INFO] [PRICE_LIST_ASSIGNMENT_DEBUG] source_type=vidman account_id=6 price_list_id=8911 price_name=јлматы Ч “ќќ Rosana.kz Ч aiman.imanbaeva1975@mail.ru items_count=374 real_items_count_from_db=374 visible=true hidden_reason=
2026-07-27 23:21:25,712 [INFO] [PRICE_LIST_ASSIGNMENT_DEBUG] source_type=vidman account_id=1 price_list_id=11194 price_name= останай Ч “ќќ елешек ‘армаци€ Ч Zhadi-90@mail.ru items_count=4 real_items_count_from_db=4 visible=true hidden_reason=
2026-07-27 23:21:25,712 [INFO] [PRICE_LIST_ASSIGNMENT_DEBUG] source_type=vidman account_id=6 price_list_id=11194 price_name= останай Ч “ќќ елешек ‘армаци€ Ч aiman.imanbaeva1975@mail.ru items_count=4 real_items_count_from_db=4 visible=true hidden_reason=
2026-07-27 23:21:25,712 [INFO] [PRICE_LIST_ASSIGNMENT_DEBUG] source_type=vidman account_id=2 price_list_id=11607 price_name=јстана Ч “ќќ Kazbiotech Ч dovulbaevaamangul@gmail.com items_count=12 real_items_count_from_db=12 visible=true hidden_reason=
2026-07-27 23:21:25,712 [INFO] [PRICE_LIST_ASSIGNMENT_DEBUG] source_type=vidman account_id=1 price_list_id=11607 price_name=јстана Ч “ќќ Kazbiotech Ч Zhadi-90@mail.ru items_count=12 real_items_count_from_db=12 visible=true hidden_reason=
2026-07-27 23:21:25,712 [INFO] [PRICE_LIST_ASSIGNMENT_DEBUG] source_type=vidman account_id=6 price_list_id=11607 price_name=јстана Ч “ќќ Kazbiotech Ч aiman.imanbaeva1975@mail.ru items_count=12 real_items_count_from_db=12 visible=true hidden_reason=
2026-07-27 23:21:25,712 [INFO] [PRICE_LIST_ASSIGNMENT_DEBUG] source_type=vidman account_id=6 price_list_id=8394 price_name=Ўымкент Ч “ќќ ‘ј–ћј“ Ч aiman.imanbaeva1975@mail.ru items_count=2768 real_items_count_from_db=2768 visible=true hidden_reason=
2026-07-27 23:21:25,712 [INFO] [PRICE_LIST_ASSIGNMENT_DEBUG] source_type=vidman account_id=6 price_list_id=10298 price_name=Ўымкент Ч Belasar Pharmacy Ч aiman.imanbaeva1975@mail.ru items_count=3189 real_items_count_from_db=3189 visible=true hidden_reason=
2026-07-27 23:21:25,712 [INFO] [PRICE_LIST_ASSIGNMENT_DEBUG] source_type=vidman account_id=1 price_list_id=1212 price_name=јктобе Ч «ерде јктобе Ч Zhadi-90@mail.ru items_count=2098 real_items_count_from_db=2098 visible=true hidden_reason=
2026-07-27 23:21:25,712 [INFO] [PRICE_LIST_ASSIGNMENT_DEBUG] source_type=vidman account_id=1 price_list_id=391 price_name=јлматы Ч «ерде јлматы Ч Zhadi-90@mail.ru items_count=2183 real_items_count_from_db=2183 visible=true hidden_reason=
2026-07-27 23:21:25,712 [INFO] [PRICE_LIST_ASSIGNMENT_DEBUG] source_type=vidman account_id=1 price_list_id=175 price_name=јктау Ч ћедсервис ѕлюс јктау Ч Zhadi-90@mail.ru items_count=4763 real_items_count_from_db=4763 visible=true hidden_reason=
2026-07-27 23:21:25,712 [INFO] [PRICE_LIST_ASSIGNMENT_DEBUG] source_type=vidman account_id=6 price_list_id=388 price_name=јлматы Ч “ур—ад Ч aiman.imanbaeva1975@mail.ru items_count=1328 real_items_count_from_db=1328 visible=true hidden_reason=
2026-07-27 23:21:25,712 [INFO] [PRICE_LIST_ASSIGNMENT_DEBUG] source_type=vidman account_id=1 price_list_id=9352 price_name=јктау Ч »нкар јктау Ч Zhadi-90@mail.ru items_count=2347 real_items_count_from_db=2347 visible=true hidden_reason=
2026-07-27 23:21:25,712 [INFO] [PRICE_LIST_ASSIGNMENT_DEBUG] source_type=vidman account_id=6 price_list_id=9352 price_name=јктау Ч »нкар јктау Ч aiman.imanbaeva1975@mail.ru items_count=2347 real_items_count_from_db=2347 visible=true hidden_reason=
2026-07-27 23:21:25,712 [INFO] [PRICE_LIST_ASSIGNMENT_DEBUG] source_type=vidman account_id=1 price_list_id=390 price_name=јлматы Ч —адыхан премиум Ч Zhadi-90@mail.ru items_count=3704 real_items_count_from_db=3704 visible=true hidden_reason=
2026-07-27 23:21:25,712 [INFO] [PRICE_LIST_ASSIGNMENT_DEBUG] source_type=vidman account_id=6 price_list_id=5648 price_name=јктобе Ч Dosfarm јктобе Ч aiman.imanbaeva1975@mail.ru items_count=130 real_items_count_from_db=130 visible=true hidden_reason=
2026-07-27 23:21:25,713 [INFO] [PRICE_LIST_ASSIGNMENT_DEBUG] source_type=vidman account_id=1 price_list_id=4237 price_name=јктобе Ч –ј”«ј-јƒ≈ ‘»ЋЋ»јЋ ¬ √ ј “ќЅ≈ Ч Zhadi-90@mail.ru items_count=2100 real_items_count_from_db=2100 visible=true hidden_reason=
2026-07-27 23:21:25,713 [INFO] [PRICE_LIST_ASSIGNMENT_DEBUG] source_type=vidman account_id=6 price_list_id=4237 price_name=јктобе Ч –ј”«ј-јƒ≈ ‘»ЋЋ»јЋ ¬ √ ј “ќЅ≈ Ч aiman.imanbaeva1975@mail.ru items_count=2100 real_items_count_from_db=2100 visible=true hidden_reason=
2026-07-27 23:21:25,713 [INFO] [PRICE_LIST_ASSIGNMENT_DEBUG] source_type=vidman account_id=1 price_list_id=11591 price_name=јктау Ч Ёмити »нтернешнл јктау Ч Zhadi-90@mail.ru items_count=4298 real_items_count_from_db=4298 visible=true hidden_reason=
2026-07-27 23:21:25,713 [INFO] [PRICE_LIST_ASSIGNMENT_DEBUG] source_type=vidman account_id=2 price_list_id=1212 price_name=јктобе Ч «ерде јктобе Ч dovulbaevaamangul@gmail.com items_count=2098 real_items_count_from_db=2098 visible=true hidden_reason=
2026-07-27 23:21:25,713 [INFO] [PRICE_LIST_ASSIGNMENT_DEBUG] source_type=vidman account_id=2 price_list_id=5927 price_name=јктау Ч —тофарм јктау Ч dovulbaevaamangul@gmail.com items_count=2293 real_items_count_from_db=2293 visible=true hidden_reason=
2026-07-27 23:21:25,713 [INFO] [PRICE_LIST_ASSIGNMENT_DEBUG] source_type=vidman account_id=6 price_list_id=10364 price_name=јктау Ч »нкар јктау Ч aiman.imanbaeva1975@mail.ru items_count=2359 real_items_count_from_db=2359 visible=true hidden_reason=
2026-07-27 23:21:25,714 [INFO] [PRICE_LIST_ASSIGNMENT_DEBUG] source_type=vidman account_id=2 price_list_id=10364 price_name=јктау Ч »нкар јктау Ч dovulbaevaamangul@gmail.com items_count=2359 real_items_count_from_db=2359 visible=true hidden_reason=
2026-07-27 23:21:25,714 [INFO] [PRICE_LIST_ASSIGNMENT_DEBUG] source_type=vidman account_id=6 price_list_id=10427 price_name=јктау Ч »нкар јктау Ч aiman.imanbaeva1975@mail.ru items_count=2359 real_items_count_from_db=2359 visible=true hidden_reason=
2026-07-27 23:21:25,714 [INFO] [PRICE_LIST_ASSIGNMENT_DEBUG] source_type=vidman account_id=2 price_list_id=4237 price_name=јктобе Ч –ј”«ј-јƒ≈ ‘»ЋЋ»јЋ ¬ √ ј “ќЅ≈ Ч dovulbaevaamangul@gmail.com items_count=2100 real_items_count_from_db=2100 visible=true hidden_reason=
2026-07-27 23:21:25,714 [INFO] [PRICE_LIST_ASSIGNMENT_DEBUG] source_type=vidman account_id=1 price_list_id=247 price_name=јктобе Ч јманат јктобе Ч Zhadi-90@mail.ru items_count=4618 real_items_count_from_db=4618 visible=true hidden_reason=
2026-07-27 23:21:25,714 [INFO] [PRICE_LIST_ASSIGNMENT_DEBUG] source_type=vidman account_id=6 price_list_id=11591 price_name=јктау Ч Ёмити »нтернешнл јктау Ч aiman.imanbaeva1975@mail.ru items_count=4298 real_items_count_from_db=4298 visible=true hidden_reason=
INFO:     127.0.0.1:59136 - "GET /api/competitors/price-lists?format_code=TEST_01 HTTP/1.1" 200 OK
INFO:     127.0.0.1:59140 - "GET /api/competitors/percentiles?format_code=TEST_01&percentile_source=competitor HTTP/1.1" 200 OK
INFO:     127.0.0.1:59135 - "GET /api/price-formats/TEST_01/competitor-assignments HTTP/1.1" 200 OK
INFO:     127.0.0.1:59139 - "GET /api/price-formats/TEST_01/competitor-assignments?include_summary=1 HTTP/1.1" 200 OK
INFO:     127.0.0.1:59920 - "GET /api/current-user HTTP/1.1" 200 OK
INFO:     127.0.0.1:59922 - "GET /api/current-user HTTP/1.1" 200 OK
INFO:     127.0.0.1:59923 - "GET /api/price-formats HTTP/1.1" 200 OK
INFO:     127.0.0.1:59921 - "GET /api/price-formats HTTP/1.1" 200 OK
INFO:     127.0.0.1:59932 - "GET /api/pricing-rules HTTP/1.1" 200 OK
INFO:     127.0.0.1:59930 - "GET /api/references/status HTTP/1.1" 200 OK
INFO:     127.0.0.1:59925 - "GET /api/price-formats/TEST_01/settings HTTP/1.1" 200 OK
INFO:     127.0.0.1:59939 - "GET /api/references/status HTTP/1.1" 200 OK
INFO:     127.0.0.1:59933 - "GET /api/price-formats/TEST_01/settings HTTP/1.1" 200 OK
INFO:     127.0.0.1:59941 - "GET /api/pricing-rules HTTP/1.1" 200 OK
INFO:     127.0.0.1:59928 - "GET /api/price-lists?format_code=TEST_01 HTTP/1.1" 200 OK
INFO:     127.0.0.1:59935 - "GET /api/price-lists?format_code=TEST_01 HTTP/1.1" 200 OK
2026-07-27 23:31:11,090 [INFO] [PRICE_LIST_ASSIGNMENT_DEBUG] source_type=vidman account_id=1 price_list_id=1478 price_name=јлматы Ч ¬»¬ј ‘арм Ч Zhadi-90@mail.ru items_count=85 real_items_count_from_db=85 visible=true hidden_reason=
2026-07-27 23:31:11,090 [INFO] [PRICE_LIST_ASSIGNMENT_DEBUG] source_type=provisor account_id=4 price_list_id=8322 price_name=јтамирас “ќќ (ATAMIRAS.S “ќќ јлматы) Ч јтамирас “ќќ (ATAMIRAS.S “ќќ јлматы) Ч Aksai4/83 items_count=3767 real_items_count_from_db=3767 visible=true hidden_reason=
2026-07-27 23:31:11,090 [INFO] [PRICE_LIST_ASSIGNMENT_DEBUG] source_type=provisor account_id=3 price_list_id=1417 price_name=«ерде “ќќ Ќѕќ (јктау) Ч «ерде “ќќ Ќѕќ (јктау) Ч ∆асулан-‘арм items_count=2408 real_items_count_from_db=2408 visible=true hidden_reason=
2026-07-27 23:31:11,090 [INFO] [PRICE_LIST_ASSIGNMENT_DEBUG] source_type=provisor account_id=4 price_list_id=1392 price_name=ћедсервис (јтырау) Ч ћедсервис (јтырау) Ч Aksai4/83 items_count=5935 real_items_count_from_db=5935 visible=true hidden_reason=
2026-07-27 23:31:11,090 [INFO] [PRICE_LIST_ASSIGNMENT_DEBUG] source_type=provisor account_id=4 price_list_id=1397 price_name=«ерде “ќќ Ќѕќ (јлматы) Ч «ерде “ќќ Ќѕќ (јлматы) Ч Aksai4/83 items_count=2235 real_items_count_from_db=2235 visible=true hidden_reason=
2026-07-27 23:31:11,090 [INFO] [PRICE_LIST_ASSIGNMENT_DEBUG] source_type=provisor account_id=3 price_list_id=1418 price_name=јк-Ќиет (јктау) Ч јк-Ќиет (јктау) Ч ∆асулан-‘арм items_count=2 real_items_count_from_db=2 visible=true hidden_reason=
2026-07-27 23:31:11,090 [INFO] [PRICE_LIST_ASSIGNMENT_DEBUG] source_type=provisor account_id=4 price_list_id=1145 price_name=јтамирас “ќќ (ATAMIRAS.S “ќќ Ўымкент) Ч јтамирас “ќќ (ATAMIRAS.S “ќќ Ўымкент) Ч Aksai4/83 items_count=4208 real_items_count_from_db=4208 visible=true hidden_reason=
2026-07-27 23:31:11,090 [INFO] [PRICE_LIST_ASSIGNMENT_DEBUG] source_type=provisor account_id=4 price_list_id=158 price_name=ћедсервис ( ызылорда) Ч ћедсервис ( ызылорда) Ч Aksai4/83 items_count=5977 real_items_count_from_db=5977 visible=true hidden_reason=
2026-07-27 23:31:11,091 [INFO] [PRICE_LIST_ASSIGNMENT_DEBUG] source_type=provisor account_id=3 price_list_id=159 price_name=ћедсервис (јктау) Ч ћедсервис (јктау) Ч ∆асулан-‘арм items_count=4948 real_items_count_from_db=4948 visible=true hidden_reason=
2026-07-27 23:31:11,091 [INFO] [PRICE_LIST_ASSIGNMENT_DEBUG] source_type=provisor account_id=4 price_list_id=155 price_name=ћедсервис (ѕавлодар) Ч ћедсервис (ѕавлодар) Ч Aksai4/83 items_count=5414 real_items_count_from_db=5414 visible=true hidden_reason=
2026-07-27 23:31:11,091 [INFO] [PRICE_LIST_ASSIGNMENT_DEBUG] source_type=provisor account_id=4 price_list_id=128 price_name=»нкар (јлматы) Ч »нкар (јлматы) Ч Aksai4/83 items_count=2773 real_items_count_from_db=2773 visible=true hidden_reason=
2026-07-27 23:31:11,091 [INFO] [PRICE_LIST_ASSIGNMENT_DEBUG] source_type=provisor account_id=4 price_list_id=1075 price_name=јманат (јлматы) Ч јманат (јлматы) Ч Aksai4/83 items_count=5183 real_items_count_from_db=5183 visible=true hidden_reason=
2026-07-27 23:31:11,091 [INFO] [PRICE_LIST_ASSIGNMENT_DEBUG] source_type=provisor account_id=3 price_list_id=302 price_name=јманат (јктау) Ч јманат (јктау) Ч ∆асулан-‘арм items_count=4454 real_items_count_from_db=4454 visible=true hidden_reason=
2026-07-27 23:31:11,091 [INFO] [PRICE_LIST_ASSIGNMENT_DEBUG] source_type=provisor account_id=3 price_list_id=8067 price_name=¬ива ‘арм “ќќ(јктау) Ч ¬ива ‘арм “ќќ(јктау) Ч ∆асулан-‘арм items_count=37 real_items_count_from_db=37 visible=true hidden_reason=
2026-07-27 23:31:11,091 [INFO] [PRICE_LIST_ASSIGNMENT_DEBUG] source_type=provisor account_id=3 price_list_id=8781 price_name=“ќќ јЋ јзи€ (јктау) Ч “ќќ јЋ јзи€ (јктау) Ч ∆асулан-‘арм items_count=1 real_items_count_from_db=1 visible=true hidden_reason=
2026-07-27 23:31:11,091 [INFO] [PRICE_LIST_ASSIGNMENT_DEBUG] source_type=provisor account_id=3 price_list_id=8358 price_name=—тофарм средн€€ цена (јктау) Ч —тофарм средн€€ цена (јктау) Ч ∆асулан-‘арм items_count=2385 real_items_count_from_db=2385 visible=true hidden_reason=
2026-07-27 23:31:11,091 [INFO] [PRICE_LIST_ASSIGNMENT_DEBUG] source_type=vidman account_id=2 price_list_id=9665 price_name=јстана Ч “ќќ “ест ћедикал Ч dovulbaevaamangul@gmail.com items_count=224 real_items_count_from_db=224 visible=true hidden_reason=
2026-07-27 23:31:11,091 [INFO] [PRICE_LIST_ASSIGNMENT_DEBUG] source_type=vidman account_id=6 price_list_id=9665 price_name=јстана Ч “ќќ “ест ћедикал Ч aiman.imanbaeva1975@mail.ru items_count=224 real_items_count_from_db=224 visible=true hidden_reason=
2026-07-27 23:31:11,091 [INFO] [PRICE_LIST_ASSIGNMENT_DEBUG] source_type=vidman account_id=1 price_list_id=10925 price_name=јстана Ч »ѕ  азимирова ј.Ќ. (ћедћаг) Ч Zhadi-90@mail.ru items_count=152 real_items_count_from_db=152 visible=true hidden_reason=
2026-07-27 23:31:11,091 [INFO] [PRICE_LIST_ASSIGNMENT_DEBUG] source_type=vidman account_id=6 price_list_id=10925 price_name=јстана Ч »ѕ  азимирова ј.Ќ. (ћедћаг) Ч aiman.imanbaeva1975@mail.ru items_count=152 real_items_count_from_db=152 visible=true hidden_reason=
2026-07-27 23:31:11,091 [INFO] [PRICE_LIST_ASSIGNMENT_DEBUG] source_type=vidman account_id=2 price_list_id=8911 price_name=јлматы Ч “ќќ Rosana.kz Ч dovulbaevaamangul@gmail.com items_count=374 real_items_count_from_db=374 visible=true hidden_reason=
2026-07-27 23:31:11,091 [INFO] [PRICE_LIST_ASSIGNMENT_DEBUG] source_type=vidman account_id=1 price_list_id=8911 price_name=јлматы Ч “ќќ Rosana.kz Ч Zhadi-90@mail.ru items_count=374 real_items_count_from_db=374 visible=true hidden_reason=
2026-07-27 23:31:11,091 [INFO] [PRICE_LIST_ASSIGNMENT_DEBUG] source_type=vidman account_id=6 price_list_id=8911 price_name=јлматы Ч “ќќ Rosana.kz Ч aiman.imanbaeva1975@mail.ru items_count=374 real_items_count_from_db=374 visible=true hidden_reason=
2026-07-27 23:31:11,091 [INFO] [PRICE_LIST_ASSIGNMENT_DEBUG] source_type=vidman account_id=1 price_list_id=11194 price_name= останай Ч “ќќ елешек ‘армаци€ Ч Zhadi-90@mail.ru items_count=4 real_items_count_from_db=4 visible=true hidden_reason=
2026-07-27 23:31:11,091 [INFO] [PRICE_LIST_ASSIGNMENT_DEBUG] source_type=vidman account_id=6 price_list_id=11194 price_name= останай Ч “ќќ елешек ‘армаци€ Ч aiman.imanbaeva1975@mail.ru items_count=4 real_items_count_from_db=4 visible=true hidden_reason=
2026-07-27 23:31:11,091 [INFO] [PRICE_LIST_ASSIGNMENT_DEBUG] source_type=vidman account_id=2 price_list_id=11607 price_name=јстана Ч “ќќ Kazbiotech Ч dovulbaevaamangul@gmail.com items_count=12 real_items_count_from_db=12 visible=true hidden_reason=
2026-07-27 23:31:11,091 [INFO] [PRICE_LIST_ASSIGNMENT_DEBUG] source_type=vidman account_id=1 price_list_id=11607 price_name=јстана Ч “ќќ Kazbiotech Ч Zhadi-90@mail.ru items_count=12 real_items_count_from_db=12 visible=true hidden_reason=
2026-07-27 23:31:11,091 [INFO] [PRICE_LIST_ASSIGNMENT_DEBUG] source_type=vidman account_id=6 price_list_id=11607 price_name=јстана Ч “ќќ Kazbiotech Ч aiman.imanbaeva1975@mail.ru items_count=12 real_items_count_from_db=12 visible=true hidden_reason=
2026-07-27 23:31:11,092 [INFO] [PRICE_LIST_ASSIGNMENT_DEBUG] source_type=vidman account_id=6 price_list_id=8394 price_name=Ўымкент Ч “ќќ ‘ј–ћј“ Ч aiman.imanbaeva1975@mail.ru items_count=2768 real_items_count_from_db=2768 visible=true hidden_reason=
2026-07-27 23:31:11,092 [INFO] [PRICE_LIST_ASSIGNMENT_DEBUG] source_type=vidman account_id=6 price_list_id=10298 price_name=Ўымкент Ч Belasar Pharmacy Ч aiman.imanbaeva1975@mail.ru items_count=3189 real_items_count_from_db=3189 visible=true hidden_reason=
2026-07-27 23:31:11,092 [INFO] [PRICE_LIST_ASSIGNMENT_DEBUG] source_type=vidman account_id=1 price_list_id=1212 price_name=јктобе Ч «ерде јктобе Ч Zhadi-90@mail.ru items_count=2098 real_items_count_from_db=2098 visible=true hidden_reason=
2026-07-27 23:31:11,092 [INFO] [PRICE_LIST_ASSIGNMENT_DEBUG] source_type=vidman account_id=1 price_list_id=391 price_name=јлматы Ч «ерде јлматы Ч Zhadi-90@mail.ru items_count=2183 real_items_count_from_db=2183 visible=true hidden_reason=
2026-07-27 23:31:11,092 [INFO] [PRICE_LIST_ASSIGNMENT_DEBUG] source_type=vidman account_id=1 price_list_id=175 price_name=јктау Ч ћедсервис ѕлюс јктау Ч Zhadi-90@mail.ru items_count=4763 real_items_count_from_db=4763 visible=true hidden_reason=
2026-07-27 23:31:11,092 [INFO] [PRICE_LIST_ASSIGNMENT_DEBUG] source_type=vidman account_id=6 price_list_id=388 price_name=јлматы Ч “ур—ад Ч aiman.imanbaeva1975@mail.ru items_count=1328 real_items_count_from_db=1328 visible=true hidden_reason=
2026-07-27 23:31:11,092 [INFO] [PRICE_LIST_ASSIGNMENT_DEBUG] source_type=vidman account_id=1 price_list_id=9352 price_name=јктау Ч »нкар јктау Ч Zhadi-90@mail.ru items_count=2347 real_items_count_from_db=2347 visible=true hidden_reason=
2026-07-27 23:31:11,092 [INFO] [PRICE_LIST_ASSIGNMENT_DEBUG] source_type=vidman account_id=6 price_list_id=9352 price_name=јктау Ч »нкар јктау Ч aiman.imanbaeva1975@mail.ru items_count=2347 real_items_count_from_db=2347 visible=true hidden_reason=
2026-07-27 23:31:11,092 [INFO] [PRICE_LIST_ASSIGNMENT_DEBUG] source_type=vidman account_id=1 price_list_id=390 price_name=јлматы Ч —адыхан премиум Ч Zhadi-90@mail.ru items_count=3704 real_items_count_from_db=3704 visible=true hidden_reason=
2026-07-27 23:31:11,092 [INFO] [PRICE_LIST_ASSIGNMENT_DEBUG] source_type=vidman account_id=6 price_list_id=5648 price_name=јктобе Ч Dosfarm јктобе Ч aiman.imanbaeva1975@mail.ru items_count=130 real_items_count_from_db=130 visible=true hidden_reason=
2026-07-27 23:31:11,092 [INFO] [PRICE_LIST_ASSIGNMENT_DEBUG] source_type=vidman account_id=1 price_list_id=4237 price_name=јктобе Ч –ј”«ј-јƒ≈ ‘»ЋЋ»јЋ ¬ √ ј “ќЅ≈ Ч Zhadi-90@mail.ru items_count=2100 real_items_count_from_db=2100 visible=true hidden_reason=
2026-07-27 23:31:11,092 [INFO] [PRICE_LIST_ASSIGNMENT_DEBUG] source_type=vidman account_id=6 price_list_id=4237 price_name=јктобе Ч –ј”«ј-јƒ≈ ‘»ЋЋ»јЋ ¬ √ ј “ќЅ≈ Ч aiman.imanbaeva1975@mail.ru items_count=2100 real_items_count_from_db=2100 visible=true hidden_reason=
2026-07-27 23:31:11,093 [INFO] [PRICE_LIST_ASSIGNMENT_DEBUG] source_type=vidman account_id=1 price_list_id=11591 price_name=јктау Ч Ёмити »нтернешнл јктау Ч Zhadi-90@mail.ru items_count=4298 real_items_count_from_db=4298 visible=true hidden_reason=
2026-07-27 23:31:11,093 [INFO] [PRICE_LIST_ASSIGNMENT_DEBUG] source_type=vidman account_id=2 price_list_id=1212 price_name=јктобе Ч «ерде јктобе Ч dovulbaevaamangul@gmail.com items_count=2098 real_items_count_from_db=2098 visible=true hidden_reason=
2026-07-27 23:31:11,093 [INFO] [PRICE_LIST_ASSIGNMENT_DEBUG] source_type=vidman account_id=2 price_list_id=5927 price_name=јктау Ч —тофарм јктау Ч dovulbaevaamangul@gmail.com items_count=2293 real_items_count_from_db=2293 visible=true hidden_reason=
2026-07-27 23:31:11,093 [INFO] [PRICE_LIST_ASSIGNMENT_DEBUG] source_type=vidman account_id=6 price_list_id=10364 price_name=јктау Ч »нкар јктау Ч aiman.imanbaeva1975@mail.ru items_count=2359 real_items_count_from_db=2359 visible=true hidden_reason=
2026-07-27 23:31:11,093 [INFO] [PRICE_LIST_ASSIGNMENT_DEBUG] source_type=vidman account_id=2 price_list_id=10364 price_name=јктау Ч »нкар јктау Ч dovulbaevaamangul@gmail.com items_count=2359 real_items_count_from_db=2359 visible=true hidden_reason=
2026-07-27 23:31:11,093 [INFO] [PRICE_LIST_ASSIGNMENT_DEBUG] source_type=vidman account_id=6 price_list_id=10427 price_name=јктау Ч »нкар јктау Ч aiman.imanbaeva1975@mail.ru items_count=2359 real_items_count_from_db=2359 visible=true hidden_reason=
2026-07-27 23:31:11,093 [INFO] [PRICE_LIST_ASSIGNMENT_DEBUG] source_type=vidman account_id=2 price_list_id=4237 price_name=јктобе Ч –ј”«ј-јƒ≈ ‘»ЋЋ»јЋ ¬ √ ј “ќЅ≈ Ч dovulbaevaamangul@gmail.com items_count=2100 real_items_count_from_db=2100 visible=true hidden_reason=
2026-07-27 23:31:11,093 [INFO] [PRICE_LIST_ASSIGNMENT_DEBUG] source_type=vidman account_id=1 price_list_id=247 price_name=јктобе Ч јманат јктобе Ч Zhadi-90@mail.ru items_count=4618 real_items_count_from_db=4618 visible=true hidden_reason=
2026-07-27 23:31:11,093 [INFO] [PRICE_LIST_ASSIGNMENT_DEBUG] source_type=vidman account_id=6 price_list_id=11591 price_name=јктау Ч Ёмити »нтернешнл јктау Ч aiman.imanbaeva1975@mail.ru items_count=4298 real_items_count_from_db=4298 visible=true hidden_reason=
INFO:     127.0.0.1:59929 - "GET /api/competitors/price-lists?format_code=TEST_01 HTTP/1.1" 200 OK
INFO:     127.0.0.1:59948 - "GET /api/price-lists?format_code=%D0%98%D0%9F%D0%9B_01_002 HTTP/1.1" 200 OK
INFO:     127.0.0.1:59950 - "GET /api/price-formats/%D0%98%D0%9F%D0%9B_01_002/settings HTTP/1.1" 200 OK
INFO:     127.0.0.1:59947 - "GET /api/price-formats/TEST_01/settings HTTP/1.1" 200 OK
INFO:     127.0.0.1:59949 - "GET /api/price-lists?format_code=TEST_01 HTTP/1.1" 200 OK
2026-07-27 23:31:11,137 [INFO] [PRICE_LIST_ASSIGNMENT_DEBUG] source_type=vidman account_id=1 price_list_id=1478 price_name=јлматы Ч ¬»¬ј ‘арм Ч Zhadi-90@mail.ru items_count=85 real_items_count_from_db=85 visible=true hidden_reason=
2026-07-27 23:31:11,138 [INFO] [PRICE_LIST_ASSIGNMENT_DEBUG] source_type=provisor account_id=4 price_list_id=8322 price_name=јтамирас “ќќ (ATAMIRAS.S “ќќ јлматы) Ч јтамирас “ќќ (ATAMIRAS.S “ќќ јлматы) Ч Aksai4/83 items_count=3767 real_items_count_from_db=3767 visible=true hidden_reason=
2026-07-27 23:31:11,138 [INFO] [PRICE_LIST_ASSIGNMENT_DEBUG] source_type=provisor account_id=3 price_list_id=1417 price_name=«ерде “ќќ Ќѕќ (јктау) Ч «ерде “ќќ Ќѕќ (јктау) Ч ∆асулан-‘арм items_count=2408 real_items_count_from_db=2408 visible=true hidden_reason=
2026-07-27 23:31:11,138 [INFO] [PRICE_LIST_ASSIGNMENT_DEBUG] source_type=provisor account_id=4 price_list_id=1392 price_name=ћедсервис (јтырау) Ч ћедсервис (јтырау) Ч Aksai4/83 items_count=5935 real_items_count_from_db=5935 visible=true hidden_reason=
2026-07-27 23:31:11,138 [INFO] [PRICE_LIST_ASSIGNMENT_DEBUG] source_type=provisor account_id=4 price_list_id=1397 price_name=«ерде “ќќ Ќѕќ (јлматы) Ч «ерде “ќќ Ќѕќ (јлматы) Ч Aksai4/83 items_count=2235 real_items_count_from_db=2235 visible=true hidden_reason=
2026-07-27 23:31:11,138 [INFO] [PRICE_LIST_ASSIGNMENT_DEBUG] source_type=provisor account_id=3 price_list_id=1418 price_name=јк-Ќиет (јктау) Ч јк-Ќиет (јктау) Ч ∆асулан-‘арм items_count=2 real_items_count_from_db=2 visible=true hidden_reason=
2026-07-27 23:31:11,138 [INFO] [PRICE_LIST_ASSIGNMENT_DEBUG] source_type=provisor account_id=4 price_list_id=1145 price_name=јтамирас “ќќ (ATAMIRAS.S “ќќ Ўымкент) Ч јтамирас “ќќ (ATAMIRAS.S “ќќ Ўымкент) Ч Aksai4/83 items_count=4208 real_items_count_from_db=4208 visible=true hidden_reason=
2026-07-27 23:31:11,138 [INFO] [PRICE_LIST_ASSIGNMENT_DEBUG] source_type=provisor account_id=4 price_list_id=158 price_name=ћедсервис ( ызылорда) Ч ћедсервис ( ызылорда) Ч Aksai4/83 items_count=5977 real_items_count_from_db=5977 visible=true hidden_reason=
2026-07-27 23:31:11,138 [INFO] [PRICE_LIST_ASSIGNMENT_DEBUG] source_type=provisor account_id=3 price_list_id=159 price_name=ћедсервис (јктау) Ч ћедсервис (јктау) Ч ∆асулан-‘арм items_count=4948 real_items_count_from_db=4948 visible=true hidden_reason=
2026-07-27 23:31:11,138 [INFO] [PRICE_LIST_ASSIGNMENT_DEBUG] source_type=provisor account_id=4 price_list_id=155 price_name=ћедсервис (ѕавлодар) Ч ћедсервис (ѕавлодар) Ч Aksai4/83 items_count=5414 real_items_count_from_db=5414 visible=true hidden_reason=
2026-07-27 23:31:11,138 [INFO] [PRICE_LIST_ASSIGNMENT_DEBUG] source_type=provisor account_id=4 price_list_id=128 price_name=»нкар (јлматы) Ч »нкар (јлматы) Ч Aksai4/83 items_count=2773 real_items_count_from_db=2773 visible=true hidden_reason=
2026-07-27 23:31:11,138 [INFO] [PRICE_LIST_ASSIGNMENT_DEBUG] source_type=provisor account_id=4 price_list_id=1075 price_name=јманат (јлматы) Ч јманат (јлматы) Ч Aksai4/83 items_count=5183 real_items_count_from_db=5183 visible=true hidden_reason=
2026-07-27 23:31:11,138 [INFO] [PRICE_LIST_ASSIGNMENT_DEBUG] source_type=provisor account_id=3 price_list_id=302 price_name=јманат (јктау) Ч јманат (јктау) Ч ∆асулан-‘арм items_count=4454 real_items_count_from_db=4454 visible=true hidden_reason=
2026-07-27 23:31:11,138 [INFO] [PRICE_LIST_ASSIGNMENT_DEBUG] source_type=provisor account_id=3 price_list_id=8067 price_name=¬ива ‘арм “ќќ(јктау) Ч ¬ива ‘арм “ќќ(јктау) Ч ∆асулан-‘арм items_count=37 real_items_count_from_db=37 visible=true hidden_reason=
2026-07-27 23:31:11,138 [INFO] [PRICE_LIST_ASSIGNMENT_DEBUG] source_type=provisor account_id=3 price_list_id=8781 price_name=“ќќ јЋ јзи€ (јктау) Ч “ќќ јЋ јзи€ (јктау) Ч ∆асулан-‘арм items_count=1 real_items_count_from_db=1 visible=true hidden_reason=
2026-07-27 23:31:11,138 [INFO] [PRICE_LIST_ASSIGNMENT_DEBUG] source_type=provisor account_id=3 price_list_id=8358 price_name=—тофарм средн€€ цена (јктау) Ч —тофарм средн€€ цена (јктау) Ч ∆асулан-‘арм items_count=2385 real_items_count_from_db=2385 visible=true hidden_reason=
2026-07-27 23:31:11,138 [INFO] [PRICE_LIST_ASSIGNMENT_DEBUG] source_type=vidman account_id=2 price_list_id=9665 price_name=јстана Ч “ќќ “ест ћедикал Ч dovulbaevaamangul@gmail.com items_count=224 real_items_count_from_db=224 visible=true hidden_reason=
2026-07-27 23:31:11,138 [INFO] [PRICE_LIST_ASSIGNMENT_DEBUG] source_type=vidman account_id=6 price_list_id=9665 price_name=јстана Ч “ќќ “ест ћедикал Ч aiman.imanbaeva1975@mail.ru items_count=224 real_items_count_from_db=224 visible=true hidden_reason=
2026-07-27 23:31:11,138 [INFO] [PRICE_LIST_ASSIGNMENT_DEBUG] source_type=vidman account_id=1 price_list_id=10925 price_name=јстана Ч »ѕ  азимирова ј.Ќ. (ћедћаг) Ч Zhadi-90@mail.ru items_count=152 real_items_count_from_db=152 visible=true hidden_reason=
2026-07-27 23:31:11,138 [INFO] [PRICE_LIST_ASSIGNMENT_DEBUG] source_type=vidman account_id=6 price_list_id=10925 price_name=јстана Ч »ѕ  азимирова ј.Ќ. (ћедћаг) Ч aiman.imanbaeva1975@mail.ru items_count=152 real_items_count_from_db=152 visible=true hidden_reason=
2026-07-27 23:31:11,138 [INFO] [PRICE_LIST_ASSIGNMENT_DEBUG] source_type=vidman account_id=2 price_list_id=8911 price_name=јлматы Ч “ќќ Rosana.kz Ч dovulbaevaamangul@gmail.com items_count=374 real_items_count_from_db=374 visible=true hidden_reason=
2026-07-27 23:31:11,138 [INFO] [PRICE_LIST_ASSIGNMENT_DEBUG] source_type=vidman account_id=1 price_list_id=8911 price_name=јлматы Ч “ќќ Rosana.kz Ч Zhadi-90@mail.ru items_count=374 real_items_count_from_db=374 visible=true hidden_reason=
2026-07-27 23:31:11,138 [INFO] [PRICE_LIST_ASSIGNMENT_DEBUG] source_type=vidman account_id=6 price_list_id=8911 price_name=јлматы Ч “ќќ Rosana.kz Ч aiman.imanbaeva1975@mail.ru items_count=374 real_items_count_from_db=374 visible=true hidden_reason=
2026-07-27 23:31:11,138 [INFO] [PRICE_LIST_ASSIGNMENT_DEBUG] source_type=vidman account_id=1 price_list_id=11194 price_name= останай Ч “ќќ елешек ‘армаци€ Ч Zhadi-90@mail.ru items_count=4 real_items_count_from_db=4 visible=true hidden_reason=
2026-07-27 23:31:11,138 [INFO] [PRICE_LIST_ASSIGNMENT_DEBUG] source_type=vidman account_id=6 price_list_id=11194 price_name= останай Ч “ќќ елешек ‘армаци€ Ч aiman.imanbaeva1975@mail.ru items_count=4 real_items_count_from_db=4 visible=true hidden_reason=
2026-07-27 23:31:11,138 [INFO] [PRICE_LIST_ASSIGNMENT_DEBUG] source_type=vidman account_id=2 price_list_id=11607 price_name=јстана Ч “ќќ Kazbiotech Ч dovulbaevaamangul@gmail.com items_count=12 real_items_count_from_db=12 visible=true hidden_reason=
2026-07-27 23:31:11,138 [INFO] [PRICE_LIST_ASSIGNMENT_DEBUG] source_type=vidman account_id=1 price_list_id=11607 price_name=јстана Ч “ќќ Kazbiotech Ч Zhadi-90@mail.ru items_count=12 real_items_count_from_db=12 visible=true hidden_reason=
2026-07-27 23:31:11,138 [INFO] [PRICE_LIST_ASSIGNMENT_DEBUG] source_type=vidman account_id=6 price_list_id=11607 price_name=јстана Ч “ќќ Kazbiotech Ч aiman.imanbaeva1975@mail.ru items_count=12 real_items_count_from_db=12 visible=true hidden_reason=
2026-07-27 23:31:11,138 [INFO] [PRICE_LIST_ASSIGNMENT_DEBUG] source_type=vidman account_id=6 price_list_id=8394 price_name=Ўымкент Ч “ќќ ‘ј–ћј“ Ч aiman.imanbaeva1975@mail.ru items_count=2768 real_items_count_from_db=2768 visible=true hidden_reason=
2026-07-27 23:31:11,139 [INFO] [PRICE_LIST_ASSIGNMENT_DEBUG] source_type=vidman account_id=6 price_list_id=10298 price_name=Ўымкент Ч Belasar Pharmacy Ч aiman.imanbaeva1975@mail.ru items_count=3189 real_items_count_from_db=3189 visible=true hidden_reason=
2026-07-27 23:31:11,139 [INFO] [PRICE_LIST_ASSIGNMENT_DEBUG] source_type=vidman account_id=1 price_list_id=1212 price_name=јктобе Ч «ерде јктобе Ч Zhadi-90@mail.ru items_count=2098 real_items_count_from_db=2098 visible=true hidden_reason=
2026-07-27 23:31:11,139 [INFO] [PRICE_LIST_ASSIGNMENT_DEBUG] source_type=vidman account_id=1 price_list_id=391 price_name=јлматы Ч «ерде јлматы Ч Zhadi-90@mail.ru items_count=2183 real_items_count_from_db=2183 visible=true hidden_reason=
2026-07-27 23:31:11,139 [INFO] [PRICE_LIST_ASSIGNMENT_DEBUG] source_type=vidman account_id=1 price_list_id=175 price_name=јктау Ч ћедсервис ѕлюс јктау Ч Zhadi-90@mail.ru items_count=4763 real_items_count_from_db=4763 visible=true hidden_reason=
2026-07-27 23:31:11,139 [INFO] [PRICE_LIST_ASSIGNMENT_DEBUG] source_type=vidman account_id=6 price_list_id=388 price_name=јлматы Ч “ур—ад Ч aiman.imanbaeva1975@mail.ru items_count=1328 real_items_count_from_db=1328 visible=true hidden_reason=
2026-07-27 23:31:11,139 [INFO] [PRICE_LIST_ASSIGNMENT_DEBUG] source_type=vidman account_id=1 price_list_id=9352 price_name=јктау Ч »нкар јктау Ч Zhadi-90@mail.ru items_count=2347 real_items_count_from_db=2347 visible=true hidden_reason=
2026-07-27 23:31:11,139 [INFO] [PRICE_LIST_ASSIGNMENT_DEBUG] source_type=vidman account_id=6 price_list_id=9352 price_name=јктау Ч »нкар јктау Ч aiman.imanbaeva1975@mail.ru items_count=2347 real_items_count_from_db=2347 visible=true hidden_reason=
2026-07-27 23:31:11,139 [INFO] [PRICE_LIST_ASSIGNMENT_DEBUG] source_type=vidman account_id=1 price_list_id=390 price_name=јлматы Ч —адыхан премиум Ч Zhadi-90@mail.ru items_count=3704 real_items_count_from_db=3704 visible=true hidden_reason=
2026-07-27 23:31:11,139 [INFO] [PRICE_LIST_ASSIGNMENT_DEBUG] source_type=vidman account_id=6 price_list_id=5648 price_name=јктобе Ч Dosfarm јктобе Ч aiman.imanbaeva1975@mail.ru items_count=130 real_items_count_from_db=130 visible=true hidden_reason=
2026-07-27 23:31:11,139 [INFO] [PRICE_LIST_ASSIGNMENT_DEBUG] source_type=vidman account_id=1 price_list_id=4237 price_name=јктобе Ч –ј”«ј-јƒ≈ ‘»ЋЋ»јЋ ¬ √ ј “ќЅ≈ Ч Zhadi-90@mail.ru items_count=2100 real_items_count_from_db=2100 visible=true hidden_reason=
2026-07-27 23:31:11,139 [INFO] [PRICE_LIST_ASSIGNMENT_DEBUG] source_type=vidman account_id=6 price_list_id=4237 price_name=јктобе Ч –ј”«ј-јƒ≈ ‘»ЋЋ»јЋ ¬ √ ј “ќЅ≈ Ч aiman.imanbaeva1975@mail.ru items_count=2100 real_items_count_from_db=2100 visible=true hidden_reason=
2026-07-27 23:31:11,139 [INFO] [PRICE_LIST_ASSIGNMENT_DEBUG] source_type=vidman account_id=1 price_list_id=11591 price_name=јктау Ч Ёмити »нтернешнл јктау Ч Zhadi-90@mail.ru items_count=4298 real_items_count_from_db=4298 visible=true hidden_reason=
2026-07-27 23:31:11,139 [INFO] [PRICE_LIST_ASSIGNMENT_DEBUG] source_type=vidman account_id=2 price_list_id=1212 price_name=јктобе Ч «ерде јктобе Ч dovulbaevaamangul@gmail.com items_count=2098 real_items_count_from_db=2098 visible=true hidden_reason=
2026-07-27 23:31:11,139 [INFO] [PRICE_LIST_ASSIGNMENT_DEBUG] source_type=vidman account_id=2 price_list_id=5927 price_name=јктау Ч —тофарм јктау Ч dovulbaevaamangul@gmail.com items_count=2293 real_items_count_from_db=2293 visible=true hidden_reason=
2026-07-27 23:31:11,139 [INFO] [PRICE_LIST_ASSIGNMENT_DEBUG] source_type=vidman account_id=6 price_list_id=10364 price_name=јктау Ч »нкар јктау Ч aiman.imanbaeva1975@mail.ru items_count=2359 real_items_count_from_db=2359 visible=true hidden_reason=
2026-07-27 23:31:11,139 [INFO] [PRICE_LIST_ASSIGNMENT_DEBUG] source_type=vidman account_id=2 price_list_id=10364 price_name=јктау Ч »нкар јктау Ч dovulbaevaamangul@gmail.com items_count=2359 real_items_count_from_db=2359 visible=true hidden_reason=
2026-07-27 23:31:11,139 [INFO] [PRICE_LIST_ASSIGNMENT_DEBUG] source_type=vidman account_id=6 price_list_id=10427 price_name=јктау Ч »нкар јктау Ч aiman.imanbaeva1975@mail.ru items_count=2359 real_items_count_from_db=2359 visible=true hidden_reason=
2026-07-27 23:31:11,139 [INFO] [PRICE_LIST_ASSIGNMENT_DEBUG] source_type=vidman account_id=2 price_list_id=4237 price_name=јктобе Ч –ј”«ј-јƒ≈ ‘»ЋЋ»јЋ ¬ √ ј “ќЅ≈ Ч dovulbaevaamangul@gmail.com items_count=2100 real_items_count_from_db=2100 visible=true hidden_reason=
2026-07-27 23:31:11,139 [INFO] [PRICE_LIST_ASSIGNMENT_DEBUG] source_type=vidman account_id=1 price_list_id=247 price_name=јктобе Ч јманат јктобе Ч Zhadi-90@mail.ru items_count=4618 real_items_count_from_db=4618 visible=true hidden_reason=
2026-07-27 23:31:11,139 [INFO] [PRICE_LIST_ASSIGNMENT_DEBUG] source_type=vidman account_id=6 price_list_id=11591 price_name=јктау Ч Ёмити »нтернешнл јктау Ч aiman.imanbaeva1975@mail.ru items_count=4298 real_items_count_from_db=4298 visible=true hidden_reason=
INFO:     127.0.0.1:59937 - "GET /api/competitors/price-lists?format_code=TEST_01 HTTP/1.1" 200 OK
INFO:     127.0.0.1:59958 - "GET /api/price-lists?format_code=%D0%98%D0%9F%D0%9B_01_002 HTTP/1.1" 200 OK
INFO:     127.0.0.1:59957 - "GET /api/price-formats/%D0%98%D0%9F%D0%9B_01_002/settings HTTP/1.1" 200 OK
INFO:     127.0.0.1:59955 - "GET /api/price-formats/TEST_01/settings HTTP/1.1" 200 OK
INFO:     127.0.0.1:59956 - "GET /api/price-lists?format_code=TEST_01 HTTP/1.1" 200 OK
INFO:     127.0.0.1:59966 - "GET /api/competitors/percentiles?format_code=TEST_01&percentile_source=emit HTTP/1.1" 200 OK
2026-07-27 23:31:12,269 [INFO] [PRICE_LIST_ASSIGNMENT_DEBUG] source_type=vidman account_id=1 price_list_id=1478 price_name=јлматы Ч ¬»¬ј ‘арм Ч Zhadi-90@mail.ru items_count=85 real_items_count_from_db=85 visible=true hidden_reason=
2026-07-27 23:31:12,269 [INFO] [PRICE_LIST_ASSIGNMENT_DEBUG] source_type=provisor account_id=4 price_list_id=8322 price_name=јтамирас “ќќ (ATAMIRAS.S “ќќ јлматы) Ч јтамирас “ќќ (ATAMIRAS.S “ќќ јлматы) Ч Aksai4/83 items_count=3767 real_items_count_from_db=3767 visible=true hidden_reason=
2026-07-27 23:31:12,269 [INFO] [PRICE_LIST_ASSIGNMENT_DEBUG] source_type=provisor account_id=3 price_list_id=1417 price_name=«ерде “ќќ Ќѕќ (јктау) Ч «ерде “ќќ Ќѕќ (јктау) Ч ∆асулан-‘арм items_count=2408 real_items_count_from_db=2408 visible=true hidden_reason=
2026-07-27 23:31:12,269 [INFO] [PRICE_LIST_ASSIGNMENT_DEBUG] source_type=provisor account_id=4 price_list_id=1392 price_name=ћедсервис (јтырау) Ч ћедсервис (јтырау) Ч Aksai4/83 items_count=5935 real_items_count_from_db=5935 visible=true hidden_reason=
2026-07-27 23:31:12,270 [INFO] [PRICE_LIST_ASSIGNMENT_DEBUG] source_type=provisor account_id=4 price_list_id=1397 price_name=«ерде “ќќ Ќѕќ (јлматы) Ч «ерде “ќќ Ќѕќ (јлматы) Ч Aksai4/83 items_count=2235 real_items_count_from_db=2235 visible=true hidden_reason=
2026-07-27 23:31:12,270 [INFO] [PRICE_LIST_ASSIGNMENT_DEBUG] source_type=provisor account_id=3 price_list_id=1418 price_name=јк-Ќиет (јктау) Ч јк-Ќиет (јктау) Ч ∆асулан-‘арм items_count=2 real_items_count_from_db=2 visible=true hidden_reason=
2026-07-27 23:31:12,270 [INFO] [PRICE_LIST_ASSIGNMENT_DEBUG] source_type=provisor account_id=4 price_list_id=1145 price_name=јтамирас “ќќ (ATAMIRAS.S “ќќ Ўымкент) Ч јтамирас “ќќ (ATAMIRAS.S “ќќ Ўымкент) Ч Aksai4/83 items_count=4208 real_items_count_from_db=4208 visible=true hidden_reason=
2026-07-27 23:31:12,270 [INFO] [PRICE_LIST_ASSIGNMENT_DEBUG] source_type=provisor account_id=4 price_list_id=158 price_name=ћедсервис ( ызылорда) Ч ћедсервис ( ызылорда) Ч Aksai4/83 items_count=5977 real_items_count_from_db=5977 visible=true hidden_reason=
2026-07-27 23:31:12,270 [INFO] [PRICE_LIST_ASSIGNMENT_DEBUG] source_type=provisor account_id=3 price_list_id=159 price_name=ћедсервис (јктау) Ч ћедсервис (јктау) Ч ∆асулан-‘арм items_count=4948 real_items_count_from_db=4948 visible=true hidden_reason=
2026-07-27 23:31:12,270 [INFO] [PRICE_LIST_ASSIGNMENT_DEBUG] source_type=provisor account_id=4 price_list_id=155 price_name=ћедсервис (ѕавлодар) Ч ћедсервис (ѕавлодар) Ч Aksai4/83 items_count=5414 real_items_count_from_db=5414 visible=true hidden_reason=
2026-07-27 23:31:12,270 [INFO] [PRICE_LIST_ASSIGNMENT_DEBUG] source_type=provisor account_id=4 price_list_id=128 price_name=»нкар (јлматы) Ч »нкар (јлматы) Ч Aksai4/83 items_count=2773 real_items_count_from_db=2773 visible=true hidden_reason=
2026-07-27 23:31:12,270 [INFO] [PRICE_LIST_ASSIGNMENT_DEBUG] source_type=provisor account_id=4 price_list_id=1075 price_name=јманат (јлматы) Ч јманат (јлматы) Ч Aksai4/83 items_count=5183 real_items_count_from_db=5183 visible=true hidden_reason=
2026-07-27 23:31:12,270 [INFO] [PRICE_LIST_ASSIGNMENT_DEBUG] source_type=provisor account_id=3 price_list_id=302 price_name=јманат (јктау) Ч јманат (јктау) Ч ∆асулан-‘арм items_count=4454 real_items_count_from_db=4454 visible=true hidden_reason=
2026-07-27 23:31:12,270 [INFO] [PRICE_LIST_ASSIGNMENT_DEBUG] source_type=provisor account_id=3 price_list_id=8067 price_name=¬ива ‘арм “ќќ(јктау) Ч ¬ива ‘арм “ќќ(јктау) Ч ∆асулан-‘арм items_count=37 real_items_count_from_db=37 visible=true hidden_reason=
2026-07-27 23:31:12,270 [INFO] [PRICE_LIST_ASSIGNMENT_DEBUG] source_type=provisor account_id=3 price_list_id=8781 price_name=“ќќ јЋ јзи€ (јктау) Ч “ќќ јЋ јзи€ (јктау) Ч ∆асулан-‘арм items_count=1 real_items_count_from_db=1 visible=true hidden_reason=
2026-07-27 23:31:12,270 [INFO] [PRICE_LIST_ASSIGNMENT_DEBUG] source_type=provisor account_id=3 price_list_id=8358 price_name=—тофарм средн€€ цена (јктау) Ч —тофарм средн€€ цена (јктау) Ч ∆асулан-‘арм items_count=2385 real_items_count_from_db=2385 visible=true hidden_reason=
2026-07-27 23:31:12,270 [INFO] [PRICE_LIST_ASSIGNMENT_DEBUG] source_type=vidman account_id=2 price_list_id=9665 price_name=јстана Ч “ќќ “ест ћедикал Ч dovulbaevaamangul@gmail.com items_count=224 real_items_count_from_db=224 visible=true hidden_reason=
2026-07-27 23:31:12,270 [INFO] [PRICE_LIST_ASSIGNMENT_DEBUG] source_type=vidman account_id=6 price_list_id=9665 price_name=јстана Ч “ќќ “ест ћедикал Ч aiman.imanbaeva1975@mail.ru items_count=224 real_items_count_from_db=224 visible=true hidden_reason=
2026-07-27 23:31:12,270 [INFO] [PRICE_LIST_ASSIGNMENT_DEBUG] source_type=vidman account_id=1 price_list_id=10925 price_name=јстана Ч »ѕ  азимирова ј.Ќ. (ћедћаг) Ч Zhadi-90@mail.ru items_count=152 real_items_count_from_db=152 visible=true hidden_reason=
2026-07-27 23:31:12,270 [INFO] [PRICE_LIST_ASSIGNMENT_DEBUG] source_type=vidman account_id=6 price_list_id=10925 price_name=јстана Ч »ѕ  азимирова ј.Ќ. (ћедћаг) Ч aiman.imanbaeva1975@mail.ru items_count=152 real_items_count_from_db=152 visible=true hidden_reason=
2026-07-27 23:31:12,270 [INFO] [PRICE_LIST_ASSIGNMENT_DEBUG] source_type=vidman account_id=2 price_list_id=8911 price_name=јлматы Ч “ќќ Rosana.kz Ч dovulbaevaamangul@gmail.com items_count=374 real_items_count_from_db=374 visible=true hidden_reason=
2026-07-27 23:31:12,270 [INFO] [PRICE_LIST_ASSIGNMENT_DEBUG] source_type=vidman account_id=1 price_list_id=8911 price_name=јлматы Ч “ќќ Rosana.kz Ч Zhadi-90@mail.ru items_count=374 real_items_count_from_db=374 visible=true hidden_reason=
2026-07-27 23:31:12,270 [INFO] [PRICE_LIST_ASSIGNMENT_DEBUG] source_type=vidman account_id=6 price_list_id=8911 price_name=јлматы Ч “ќќ Rosana.kz Ч aiman.imanbaeva1975@mail.ru items_count=374 real_items_count_from_db=374 visible=true hidden_reason=
2026-07-27 23:31:12,270 [INFO] [PRICE_LIST_ASSIGNMENT_DEBUG] source_type=vidman account_id=1 price_list_id=11194 price_name= останай Ч “ќќ елешек ‘армаци€ Ч Zhadi-90@mail.ru items_count=4 real_items_count_from_db=4 visible=true hidden_reason=
2026-07-27 23:31:12,270 [INFO] [PRICE_LIST_ASSIGNMENT_DEBUG] source_type=vidman account_id=6 price_list_id=11194 price_name= останай Ч “ќќ елешек ‘армаци€ Ч aiman.imanbaeva1975@mail.ru items_count=4 real_items_count_from_db=4 visible=true hidden_reason=
2026-07-27 23:31:12,270 [INFO] [PRICE_LIST_ASSIGNMENT_DEBUG] source_type=vidman account_id=2 price_list_id=11607 price_name=јстана Ч “ќќ Kazbiotech Ч dovulbaevaamangul@gmail.com items_count=12 real_items_count_from_db=12 visible=true hidden_reason=
2026-07-27 23:31:12,270 [INFO] [PRICE_LIST_ASSIGNMENT_DEBUG] source_type=vidman account_id=1 price_list_id=11607 price_name=јстана Ч “ќќ Kazbiotech Ч Zhadi-90@mail.ru items_count=12 real_items_count_from_db=12 visible=true hidden_reason=
2026-07-27 23:31:12,270 [INFO] [PRICE_LIST_ASSIGNMENT_DEBUG] source_type=vidman account_id=6 price_list_id=11607 price_name=јстана Ч “ќќ Kazbiotech Ч aiman.imanbaeva1975@mail.ru items_count=12 real_items_count_from_db=12 visible=true hidden_reason=
2026-07-27 23:31:12,270 [INFO] [PRICE_LIST_ASSIGNMENT_DEBUG] source_type=vidman account_id=6 price_list_id=8394 price_name=Ўымкент Ч “ќќ ‘ј–ћј“ Ч aiman.imanbaeva1975@mail.ru items_count=2768 real_items_count_from_db=2768 visible=true hidden_reason=
2026-07-27 23:31:12,270 [INFO] [PRICE_LIST_ASSIGNMENT_DEBUG] source_type=vidman account_id=6 price_list_id=10298 price_name=Ўымкент Ч Belasar Pharmacy Ч aiman.imanbaeva1975@mail.ru items_count=3189 real_items_count_from_db=3189 visible=true hidden_reason=
2026-07-27 23:31:12,270 [INFO] [PRICE_LIST_ASSIGNMENT_DEBUG] source_type=vidman account_id=1 price_list_id=1212 price_name=јктобе Ч «ерде јктобе Ч Zhadi-90@mail.ru items_count=2098 real_items_count_from_db=2098 visible=true hidden_reason=
2026-07-27 23:31:12,270 [INFO] [PRICE_LIST_ASSIGNMENT_DEBUG] source_type=vidman account_id=1 price_list_id=391 price_name=јлматы Ч «ерде јлматы Ч Zhadi-90@mail.ru items_count=2183 real_items_count_from_db=2183 visible=true hidden_reason=
2026-07-27 23:31:12,270 [INFO] [PRICE_LIST_ASSIGNMENT_DEBUG] source_type=vidman account_id=1 price_list_id=175 price_name=јктау Ч ћедсервис ѕлюс јктау Ч Zhadi-90@mail.ru items_count=4763 real_items_count_from_db=4763 visible=true hidden_reason=
2026-07-27 23:31:12,270 [INFO] [PRICE_LIST_ASSIGNMENT_DEBUG] source_type=vidman account_id=6 price_list_id=388 price_name=јлматы Ч “ур—ад Ч aiman.imanbaeva1975@mail.ru items_count=1328 real_items_count_from_db=1328 visible=true hidden_reason=
2026-07-27 23:31:12,270 [INFO] [PRICE_LIST_ASSIGNMENT_DEBUG] source_type=vidman account_id=1 price_list_id=9352 price_name=јктау Ч »нкар јктау Ч Zhadi-90@mail.ru items_count=2347 real_items_count_from_db=2347 visible=true hidden_reason=
2026-07-27 23:31:12,270 [INFO] [PRICE_LIST_ASSIGNMENT_DEBUG] source_type=vidman account_id=6 price_list_id=9352 price_name=јктау Ч »нкар јктау Ч aiman.imanbaeva1975@mail.ru items_count=2347 real_items_count_from_db=2347 visible=true hidden_reason=
2026-07-27 23:31:12,270 [INFO] [PRICE_LIST_ASSIGNMENT_DEBUG] source_type=vidman account_id=1 price_list_id=390 price_name=јлматы Ч —адыхан премиум Ч Zhadi-90@mail.ru items_count=3704 real_items_count_from_db=3704 visible=true hidden_reason=
2026-07-27 23:31:12,270 [INFO] [PRICE_LIST_ASSIGNMENT_DEBUG] source_type=vidman account_id=6 price_list_id=5648 price_name=јктобе Ч Dosfarm јктобе Ч aiman.imanbaeva1975@mail.ru items_count=130 real_items_count_from_db=130 visible=true hidden_reason=
2026-07-27 23:31:12,270 [INFO] [PRICE_LIST_ASSIGNMENT_DEBUG] source_type=vidman account_id=1 price_list_id=4237 price_name=јктобе Ч –ј”«ј-јƒ≈ ‘»ЋЋ»јЋ ¬ √ ј “ќЅ≈ Ч Zhadi-90@mail.ru items_count=2100 real_items_count_from_db=2100 visible=true hidden_reason=
2026-07-27 23:31:12,271 [INFO] [PRICE_LIST_ASSIGNMENT_DEBUG] source_type=vidman account_id=6 price_list_id=4237 price_name=јктобе Ч –ј”«ј-јƒ≈ ‘»ЋЋ»јЋ ¬ √ ј “ќЅ≈ Ч aiman.imanbaeva1975@mail.ru items_count=2100 real_items_count_from_db=2100 visible=true hidden_reason=
2026-07-27 23:31:12,271 [INFO] [PRICE_LIST_ASSIGNMENT_DEBUG] source_type=vidman account_id=1 price_list_id=11591 price_name=јктау Ч Ёмити »нтернешнл јктау Ч Zhadi-90@mail.ru items_count=4298 real_items_count_from_db=4298 visible=true hidden_reason=
2026-07-27 23:31:12,271 [INFO] [PRICE_LIST_ASSIGNMENT_DEBUG] source_type=vidman account_id=2 price_list_id=1212 price_name=јктобе Ч «ерде јктобе Ч dovulbaevaamangul@gmail.com items_count=2098 real_items_count_from_db=2098 visible=true hidden_reason=
2026-07-27 23:31:12,271 [INFO] [PRICE_LIST_ASSIGNMENT_DEBUG] source_type=vidman account_id=2 price_list_id=5927 price_name=јктау Ч —тофарм јктау Ч dovulbaevaamangul@gmail.com items_count=2293 real_items_count_from_db=2293 visible=true hidden_reason=
2026-07-27 23:31:12,271 [INFO] [PRICE_LIST_ASSIGNMENT_DEBUG] source_type=vidman account_id=6 price_list_id=10364 price_name=јктау Ч »нкар јктау Ч aiman.imanbaeva1975@mail.ru items_count=2359 real_items_count_from_db=2359 visible=true hidden_reason=
2026-07-27 23:31:12,271 [INFO] [PRICE_LIST_ASSIGNMENT_DEBUG] source_type=vidman account_id=2 price_list_id=10364 price_name=јктау Ч »нкар јктау Ч dovulbaevaamangul@gmail.com items_count=2359 real_items_count_from_db=2359 visible=true hidden_reason=
2026-07-27 23:31:12,271 [INFO] [PRICE_LIST_ASSIGNMENT_DEBUG] source_type=vidman account_id=6 price_list_id=10427 price_name=јктау Ч »нкар јктау Ч aiman.imanbaeva1975@mail.ru items_count=2359 real_items_count_from_db=2359 visible=true hidden_reason=
2026-07-27 23:31:12,271 [INFO] [PRICE_LIST_ASSIGNMENT_DEBUG] source_type=vidman account_id=2 price_list_id=4237 price_name=јктобе Ч –ј”«ј-јƒ≈ ‘»ЋЋ»јЋ ¬ √ ј “ќЅ≈ Ч dovulbaevaamangul@gmail.com items_count=2100 real_items_count_from_db=2100 visible=true hidden_reason=
2026-07-27 23:31:12,271 [INFO] [PRICE_LIST_ASSIGNMENT_DEBUG] source_type=vidman account_id=1 price_list_id=247 price_name=јктобе Ч јманат јктобе Ч Zhadi-90@mail.ru items_count=4618 real_items_count_from_db=4618 visible=true hidden_reason=
2026-07-27 23:31:12,271 [INFO] [PRICE_LIST_ASSIGNMENT_DEBUG] source_type=vidman account_id=6 price_list_id=11591 price_name=јктау Ч Ёмити »нтернешнл јктау Ч aiman.imanbaeva1975@mail.ru items_count=4298 real_items_count_from_db=4298 visible=true hidden_reason=
INFO:     127.0.0.1:59965 - "GET /api/competitors/price-lists?format_code=TEST_01 HTTP/1.1" 200 OK
INFO:     127.0.0.1:59967 - "GET /api/competitors/percentiles?format_code=TEST_01&percentile_source=competitor HTTP/1.1" 200 OK
INFO:     127.0.0.1:59968 - "GET /api/price-formats/TEST_01/competitor-assignments HTTP/1.1" 200 OK
INFO:     127.0.0.1:59973 - "GET /api/price-lists/latest?format_code=TEST_01 HTTP/1.1" 200 OK
INFO:     127.0.0.1:59972 - "GET /api/price-formats/TEST_01/settings HTTP/1.1" 200 OK
INFO:     127.0.0.1:60384 - "GET /api/current-user HTTP/1.1" 200 OK
INFO:     127.0.0.1:60385 - "GET /api/price-formats HTTP/1.1" 200 OK
INFO:     127.0.0.1:60385 - "GET /api/price-formats/TEST_01/settings HTTP/1.1" 200 OK
INFO:     127.0.0.1:60395 - "GET /api/pricing-rules HTTP/1.1" 200 OK
INFO:     127.0.0.1:60384 - "GET /api/price-lists?format_code=TEST_01 HTTP/1.1" 200 OK
INFO:     127.0.0.1:60394 - "GET /api/references/status HTTP/1.1" 200 OK
2026-07-27 23:32:45,006 [INFO] [PRICE_LIST_ASSIGNMENT_DEBUG] source_type=vidman account_id=1 price_list_id=1478 price_name=јлматы Ч ¬»¬ј ‘арм Ч Zhadi-90@mail.ru items_count=85 real_items_count_from_db=85 visible=true hidden_reason=
2026-07-27 23:32:45,006 [INFO] [PRICE_LIST_ASSIGNMENT_DEBUG] source_type=provisor account_id=4 price_list_id=8322 price_name=јтамирас “ќќ (ATAMIRAS.S “ќќ јлматы) Ч јтамирас “ќќ (ATAMIRAS.S “ќќ јлматы) Ч Aksai4/83 items_count=3767 real_items_count_from_db=3767 visible=true hidden_reason=
2026-07-27 23:32:45,006 [INFO] [PRICE_LIST_ASSIGNMENT_DEBUG] source_type=provisor account_id=3 price_list_id=1417 price_name=«ерде “ќќ Ќѕќ (јктау) Ч «ерде “ќќ Ќѕќ (јктау) Ч ∆асулан-‘арм items_count=2408 real_items_count_from_db=2408 visible=true hidden_reason=
2026-07-27 23:32:45,006 [INFO] [PRICE_LIST_ASSIGNMENT_DEBUG] source_type=provisor account_id=4 price_list_id=1392 price_name=ћедсервис (јтырау) Ч ћедсервис (јтырау) Ч Aksai4/83 items_count=5935 real_items_count_from_db=5935 visible=true hidden_reason=
2026-07-27 23:32:45,006 [INFO] [PRICE_LIST_ASSIGNMENT_DEBUG] source_type=provisor account_id=4 price_list_id=1397 price_name=«ерде “ќќ Ќѕќ (јлматы) Ч «ерде “ќќ Ќѕќ (јлматы) Ч Aksai4/83 items_count=2235 real_items_count_from_db=2235 visible=true hidden_reason=
2026-07-27 23:32:45,006 [INFO] [PRICE_LIST_ASSIGNMENT_DEBUG] source_type=provisor account_id=3 price_list_id=1418 price_name=јк-Ќиет (јктау) Ч јк-Ќиет (јктау) Ч ∆асулан-‘арм items_count=2 real_items_count_from_db=2 visible=true hidden_reason=
2026-07-27 23:32:45,006 [INFO] [PRICE_LIST_ASSIGNMENT_DEBUG] source_type=provisor account_id=4 price_list_id=1145 price_name=јтамирас “ќќ (ATAMIRAS.S “ќќ Ўымкент) Ч јтамирас “ќќ (ATAMIRAS.S “ќќ Ўымкент) Ч Aksai4/83 items_count=4208 real_items_count_from_db=4208 visible=true hidden_reason=
2026-07-27 23:32:45,006 [INFO] [PRICE_LIST_ASSIGNMENT_DEBUG] source_type=provisor account_id=4 price_list_id=158 price_name=ћедсервис ( ызылорда) Ч ћедсервис ( ызылорда) Ч Aksai4/83 items_count=5977 real_items_count_from_db=5977 visible=true hidden_reason=
2026-07-27 23:32:45,006 [INFO] [PRICE_LIST_ASSIGNMENT_DEBUG] source_type=provisor account_id=3 price_list_id=159 price_name=ћедсервис (јктау) Ч ћедсервис (јктау) Ч ∆асулан-‘арм items_count=4948 real_items_count_from_db=4948 visible=true hidden_reason=
2026-07-27 23:32:45,006 [INFO] [PRICE_LIST_ASSIGNMENT_DEBUG] source_type=provisor account_id=4 price_list_id=155 price_name=ћедсервис (ѕавлодар) Ч ћедсервис (ѕавлодар) Ч Aksai4/83 items_count=5414 real_items_count_from_db=5414 visible=true hidden_reason=
2026-07-27 23:32:45,006 [INFO] [PRICE_LIST_ASSIGNMENT_DEBUG] source_type=provisor account_id=4 price_list_id=128 price_name=»нкар (јлматы) Ч »нкар (јлматы) Ч Aksai4/83 items_count=2773 real_items_count_from_db=2773 visible=true hidden_reason=
2026-07-27 23:32:45,006 [INFO] [PRICE_LIST_ASSIGNMENT_DEBUG] source_type=provisor account_id=4 price_list_id=1075 price_name=јманат (јлматы) Ч јманат (јлматы) Ч Aksai4/83 items_count=5183 real_items_count_from_db=5183 visible=true hidden_reason=
2026-07-27 23:32:45,006 [INFO] [PRICE_LIST_ASSIGNMENT_DEBUG] source_type=provisor account_id=3 price_list_id=302 price_name=јманат (јктау) Ч јманат (јктау) Ч ∆асулан-‘арм items_count=4454 real_items_count_from_db=4454 visible=true hidden_reason=
2026-07-27 23:32:45,006 [INFO] [PRICE_LIST_ASSIGNMENT_DEBUG] source_type=provisor account_id=3 price_list_id=8067 price_name=¬ива ‘арм “ќќ(јктау) Ч ¬ива ‘арм “ќќ(јктау) Ч ∆асулан-‘арм items_count=37 real_items_count_from_db=37 visible=true hidden_reason=
2026-07-27 23:32:45,006 [INFO] [PRICE_LIST_ASSIGNMENT_DEBUG] source_type=provisor account_id=3 price_list_id=8781 price_name=“ќќ јЋ јзи€ (јктау) Ч “ќќ јЋ јзи€ (јктау) Ч ∆асулан-‘арм items_count=1 real_items_count_from_db=1 visible=true hidden_reason=
2026-07-27 23:32:45,006 [INFO] [PRICE_LIST_ASSIGNMENT_DEBUG] source_type=provisor account_id=3 price_list_id=8358 price_name=—тофарм средн€€ цена (јктау) Ч —тофарм средн€€ цена (јктау) Ч ∆асулан-‘арм items_count=2385 real_items_count_from_db=2385 visible=true hidden_reason=
2026-07-27 23:32:45,006 [INFO] [PRICE_LIST_ASSIGNMENT_DEBUG] source_type=vidman account_id=2 price_list_id=9665 price_name=јстана Ч “ќќ “ест ћедикал Ч dovulbaevaamangul@gmail.com items_count=224 real_items_count_from_db=224 visible=true hidden_reason=
2026-07-27 23:32:45,006 [INFO] [PRICE_LIST_ASSIGNMENT_DEBUG] source_type=vidman account_id=6 price_list_id=9665 price_name=јстана Ч “ќќ “ест ћедикал Ч aiman.imanbaeva1975@mail.ru items_count=224 real_items_count_from_db=224 visible=true hidden_reason=
2026-07-27 23:32:45,006 [INFO] [PRICE_LIST_ASSIGNMENT_DEBUG] source_type=vidman account_id=1 price_list_id=10925 price_name=јстана Ч »ѕ  азимирова ј.Ќ. (ћедћаг) Ч Zhadi-90@mail.ru items_count=152 real_items_count_from_db=152 visible=true hidden_reason=
2026-07-27 23:32:45,006 [INFO] [PRICE_LIST_ASSIGNMENT_DEBUG] source_type=vidman account_id=6 price_list_id=10925 price_name=јстана Ч »ѕ  азимирова ј.Ќ. (ћедћаг) Ч aiman.imanbaeva1975@mail.ru items_count=152 real_items_count_from_db=152 visible=true hidden_reason=
2026-07-27 23:32:45,006 [INFO] [PRICE_LIST_ASSIGNMENT_DEBUG] source_type=vidman account_id=2 price_list_id=8911 price_name=јлматы Ч “ќќ Rosana.kz Ч dovulbaevaamangul@gmail.com items_count=374 real_items_count_from_db=374 visible=true hidden_reason=
2026-07-27 23:32:45,006 [INFO] [PRICE_LIST_ASSIGNMENT_DEBUG] source_type=vidman account_id=1 price_list_id=8911 price_name=јлматы Ч “ќќ Rosana.kz Ч Zhadi-90@mail.ru items_count=374 real_items_count_from_db=374 visible=true hidden_reason=
2026-07-27 23:32:45,006 [INFO] [PRICE_LIST_ASSIGNMENT_DEBUG] source_type=vidman account_id=6 price_list_id=8911 price_name=јлматы Ч “ќќ Rosana.kz Ч aiman.imanbaeva1975@mail.ru items_count=374 real_items_count_from_db=374 visible=true hidden_reason=
2026-07-27 23:32:45,006 [INFO] [PRICE_LIST_ASSIGNMENT_DEBUG] source_type=vidman account_id=1 price_list_id=11194 price_name= останай Ч “ќќ елешек ‘армаци€ Ч Zhadi-90@mail.ru items_count=4 real_items_count_from_db=4 visible=true hidden_reason=
2026-07-27 23:32:45,006 [INFO] [PRICE_LIST_ASSIGNMENT_DEBUG] source_type=vidman account_id=6 price_list_id=11194 price_name= останай Ч “ќќ елешек ‘армаци€ Ч aiman.imanbaeva1975@mail.ru items_count=4 real_items_count_from_db=4 visible=true hidden_reason=
2026-07-27 23:32:45,008 [INFO] [PRICE_LIST_ASSIGNMENT_DEBUG] source_type=vidman account_id=2 price_list_id=11607 price_name=јстана Ч “ќќ Kazbiotech Ч dovulbaevaamangul@gmail.com items_count=12 real_items_count_from_db=12 visible=true hidden_reason=
2026-07-27 23:32:45,008 [INFO] [PRICE_LIST_ASSIGNMENT_DEBUG] source_type=vidman account_id=1 price_list_id=11607 price_name=јстана Ч “ќќ Kazbiotech Ч Zhadi-90@mail.ru items_count=12 real_items_count_from_db=12 visible=true hidden_reason=
2026-07-27 23:32:45,008 [INFO] [PRICE_LIST_ASSIGNMENT_DEBUG] source_type=vidman account_id=6 price_list_id=11607 price_name=јстана Ч “ќќ Kazbiotech Ч aiman.imanbaeva1975@mail.ru items_count=12 real_items_count_from_db=12 visible=true hidden_reason=
2026-07-27 23:32:45,008 [INFO] [PRICE_LIST_ASSIGNMENT_DEBUG] source_type=vidman account_id=6 price_list_id=8394 price_name=Ўымкент Ч “ќќ ‘ј–ћј“ Ч aiman.imanbaeva1975@mail.ru items_count=2768 real_items_count_from_db=2768 visible=true hidden_reason=
2026-07-27 23:32:45,008 [INFO] [PRICE_LIST_ASSIGNMENT_DEBUG] source_type=vidman account_id=6 price_list_id=10298 price_name=Ўымкент Ч Belasar Pharmacy Ч aiman.imanbaeva1975@mail.ru items_count=3189 real_items_count_from_db=3189 visible=true hidden_reason=
2026-07-27 23:32:45,008 [INFO] [PRICE_LIST_ASSIGNMENT_DEBUG] source_type=vidman account_id=1 price_list_id=1212 price_name=јктобе Ч «ерде јктобе Ч Zhadi-90@mail.ru items_count=2098 real_items_count_from_db=2098 visible=true hidden_reason=
2026-07-27 23:32:45,008 [INFO] [PRICE_LIST_ASSIGNMENT_DEBUG] source_type=vidman account_id=1 price_list_id=391 price_name=јлматы Ч «ерде јлматы Ч Zhadi-90@mail.ru items_count=2183 real_items_count_from_db=2183 visible=true hidden_reason=
2026-07-27 23:32:45,008 [INFO] [PRICE_LIST_ASSIGNMENT_DEBUG] source_type=vidman account_id=1 price_list_id=175 price_name=јктау Ч ћедсервис ѕлюс јктау Ч Zhadi-90@mail.ru items_count=4763 real_items_count_from_db=4763 visible=true hidden_reason=
2026-07-27 23:32:45,008 [INFO] [PRICE_LIST_ASSIGNMENT_DEBUG] source_type=vidman account_id=6 price_list_id=388 price_name=јлматы Ч “ур—ад Ч aiman.imanbaeva1975@mail.ru items_count=1328 real_items_count_from_db=1328 visible=true hidden_reason=
2026-07-27 23:32:45,008 [INFO] [PRICE_LIST_ASSIGNMENT_DEBUG] source_type=vidman account_id=1 price_list_id=9352 price_name=јктау Ч »нкар јктау Ч Zhadi-90@mail.ru items_count=2347 real_items_count_from_db=2347 visible=true hidden_reason=
2026-07-27 23:32:45,008 [INFO] [PRICE_LIST_ASSIGNMENT_DEBUG] source_type=vidman account_id=6 price_list_id=9352 price_name=јктау Ч »нкар јктау Ч aiman.imanbaeva1975@mail.ru items_count=2347 real_items_count_from_db=2347 visible=true hidden_reason=
2026-07-27 23:32:45,008 [INFO] [PRICE_LIST_ASSIGNMENT_DEBUG] source_type=vidman account_id=1 price_list_id=390 price_name=јлматы Ч —адыхан премиум Ч Zhadi-90@mail.ru items_count=3704 real_items_count_from_db=3704 visible=true hidden_reason=
2026-07-27 23:32:45,008 [INFO] [PRICE_LIST_ASSIGNMENT_DEBUG] source_type=vidman account_id=6 price_list_id=5648 price_name=јктобе Ч Dosfarm јктобе Ч aiman.imanbaeva1975@mail.ru items_count=130 real_items_count_from_db=130 visible=true hidden_reason=
2026-07-27 23:32:45,008 [INFO] [PRICE_LIST_ASSIGNMENT_DEBUG] source_type=vidman account_id=1 price_list_id=4237 price_name=јктобе Ч –ј”«ј-јƒ≈ ‘»ЋЋ»јЋ ¬ √ ј “ќЅ≈ Ч Zhadi-90@mail.ru items_count=2100 real_items_count_from_db=2100 visible=true hidden_reason=
2026-07-27 23:32:45,008 [INFO] [PRICE_LIST_ASSIGNMENT_DEBUG] source_type=vidman account_id=6 price_list_id=4237 price_name=јктобе Ч –ј”«ј-јƒ≈ ‘»ЋЋ»јЋ ¬ √ ј “ќЅ≈ Ч aiman.imanbaeva1975@mail.ru items_count=2100 real_items_count_from_db=2100 visible=true hidden_reason=
2026-07-27 23:32:45,008 [INFO] [PRICE_LIST_ASSIGNMENT_DEBUG] source_type=vidman account_id=1 price_list_id=11591 price_name=јктау Ч Ёмити »нтернешнл јктау Ч Zhadi-90@mail.ru items_count=4298 real_items_count_from_db=4298 visible=true hidden_reason=
2026-07-27 23:32:45,008 [INFO] [PRICE_LIST_ASSIGNMENT_DEBUG] source_type=vidman account_id=2 price_list_id=1212 price_name=јктобе Ч «ерде јктобе Ч dovulbaevaamangul@gmail.com items_count=2098 real_items_count_from_db=2098 visible=true hidden_reason=
2026-07-27 23:32:45,008 [INFO] [PRICE_LIST_ASSIGNMENT_DEBUG] source_type=vidman account_id=2 price_list_id=5927 price_name=јктау Ч —тофарм јктау Ч dovulbaevaamangul@gmail.com items_count=2293 real_items_count_from_db=2293 visible=true hidden_reason=
2026-07-27 23:32:45,008 [INFO] [PRICE_LIST_ASSIGNMENT_DEBUG] source_type=vidman account_id=6 price_list_id=10364 price_name=јктау Ч »нкар јктау Ч aiman.imanbaeva1975@mail.ru items_count=2359 real_items_count_from_db=2359 visible=true hidden_reason=
2026-07-27 23:32:45,008 [INFO] [PRICE_LIST_ASSIGNMENT_DEBUG] source_type=vidman account_id=2 price_list_id=10364 price_name=јктау Ч »нкар јктау Ч dovulbaevaamangul@gmail.com items_count=2359 real_items_count_from_db=2359 visible=true hidden_reason=
2026-07-27 23:32:45,008 [INFO] [PRICE_LIST_ASSIGNMENT_DEBUG] source_type=vidman account_id=6 price_list_id=10427 price_name=јктау Ч »нкар јктау Ч aiman.imanbaeva1975@mail.ru items_count=2359 real_items_count_from_db=2359 visible=true hidden_reason=
2026-07-27 23:32:45,008 [INFO] [PRICE_LIST_ASSIGNMENT_DEBUG] source_type=vidman account_id=2 price_list_id=4237 price_name=јктобе Ч –ј”«ј-јƒ≈ ‘»ЋЋ»јЋ ¬ √ ј “ќЅ≈ Ч dovulbaevaamangul@gmail.com items_count=2100 real_items_count_from_db=2100 visible=true hidden_reason=
2026-07-27 23:32:45,008 [INFO] [PRICE_LIST_ASSIGNMENT_DEBUG] source_type=vidman account_id=1 price_list_id=247 price_name=јктобе Ч јманат јктобе Ч Zhadi-90@mail.ru items_count=4618 real_items_count_from_db=4618 visible=true hidden_reason=
2026-07-27 23:32:45,008 [INFO] [PRICE_LIST_ASSIGNMENT_DEBUG] source_type=vidman account_id=6 price_list_id=11591 price_name=јктау Ч Ёмити »нтернешнл јктау Ч aiman.imanbaeva1975@mail.ru items_count=4298 real_items_count_from_db=4298 visible=true hidden_reason=
INFO:     127.0.0.1:60388 - "GET /api/competitors/price-lists?format_code=TEST_01 HTTP/1.1" 200 OK
INFO:     127.0.0.1:60395 - "GET /api/price-lists?format_code=%D0%98%D0%9F%D0%9B_01_002 HTTP/1.1" 200 OK
INFO:     127.0.0.1:60384 - "GET /api/price-formats/%D0%98%D0%9F%D0%9B_01_002/settings HTTP/1.1" 200 OK
INFO:     127.0.0.1:60388 - "GET /api/price-formats/TEST_01/settings HTTP/1.1" 200 OK
INFO:     127.0.0.1:60394 - "GET /api/price-lists?format_code=TEST_01 HTTP/1.1" 200 OK
INFO:     127.0.0.1:60388 - "GET /api/competitors/percentiles?format_code=TEST_01&percentile_source=emit HTTP/1.1" 200 OK
2026-07-27 23:32:46,132 [INFO] [PRICE_LIST_ASSIGNMENT_DEBUG] source_type=vidman account_id=1 price_list_id=1478 price_name=јлматы Ч ¬»¬ј ‘арм Ч Zhadi-90@mail.ru items_count=85 real_items_count_from_db=85 visible=true hidden_reason=
2026-07-27 23:32:46,132 [INFO] [PRICE_LIST_ASSIGNMENT_DEBUG] source_type=provisor account_id=4 price_list_id=8322 price_name=јтамирас “ќќ (ATAMIRAS.S “ќќ јлматы) Ч јтамирас “ќќ (ATAMIRAS.S “ќќ јлматы) Ч Aksai4/83 items_count=3767 real_items_count_from_db=3767 visible=true hidden_reason=
2026-07-27 23:32:46,132 [INFO] [PRICE_LIST_ASSIGNMENT_DEBUG] source_type=provisor account_id=3 price_list_id=1417 price_name=«ерде “ќќ Ќѕќ (јктау) Ч «ерде “ќќ Ќѕќ (јктау) Ч ∆асулан-‘арм items_count=2408 real_items_count_from_db=2408 visible=true hidden_reason=
2026-07-27 23:32:46,132 [INFO] [PRICE_LIST_ASSIGNMENT_DEBUG] source_type=provisor account_id=4 price_list_id=1392 price_name=ћедсервис (јтырау) Ч ћедсервис (јтырау) Ч Aksai4/83 items_count=5935 real_items_count_from_db=5935 visible=true hidden_reason=
2026-07-27 23:32:46,132 [INFO] [PRICE_LIST_ASSIGNMENT_DEBUG] source_type=provisor account_id=4 price_list_id=1397 price_name=«ерде “ќќ Ќѕќ (јлматы) Ч «ерде “ќќ Ќѕќ (јлматы) Ч Aksai4/83 items_count=2235 real_items_count_from_db=2235 visible=true hidden_reason=
2026-07-27 23:32:46,133 [INFO] [PRICE_LIST_ASSIGNMENT_DEBUG] source_type=provisor account_id=3 price_list_id=1418 price_name=јк-Ќиет (јктау) Ч јк-Ќиет (јктау) Ч ∆асулан-‘арм items_count=2 real_items_count_from_db=2 visible=true hidden_reason=
2026-07-27 23:32:46,133 [INFO] [PRICE_LIST_ASSIGNMENT_DEBUG] source_type=provisor account_id=4 price_list_id=1145 price_name=јтамирас “ќќ (ATAMIRAS.S “ќќ Ўымкент) Ч јтамирас “ќќ (ATAMIRAS.S “ќќ Ўымкент) Ч Aksai4/83 items_count=4208 real_items_count_from_db=4208 visible=true hidden_reason=
2026-07-27 23:32:46,133 [INFO] [PRICE_LIST_ASSIGNMENT_DEBUG] source_type=provisor account_id=4 price_list_id=158 price_name=ћедсервис ( ызылорда) Ч ћедсервис ( ызылорда) Ч Aksai4/83 items_count=5977 real_items_count_from_db=5977 visible=true hidden_reason=
2026-07-27 23:32:46,133 [INFO] [PRICE_LIST_ASSIGNMENT_DEBUG] source_type=provisor account_id=3 price_list_id=159 price_name=ћедсервис (јктау) Ч ћедсервис (јктау) Ч ∆асулан-‘арм items_count=4948 real_items_count_from_db=4948 visible=true hidden_reason=
2026-07-27 23:32:46,133 [INFO] [PRICE_LIST_ASSIGNMENT_DEBUG] source_type=provisor account_id=4 price_list_id=155 price_name=ћедсервис (ѕавлодар) Ч ћедсервис (ѕавлодар) Ч Aksai4/83 items_count=5414 real_items_count_from_db=5414 visible=true hidden_reason=
2026-07-27 23:32:46,133 [INFO] [PRICE_LIST_ASSIGNMENT_DEBUG] source_type=provisor account_id=4 price_list_id=128 price_name=»нкар (јлматы) Ч »нкар (јлматы) Ч Aksai4/83 items_count=2773 real_items_count_from_db=2773 visible=true hidden_reason=
2026-07-27 23:32:46,133 [INFO] [PRICE_LIST_ASSIGNMENT_DEBUG] source_type=provisor account_id=4 price_list_id=1075 price_name=јманат (јлматы) Ч јманат (јлматы) Ч Aksai4/83 items_count=5183 real_items_count_from_db=5183 visible=true hidden_reason=
2026-07-27 23:32:46,133 [INFO] [PRICE_LIST_ASSIGNMENT_DEBUG] source_type=provisor account_id=3 price_list_id=302 price_name=јманат (јктау) Ч јманат (јктау) Ч ∆асулан-‘арм items_count=4454 real_items_count_from_db=4454 visible=true hidden_reason=
2026-07-27 23:32:46,133 [INFO] [PRICE_LIST_ASSIGNMENT_DEBUG] source_type=provisor account_id=3 price_list_id=8067 price_name=¬ива ‘арм “ќќ(јктау) Ч ¬ива ‘арм “ќќ(јктау) Ч ∆асулан-‘арм items_count=37 real_items_count_from_db=37 visible=true hidden_reason=
2026-07-27 23:32:46,133 [INFO] [PRICE_LIST_ASSIGNMENT_DEBUG] source_type=provisor account_id=3 price_list_id=8781 price_name=“ќќ јЋ јзи€ (јктау) Ч “ќќ јЋ јзи€ (јктау) Ч ∆асулан-‘арм items_count=1 real_items_count_from_db=1 visible=true hidden_reason=
2026-07-27 23:32:46,133 [INFO] [PRICE_LIST_ASSIGNMENT_DEBUG] source_type=provisor account_id=3 price_list_id=8358 price_name=—тофарм средн€€ цена (јктау) Ч —тофарм средн€€ цена (јктау) Ч ∆асулан-‘арм items_count=2385 real_items_count_from_db=2385 visible=true hidden_reason=
2026-07-27 23:32:46,133 [INFO] [PRICE_LIST_ASSIGNMENT_DEBUG] source_type=vidman account_id=2 price_list_id=9665 price_name=јстана Ч “ќќ “ест ћедикал Ч dovulbaevaamangul@gmail.com items_count=224 real_items_count_from_db=224 visible=true hidden_reason=
2026-07-27 23:32:46,133 [INFO] [PRICE_LIST_ASSIGNMENT_DEBUG] source_type=vidman account_id=6 price_list_id=9665 price_name=јстана Ч “ќќ “ест ћедикал Ч aiman.imanbaeva1975@mail.ru items_count=224 real_items_count_from_db=224 visible=true hidden_reason=
2026-07-27 23:32:46,133 [INFO] [PRICE_LIST_ASSIGNMENT_DEBUG] source_type=vidman account_id=1 price_list_id=10925 price_name=јстана Ч »ѕ  азимирова ј.Ќ. (ћедћаг) Ч Zhadi-90@mail.ru items_count=152 real_items_count_from_db=152 visible=true hidden_reason=
2026-07-27 23:32:46,133 [INFO] [PRICE_LIST_ASSIGNMENT_DEBUG] source_type=vidman account_id=6 price_list_id=10925 price_name=јстана Ч »ѕ  азимирова ј.Ќ. (ћедћаг) Ч aiman.imanbaeva1975@mail.ru items_count=152 real_items_count_from_db=152 visible=true hidden_reason=
2026-07-27 23:32:46,133 [INFO] [PRICE_LIST_ASSIGNMENT_DEBUG] source_type=vidman account_id=2 price_list_id=8911 price_name=јлматы Ч “ќќ Rosana.kz Ч dovulbaevaamangul@gmail.com items_count=374 real_items_count_from_db=374 visible=true hidden_reason=
2026-07-27 23:32:46,133 [INFO] [PRICE_LIST_ASSIGNMENT_DEBUG] source_type=vidman account_id=1 price_list_id=8911 price_name=јлматы Ч “ќќ Rosana.kz Ч Zhadi-90@mail.ru items_count=374 real_items_count_from_db=374 visible=true hidden_reason=
2026-07-27 23:32:46,133 [INFO] [PRICE_LIST_ASSIGNMENT_DEBUG] source_type=vidman account_id=6 price_list_id=8911 price_name=јлматы Ч “ќќ Rosana.kz Ч aiman.imanbaeva1975@mail.ru items_count=374 real_items_count_from_db=374 visible=true hidden_reason=
2026-07-27 23:32:46,133 [INFO] [PRICE_LIST_ASSIGNMENT_DEBUG] source_type=vidman account_id=1 price_list_id=11194 price_name= останай Ч “ќќ елешек ‘армаци€ Ч Zhadi-90@mail.ru items_count=4 real_items_count_from_db=4 visible=true hidden_reason=
2026-07-27 23:32:46,133 [INFO] [PRICE_LIST_ASSIGNMENT_DEBUG] source_type=vidman account_id=6 price_list_id=11194 price_name= останай Ч “ќќ елешек ‘армаци€ Ч aiman.imanbaeva1975@mail.ru items_count=4 real_items_count_from_db=4 visible=true hidden_reason=
2026-07-27 23:32:46,133 [INFO] [PRICE_LIST_ASSIGNMENT_DEBUG] source_type=vidman account_id=2 price_list_id=11607 price_name=јстана Ч “ќќ Kazbiotech Ч dovulbaevaamangul@gmail.com items_count=12 real_items_count_from_db=12 visible=true hidden_reason=
2026-07-27 23:32:46,133 [INFO] [PRICE_LIST_ASSIGNMENT_DEBUG] source_type=vidman account_id=1 price_list_id=11607 price_name=јстана Ч “ќќ Kazbiotech Ч Zhadi-90@mail.ru items_count=12 real_items_count_from_db=12 visible=true hidden_reason=
2026-07-27 23:32:46,133 [INFO] [PRICE_LIST_ASSIGNMENT_DEBUG] source_type=vidman account_id=6 price_list_id=11607 price_name=јстана Ч “ќќ Kazbiotech Ч aiman.imanbaeva1975@mail.ru items_count=12 real_items_count_from_db=12 visible=true hidden_reason=
2026-07-27 23:32:46,133 [INFO] [PRICE_LIST_ASSIGNMENT_DEBUG] source_type=vidman account_id=6 price_list_id=8394 price_name=Ўымкент Ч “ќќ ‘ј–ћј“ Ч aiman.imanbaeva1975@mail.ru items_count=2768 real_items_count_from_db=2768 visible=true hidden_reason=
2026-07-27 23:32:46,133 [INFO] [PRICE_LIST_ASSIGNMENT_DEBUG] source_type=vidman account_id=6 price_list_id=10298 price_name=Ўымкент Ч Belasar Pharmacy Ч aiman.imanbaeva1975@mail.ru items_count=3189 real_items_count_from_db=3189 visible=true hidden_reason=
2026-07-27 23:32:46,133 [INFO] [PRICE_LIST_ASSIGNMENT_DEBUG] source_type=vidman account_id=1 price_list_id=1212 price_name=јктобе Ч «ерде јктобе Ч Zhadi-90@mail.ru items_count=2098 real_items_count_from_db=2098 visible=true hidden_reason=
2026-07-27 23:32:46,133 [INFO] [PRICE_LIST_ASSIGNMENT_DEBUG] source_type=vidman account_id=1 price_list_id=391 price_name=јлматы Ч «ерде јлматы Ч Zhadi-90@mail.ru items_count=2183 real_items_count_from_db=2183 visible=true hidden_reason=
2026-07-27 23:32:46,133 [INFO] [PRICE_LIST_ASSIGNMENT_DEBUG] source_type=vidman account_id=1 price_list_id=175 price_name=јктау Ч ћедсервис ѕлюс јктау Ч Zhadi-90@mail.ru items_count=4763 real_items_count_from_db=4763 visible=true hidden_reason=
2026-07-27 23:32:46,133 [INFO] [PRICE_LIST_ASSIGNMENT_DEBUG] source_type=vidman account_id=6 price_list_id=388 price_name=јлматы Ч “ур—ад Ч aiman.imanbaeva1975@mail.ru items_count=1328 real_items_count_from_db=1328 visible=true hidden_reason=
2026-07-27 23:32:46,133 [INFO] [PRICE_LIST_ASSIGNMENT_DEBUG] source_type=vidman account_id=1 price_list_id=9352 price_name=јктау Ч »нкар јктау Ч Zhadi-90@mail.ru items_count=2347 real_items_count_from_db=2347 visible=true hidden_reason=
2026-07-27 23:32:46,133 [INFO] [PRICE_LIST_ASSIGNMENT_DEBUG] source_type=vidman account_id=6 price_list_id=9352 price_name=јктау Ч »нкар јктау Ч aiman.imanbaeva1975@mail.ru items_count=2347 real_items_count_from_db=2347 visible=true hidden_reason=
2026-07-27 23:32:46,133 [INFO] [PRICE_LIST_ASSIGNMENT_DEBUG] source_type=vidman account_id=1 price_list_id=390 price_name=јлматы Ч —адыхан премиум Ч Zhadi-90@mail.ru items_count=3704 real_items_count_from_db=3704 visible=true hidden_reason=
2026-07-27 23:32:46,133 [INFO] [PRICE_LIST_ASSIGNMENT_DEBUG] source_type=vidman account_id=6 price_list_id=5648 price_name=јктобе Ч Dosfarm јктобе Ч aiman.imanbaeva1975@mail.ru items_count=130 real_items_count_from_db=130 visible=true hidden_reason=
2026-07-27 23:32:46,133 [INFO] [PRICE_LIST_ASSIGNMENT_DEBUG] source_type=vidman account_id=1 price_list_id=4237 price_name=јктобе Ч –ј”«ј-јƒ≈ ‘»ЋЋ»јЋ ¬ √ ј “ќЅ≈ Ч Zhadi-90@mail.ru items_count=2100 real_items_count_from_db=2100 visible=true hidden_reason=
2026-07-27 23:32:46,133 [INFO] [PRICE_LIST_ASSIGNMENT_DEBUG] source_type=vidman account_id=6 price_list_id=4237 price_name=јктобе Ч –ј”«ј-јƒ≈ ‘»ЋЋ»јЋ ¬ √ ј “ќЅ≈ Ч aiman.imanbaeva1975@mail.ru items_count=2100 real_items_count_from_db=2100 visible=true hidden_reason=
2026-07-27 23:32:46,133 [INFO] [PRICE_LIST_ASSIGNMENT_DEBUG] source_type=vidman account_id=1 price_list_id=11591 price_name=јктау Ч Ёмити »нтернешнл јктау Ч Zhadi-90@mail.ru items_count=4298 real_items_count_from_db=4298 visible=true hidden_reason=
2026-07-27 23:32:46,133 [INFO] [PRICE_LIST_ASSIGNMENT_DEBUG] source_type=vidman account_id=2 price_list_id=1212 price_name=јктобе Ч «ерде јктобе Ч dovulbaevaamangul@gmail.com items_count=2098 real_items_count_from_db=2098 visible=true hidden_reason=
2026-07-27 23:32:46,134 [INFO] [PRICE_LIST_ASSIGNMENT_DEBUG] source_type=vidman account_id=2 price_list_id=5927 price_name=јктау Ч —тофарм јктау Ч dovulbaevaamangul@gmail.com items_count=2293 real_items_count_from_db=2293 visible=true hidden_reason=
2026-07-27 23:32:46,134 [INFO] [PRICE_LIST_ASSIGNMENT_DEBUG] source_type=vidman account_id=6 price_list_id=10364 price_name=јктау Ч »нкар јктау Ч aiman.imanbaeva1975@mail.ru items_count=2359 real_items_count_from_db=2359 visible=true hidden_reason=
2026-07-27 23:32:46,134 [INFO] [PRICE_LIST_ASSIGNMENT_DEBUG] source_type=vidman account_id=2 price_list_id=10364 price_name=јктау Ч »нкар јктау Ч dovulbaevaamangul@gmail.com items_count=2359 real_items_count_from_db=2359 visible=true hidden_reason=
2026-07-27 23:32:46,134 [INFO] [PRICE_LIST_ASSIGNMENT_DEBUG] source_type=vidman account_id=6 price_list_id=10427 price_name=јктау Ч »нкар јктау Ч aiman.imanbaeva1975@mail.ru items_count=2359 real_items_count_from_db=2359 visible=true hidden_reason=
2026-07-27 23:32:46,134 [INFO] [PRICE_LIST_ASSIGNMENT_DEBUG] source_type=vidman account_id=2 price_list_id=4237 price_name=јктобе Ч –ј”«ј-јƒ≈ ‘»ЋЋ»јЋ ¬ √ ј “ќЅ≈ Ч dovulbaevaamangul@gmail.com items_count=2100 real_items_count_from_db=2100 visible=true hidden_reason=
2026-07-27 23:32:46,134 [INFO] [PRICE_LIST_ASSIGNMENT_DEBUG] source_type=vidman account_id=1 price_list_id=247 price_name=јктобе Ч јманат јктобе Ч Zhadi-90@mail.ru items_count=4618 real_items_count_from_db=4618 visible=true hidden_reason=
2026-07-27 23:32:46,134 [INFO] [PRICE_LIST_ASSIGNMENT_DEBUG] source_type=vidman account_id=6 price_list_id=11591 price_name=јктау Ч Ёмити »нтернешнл јктау Ч aiman.imanbaeva1975@mail.ru items_count=4298 real_items_count_from_db=4298 visible=true hidden_reason=
INFO:     127.0.0.1:60394 - "GET /api/competitors/price-lists?format_code=TEST_01 HTTP/1.1" 200 OK
INFO:     127.0.0.1:60384 - "GET /api/competitors/percentiles?format_code=TEST_01&percentile_source=competitor HTTP/1.1" 200 OK
INFO:     127.0.0.1:60395 - "GET /api/price-formats/TEST_01/competitor-assignments HTTP/1.1" 200 OK
INFO:     127.0.0.1:60384 - "GET /api/price-lists/latest?format_code=TEST_01 HTTP/1.1" 200 OK
INFO:     127.0.0.1:60395 - "GET /api/price-formats/TEST_01/settings HTTP/1.1" 200 OK
INFO:     127.0.0.1:60166 - "GET /api/current-user HTTP/1.1" 200 OK
INFO:     127.0.0.1:60164 - "GET /api/current-user HTTP/1.1" 200 OK
INFO:     127.0.0.1:60165 - "GET /api/price-formats HTTP/1.1" 200 OK
INFO:     127.0.0.1:60167 - "GET /api/price-formats HTTP/1.1" 200 OK
INFO:     127.0.0.1:60175 - "GET /api/references/status HTTP/1.1" 200 OK
INFO:     127.0.0.1:60179 - "GET /api/price-formats/TEST_01/settings HTTP/1.1" 200 OK
INFO:     127.0.0.1:60169 - "GET /api/price-formats/TEST_01/settings HTTP/1.1" 200 OK
INFO:     127.0.0.1:60181 - "GET /api/price-lists?format_code=TEST_01 HTTP/1.1" 200 OK
INFO:     127.0.0.1:60172 - "GET /api/price-lists?format_code=TEST_01 HTTP/1.1" 200 OK
INFO:     127.0.0.1:60176 - "GET /api/pricing-rules HTTP/1.1" 200 OK
INFO:     127.0.0.1:60185 - "GET /api/references/status HTTP/1.1" 200 OK
INFO:     127.0.0.1:60188 - "GET /api/pricing-rules HTTP/1.1" 200 OK
2026-07-28 01:14:08,087 [INFO] [PRICE_LIST_ASSIGNMENT_DEBUG] source_type=vidman account_id=1 price_list_id=1478 price_name=јлматы Ч ¬»¬ј ‘арм Ч Zhadi-90@mail.ru items_count=85 real_items_count_from_db=85 visible=true hidden_reason=
2026-07-28 01:14:08,087 [INFO] [PRICE_LIST_ASSIGNMENT_DEBUG] source_type=provisor account_id=4 price_list_id=8322 price_name=јтамирас “ќќ (ATAMIRAS.S “ќќ јлматы) Ч јтамирас “ќќ (ATAMIRAS.S “ќќ јлматы) Ч Aksai4/83 items_count=3767 real_items_count_from_db=3767 visible=true hidden_reason=
2026-07-28 01:14:08,088 [INFO] [PRICE_LIST_ASSIGNMENT_DEBUG] source_type=provisor account_id=3 price_list_id=1417 price_name=«ерде “ќќ Ќѕќ (јктау) Ч «ерде “ќќ Ќѕќ (јктау) Ч ∆асулан-‘арм items_count=2408 real_items_count_from_db=2408 visible=true hidden_reason=
2026-07-28 01:14:08,088 [INFO] [PRICE_LIST_ASSIGNMENT_DEBUG] source_type=provisor account_id=4 price_list_id=1392 price_name=ћедсервис (јтырау) Ч ћедсервис (јтырау) Ч Aksai4/83 items_count=5935 real_items_count_from_db=5935 visible=true hidden_reason=
2026-07-28 01:14:08,088 [INFO] [PRICE_LIST_ASSIGNMENT_DEBUG] source_type=provisor account_id=4 price_list_id=1397 price_name=«ерде “ќќ Ќѕќ (јлматы) Ч «ерде “ќќ Ќѕќ (јлматы) Ч Aksai4/83 items_count=2235 real_items_count_from_db=2235 visible=true hidden_reason=
2026-07-28 01:14:08,088 [INFO] [PRICE_LIST_ASSIGNMENT_DEBUG] source_type=provisor account_id=3 price_list_id=1418 price_name=јк-Ќиет (јктау) Ч јк-Ќиет (јктау) Ч ∆асулан-‘арм items_count=2 real_items_count_from_db=2 visible=true hidden_reason=
2026-07-28 01:14:08,088 [INFO] [PRICE_LIST_ASSIGNMENT_DEBUG] source_type=provisor account_id=4 price_list_id=1145 price_name=јтамирас “ќќ (ATAMIRAS.S “ќќ Ўымкент) Ч јтамирас “ќќ (ATAMIRAS.S “ќќ Ўымкент) Ч Aksai4/83 items_count=4208 real_items_count_from_db=4208 visible=true hidden_reason=
2026-07-28 01:14:08,088 [INFO] [PRICE_LIST_ASSIGNMENT_DEBUG] source_type=provisor account_id=4 price_list_id=158 price_name=ћедсервис ( ызылорда) Ч ћедсервис ( ызылорда) Ч Aksai4/83 items_count=5977 real_items_count_from_db=5977 visible=true hidden_reason=
2026-07-28 01:14:08,088 [INFO] [PRICE_LIST_ASSIGNMENT_DEBUG] source_type=provisor account_id=3 price_list_id=159 price_name=ћедсервис (јктау) Ч ћедсервис (јктау) Ч ∆асулан-‘арм items_count=4948 real_items_count_from_db=4948 visible=true hidden_reason=
2026-07-28 01:14:08,088 [INFO] [PRICE_LIST_ASSIGNMENT_DEBUG] source_type=provisor account_id=4 price_list_id=155 price_name=ћедсервис (ѕавлодар) Ч ћедсервис (ѕавлодар) Ч Aksai4/83 items_count=5414 real_items_count_from_db=5414 visible=true hidden_reason=
2026-07-28 01:14:08,088 [INFO] [PRICE_LIST_ASSIGNMENT_DEBUG] source_type=provisor account_id=4 price_list_id=128 price_name=»нкар (јлматы) Ч »нкар (јлматы) Ч Aksai4/83 items_count=2773 real_items_count_from_db=2773 visible=true hidden_reason=
2026-07-28 01:14:08,088 [INFO] [PRICE_LIST_ASSIGNMENT_DEBUG] source_type=provisor account_id=4 price_list_id=1075 price_name=јманат (јлматы) Ч јманат (јлматы) Ч Aksai4/83 items_count=5183 real_items_count_from_db=5183 visible=true hidden_reason=
2026-07-28 01:14:08,088 [INFO] [PRICE_LIST_ASSIGNMENT_DEBUG] source_type=provisor account_id=3 price_list_id=302 price_name=јманат (јктау) Ч јманат (јктау) Ч ∆асулан-‘арм items_count=4454 real_items_count_from_db=4454 visible=true hidden_reason=
2026-07-28 01:14:08,088 [INFO] [PRICE_LIST_ASSIGNMENT_DEBUG] source_type=provisor account_id=3 price_list_id=8067 price_name=¬ива ‘арм “ќќ(јктау) Ч ¬ива ‘арм “ќќ(јктау) Ч ∆асулан-‘арм items_count=37 real_items_count_from_db=37 visible=true hidden_reason=
2026-07-28 01:14:08,088 [INFO] [PRICE_LIST_ASSIGNMENT_DEBUG] source_type=provisor account_id=3 price_list_id=8781 price_name=“ќќ јЋ јзи€ (јктау) Ч “ќќ јЋ јзи€ (јктау) Ч ∆асулан-‘арм items_count=1 real_items_count_from_db=1 visible=true hidden_reason=
2026-07-28 01:14:08,088 [INFO] [PRICE_LIST_ASSIGNMENT_DEBUG] source_type=provisor account_id=3 price_list_id=8358 price_name=—тофарм средн€€ цена (јктау) Ч —тофарм средн€€ цена (јктау) Ч ∆асулан-‘арм items_count=2385 real_items_count_from_db=2385 visible=true hidden_reason=
2026-07-28 01:14:08,088 [INFO] [PRICE_LIST_ASSIGNMENT_DEBUG] source_type=vidman account_id=2 price_list_id=9665 price_name=јстана Ч “ќќ “ест ћедикал Ч dovulbaevaamangul@gmail.com items_count=224 real_items_count_from_db=224 visible=true hidden_reason=
2026-07-28 01:14:08,088 [INFO] [PRICE_LIST_ASSIGNMENT_DEBUG] source_type=vidman account_id=6 price_list_id=9665 price_name=јстана Ч “ќќ “ест ћедикал Ч aiman.imanbaeva1975@mail.ru items_count=224 real_items_count_from_db=224 visible=true hidden_reason=
2026-07-28 01:14:08,088 [INFO] [PRICE_LIST_ASSIGNMENT_DEBUG] source_type=vidman account_id=1 price_list_id=10925 price_name=јстана Ч »ѕ  азимирова ј.Ќ. (ћедћаг) Ч Zhadi-90@mail.ru items_count=152 real_items_count_from_db=152 visible=true hidden_reason=
2026-07-28 01:14:08,088 [INFO] [PRICE_LIST_ASSIGNMENT_DEBUG] source_type=vidman account_id=6 price_list_id=10925 price_name=јстана Ч »ѕ  азимирова ј.Ќ. (ћедћаг) Ч aiman.imanbaeva1975@mail.ru items_count=152 real_items_count_from_db=152 visible=true hidden_reason=
2026-07-28 01:14:08,088 [INFO] [PRICE_LIST_ASSIGNMENT_DEBUG] source_type=vidman account_id=2 price_list_id=8911 price_name=јлматы Ч “ќќ Rosana.kz Ч dovulbaevaamangul@gmail.com items_count=374 real_items_count_from_db=374 visible=true hidden_reason=
2026-07-28 01:14:08,088 [INFO] [PRICE_LIST_ASSIGNMENT_DEBUG] source_type=vidman account_id=1 price_list_id=8911 price_name=јлматы Ч “ќќ Rosana.kz Ч Zhadi-90@mail.ru items_count=374 real_items_count_from_db=374 visible=true hidden_reason=
2026-07-28 01:14:08,088 [INFO] [PRICE_LIST_ASSIGNMENT_DEBUG] source_type=vidman account_id=6 price_list_id=8911 price_name=јлматы Ч “ќќ Rosana.kz Ч aiman.imanbaeva1975@mail.ru items_count=374 real_items_count_from_db=374 visible=true hidden_reason=
2026-07-28 01:14:08,088 [INFO] [PRICE_LIST_ASSIGNMENT_DEBUG] source_type=vidman account_id=1 price_list_id=11194 price_name= останай Ч “ќќ елешек ‘армаци€ Ч Zhadi-90@mail.ru items_count=4 real_items_count_from_db=4 visible=true hidden_reason=
2026-07-28 01:14:08,088 [INFO] [PRICE_LIST_ASSIGNMENT_DEBUG] source_type=vidman account_id=6 price_list_id=11194 price_name= останай Ч “ќќ елешек ‘армаци€ Ч aiman.imanbaeva1975@mail.ru items_count=4 real_items_count_from_db=4 visible=true hidden_reason=
2026-07-28 01:14:08,088 [INFO] [PRICE_LIST_ASSIGNMENT_DEBUG] source_type=vidman account_id=2 price_list_id=11607 price_name=јстана Ч “ќќ Kazbiotech Ч dovulbaevaamangul@gmail.com items_count=12 real_items_count_from_db=12 visible=true hidden_reason=
2026-07-28 01:14:08,088 [INFO] [PRICE_LIST_ASSIGNMENT_DEBUG] source_type=vidman account_id=1 price_list_id=11607 price_name=јстана Ч “ќќ Kazbiotech Ч Zhadi-90@mail.ru items_count=12 real_items_count_from_db=12 visible=true hidden_reason=
2026-07-28 01:14:08,088 [INFO] [PRICE_LIST_ASSIGNMENT_DEBUG] source_type=vidman account_id=6 price_list_id=11607 price_name=јстана Ч “ќќ Kazbiotech Ч aiman.imanbaeva1975@mail.ru items_count=12 real_items_count_from_db=12 visible=true hidden_reason=
2026-07-28 01:14:08,088 [INFO] [PRICE_LIST_ASSIGNMENT_DEBUG] source_type=vidman account_id=6 price_list_id=8394 price_name=Ўымкент Ч “ќќ ‘ј–ћј“ Ч aiman.imanbaeva1975@mail.ru items_count=2768 real_items_count_from_db=2768 visible=true hidden_reason=
2026-07-28 01:14:08,088 [INFO] [PRICE_LIST_ASSIGNMENT_DEBUG] source_type=vidman account_id=6 price_list_id=10298 price_name=Ўымкент Ч Belasar Pharmacy Ч aiman.imanbaeva1975@mail.ru items_count=3189 real_items_count_from_db=3189 visible=true hidden_reason=
2026-07-28 01:14:08,089 [INFO] [PRICE_LIST_ASSIGNMENT_DEBUG] source_type=vidman account_id=1 price_list_id=1212 price_name=јктобе Ч «ерде јктобе Ч Zhadi-90@mail.ru items_count=2098 real_items_count_from_db=2098 visible=true hidden_reason=
2026-07-28 01:14:08,089 [INFO] [PRICE_LIST_ASSIGNMENT_DEBUG] source_type=vidman account_id=1 price_list_id=391 price_name=јлматы Ч «ерде јлматы Ч Zhadi-90@mail.ru items_count=2183 real_items_count_from_db=2183 visible=true hidden_reason=
2026-07-28 01:14:08,089 [INFO] [PRICE_LIST_ASSIGNMENT_DEBUG] source_type=vidman account_id=1 price_list_id=175 price_name=јктау Ч ћедсервис ѕлюс јктау Ч Zhadi-90@mail.ru items_count=4763 real_items_count_from_db=4763 visible=true hidden_reason=
2026-07-28 01:14:08,089 [INFO] [PRICE_LIST_ASSIGNMENT_DEBUG] source_type=vidman account_id=6 price_list_id=388 price_name=јлматы Ч “ур—ад Ч aiman.imanbaeva1975@mail.ru items_count=1328 real_items_count_from_db=1328 visible=true hidden_reason=
2026-07-28 01:14:08,089 [INFO] [PRICE_LIST_ASSIGNMENT_DEBUG] source_type=vidman account_id=1 price_list_id=9352 price_name=јктау Ч »нкар јктау Ч Zhadi-90@mail.ru items_count=2347 real_items_count_from_db=2347 visible=true hidden_reason=
2026-07-28 01:14:08,089 [INFO] [PRICE_LIST_ASSIGNMENT_DEBUG] source_type=vidman account_id=6 price_list_id=9352 price_name=јктау Ч »нкар јктау Ч aiman.imanbaeva1975@mail.ru items_count=2347 real_items_count_from_db=2347 visible=true hidden_reason=
2026-07-28 01:14:08,089 [INFO] [PRICE_LIST_ASSIGNMENT_DEBUG] source_type=vidman account_id=1 price_list_id=390 price_name=јлматы Ч —адыхан премиум Ч Zhadi-90@mail.ru items_count=3704 real_items_count_from_db=3704 visible=true hidden_reason=
2026-07-28 01:14:08,089 [INFO] [PRICE_LIST_ASSIGNMENT_DEBUG] source_type=vidman account_id=6 price_list_id=5648 price_name=јктобе Ч Dosfarm јктобе Ч aiman.imanbaeva1975@mail.ru items_count=130 real_items_count_from_db=130 visible=true hidden_reason=
2026-07-28 01:14:08,089 [INFO] [PRICE_LIST_ASSIGNMENT_DEBUG] source_type=vidman account_id=1 price_list_id=4237 price_name=јктобе Ч –ј”«ј-јƒ≈ ‘»ЋЋ»јЋ ¬ √ ј “ќЅ≈ Ч Zhadi-90@mail.ru items_count=2100 real_items_count_from_db=2100 visible=true hidden_reason=
2026-07-28 01:14:08,089 [INFO] [PRICE_LIST_ASSIGNMENT_DEBUG] source_type=vidman account_id=6 price_list_id=4237 price_name=јктобе Ч –ј”«ј-јƒ≈ ‘»ЋЋ»јЋ ¬ √ ј “ќЅ≈ Ч aiman.imanbaeva1975@mail.ru items_count=2100 real_items_count_from_db=2100 visible=true hidden_reason=
2026-07-28 01:14:08,089 [INFO] [PRICE_LIST_ASSIGNMENT_DEBUG] source_type=vidman account_id=1 price_list_id=11591 price_name=јктау Ч Ёмити »нтернешнл јктау Ч Zhadi-90@mail.ru items_count=4298 real_items_count_from_db=4298 visible=true hidden_reason=
2026-07-28 01:14:08,089 [INFO] [PRICE_LIST_ASSIGNMENT_DEBUG] source_type=vidman account_id=2 price_list_id=1212 price_name=јктобе Ч «ерде јктобе Ч dovulbaevaamangul@gmail.com items_count=2098 real_items_count_from_db=2098 visible=true hidden_reason=
2026-07-28 01:14:08,089 [INFO] [PRICE_LIST_ASSIGNMENT_DEBUG] source_type=vidman account_id=2 price_list_id=5927 price_name=јктау Ч —тофарм јктау Ч dovulbaevaamangul@gmail.com items_count=2293 real_items_count_from_db=2293 visible=true hidden_reason=
2026-07-28 01:14:08,089 [INFO] [PRICE_LIST_ASSIGNMENT_DEBUG] source_type=vidman account_id=6 price_list_id=10364 price_name=јктау Ч »нкар јктау Ч aiman.imanbaeva1975@mail.ru items_count=2359 real_items_count_from_db=2359 visible=true hidden_reason=
2026-07-28 01:14:08,089 [INFO] [PRICE_LIST_ASSIGNMENT_DEBUG] source_type=vidman account_id=2 price_list_id=10364 price_name=јктау Ч »нкар јктау Ч dovulbaevaamangul@gmail.com items_count=2359 real_items_count_from_db=2359 visible=true hidden_reason=
2026-07-28 01:14:08,089 [INFO] [PRICE_LIST_ASSIGNMENT_DEBUG] source_type=vidman account_id=6 price_list_id=10427 price_name=јктау Ч »нкар јктау Ч aiman.imanbaeva1975@mail.ru items_count=2359 real_items_count_from_db=2359 visible=true hidden_reason=
2026-07-28 01:14:08,089 [INFO] [PRICE_LIST_ASSIGNMENT_DEBUG] source_type=vidman account_id=2 price_list_id=4237 price_name=јктобе Ч –ј”«ј-јƒ≈ ‘»ЋЋ»јЋ ¬ √ ј “ќЅ≈ Ч dovulbaevaamangul@gmail.com items_count=2100 real_items_count_from_db=2100 visible=true hidden_reason=
2026-07-28 01:14:08,089 [INFO] [PRICE_LIST_ASSIGNMENT_DEBUG] source_type=vidman account_id=1 price_list_id=247 price_name=јктобе Ч јманат јктобе Ч Zhadi-90@mail.ru items_count=4618 real_items_count_from_db=4618 visible=true hidden_reason=
2026-07-28 01:14:08,089 [INFO] [PRICE_LIST_ASSIGNMENT_DEBUG] source_type=vidman account_id=6 price_list_id=11591 price_name=јктау Ч Ёмити »нтернешнл јктау Ч aiman.imanbaeva1975@mail.ru items_count=4298 real_items_count_from_db=4298 visible=true hidden_reason=
INFO:     127.0.0.1:60183 - "GET /api/competitors/price-lists?format_code=TEST_01 HTTP/1.1" 200 OK
INFO:     127.0.0.1:60198 - "GET /api/price-lists?format_code=%D0%98%D0%9F%D0%9B_01_002 HTTP/1.1" 200 OK
INFO:     127.0.0.1:60197 - "GET /api/price-formats/%D0%98%D0%9F%D0%9B_01_002/settings HTTP/1.1" 200 OK
INFO:     127.0.0.1:60193 - "GET /api/price-formats/TEST_01/settings HTTP/1.1" 200 OK
INFO:     127.0.0.1:60196 - "GET /api/price-lists?format_code=TEST_01 HTTP/1.1" 200 OK
2026-07-28 01:14:08,159 [INFO] [PRICE_LIST_ASSIGNMENT_DEBUG] source_type=vidman account_id=1 price_list_id=1478 price_name=јлматы Ч ¬»¬ј ‘арм Ч Zhadi-90@mail.ru items_count=85 real_items_count_from_db=85 visible=true hidden_reason=
2026-07-28 01:14:08,159 [INFO] [PRICE_LIST_ASSIGNMENT_DEBUG] source_type=provisor account_id=4 price_list_id=8322 price_name=јтамирас “ќќ (ATAMIRAS.S “ќќ јлматы) Ч јтамирас “ќќ (ATAMIRAS.S “ќќ јлматы) Ч Aksai4/83 items_count=3767 real_items_count_from_db=3767 visible=true hidden_reason=
2026-07-28 01:14:08,159 [INFO] [PRICE_LIST_ASSIGNMENT_DEBUG] source_type=provisor account_id=3 price_list_id=1417 price_name=«ерде “ќќ Ќѕќ (јктау) Ч «ерде “ќќ Ќѕќ (јктау) Ч ∆асулан-‘арм items_count=2408 real_items_count_from_db=2408 visible=true hidden_reason=
2026-07-28 01:14:08,159 [INFO] [PRICE_LIST_ASSIGNMENT_DEBUG] source_type=provisor account_id=4 price_list_id=1392 price_name=ћедсервис (јтырау) Ч ћедсервис (јтырау) Ч Aksai4/83 items_count=5935 real_items_count_from_db=5935 visible=true hidden_reason=
2026-07-28 01:14:08,159 [INFO] [PRICE_LIST_ASSIGNMENT_DEBUG] source_type=provisor account_id=4 price_list_id=1397 price_name=«ерде “ќќ Ќѕќ (јлматы) Ч «ерде “ќќ Ќѕќ (јлматы) Ч Aksai4/83 items_count=2235 real_items_count_from_db=2235 visible=true hidden_reason=
2026-07-28 01:14:08,159 [INFO] [PRICE_LIST_ASSIGNMENT_DEBUG] source_type=provisor account_id=3 price_list_id=1418 price_name=јк-Ќиет (јктау) Ч јк-Ќиет (јктау) Ч ∆асулан-‘арм items_count=2 real_items_count_from_db=2 visible=true hidden_reason=
2026-07-28 01:14:08,159 [INFO] [PRICE_LIST_ASSIGNMENT_DEBUG] source_type=provisor account_id=4 price_list_id=1145 price_name=јтамирас “ќќ (ATAMIRAS.S “ќќ Ўымкент) Ч јтамирас “ќќ (ATAMIRAS.S “ќќ Ўымкент) Ч Aksai4/83 items_count=4208 real_items_count_from_db=4208 visible=true hidden_reason=
2026-07-28 01:14:08,159 [INFO] [PRICE_LIST_ASSIGNMENT_DEBUG] source_type=provisor account_id=4 price_list_id=158 price_name=ћедсервис ( ызылорда) Ч ћедсервис ( ызылорда) Ч Aksai4/83 items_count=5977 real_items_count_from_db=5977 visible=true hidden_reason=
2026-07-28 01:14:08,159 [INFO] [PRICE_LIST_ASSIGNMENT_DEBUG] source_type=provisor account_id=3 price_list_id=159 price_name=ћедсервис (јктау) Ч ћедсервис (јктау) Ч ∆асулан-‘арм items_count=4948 real_items_count_from_db=4948 visible=true hidden_reason=
2026-07-28 01:14:08,160 [INFO] [PRICE_LIST_ASSIGNMENT_DEBUG] source_type=provisor account_id=4 price_list_id=155 price_name=ћедсервис (ѕавлодар) Ч ћедсервис (ѕавлодар) Ч Aksai4/83 items_count=5414 real_items_count_from_db=5414 visible=true hidden_reason=
2026-07-28 01:14:08,160 [INFO] [PRICE_LIST_ASSIGNMENT_DEBUG] source_type=provisor account_id=4 price_list_id=128 price_name=»нкар (јлматы) Ч »нкар (јлматы) Ч Aksai4/83 items_count=2773 real_items_count_from_db=2773 visible=true hidden_reason=
2026-07-28 01:14:08,160 [INFO] [PRICE_LIST_ASSIGNMENT_DEBUG] source_type=provisor account_id=4 price_list_id=1075 price_name=јманат (јлматы) Ч јманат (јлматы) Ч Aksai4/83 items_count=5183 real_items_count_from_db=5183 visible=true hidden_reason=
2026-07-28 01:14:08,160 [INFO] [PRICE_LIST_ASSIGNMENT_DEBUG] source_type=provisor account_id=3 price_list_id=302 price_name=јманат (јктау) Ч јманат (јктау) Ч ∆асулан-‘арм items_count=4454 real_items_count_from_db=4454 visible=true hidden_reason=
2026-07-28 01:14:08,160 [INFO] [PRICE_LIST_ASSIGNMENT_DEBUG] source_type=provisor account_id=3 price_list_id=8067 price_name=¬ива ‘арм “ќќ(јктау) Ч ¬ива ‘арм “ќќ(јктау) Ч ∆асулан-‘арм items_count=37 real_items_count_from_db=37 visible=true hidden_reason=
2026-07-28 01:14:08,160 [INFO] [PRICE_LIST_ASSIGNMENT_DEBUG] source_type=provisor account_id=3 price_list_id=8781 price_name=“ќќ јЋ јзи€ (јктау) Ч “ќќ јЋ јзи€ (јктау) Ч ∆асулан-‘арм items_count=1 real_items_count_from_db=1 visible=true hidden_reason=
2026-07-28 01:14:08,160 [INFO] [PRICE_LIST_ASSIGNMENT_DEBUG] source_type=provisor account_id=3 price_list_id=8358 price_name=—тофарм средн€€ цена (јктау) Ч —тофарм средн€€ цена (јктау) Ч ∆асулан-‘арм items_count=2385 real_items_count_from_db=2385 visible=true hidden_reason=
2026-07-28 01:14:08,160 [INFO] [PRICE_LIST_ASSIGNMENT_DEBUG] source_type=vidman account_id=2 price_list_id=9665 price_name=јстана Ч “ќќ “ест ћедикал Ч dovulbaevaamangul@gmail.com items_count=224 real_items_count_from_db=224 visible=true hidden_reason=
2026-07-28 01:14:08,160 [INFO] [PRICE_LIST_ASSIGNMENT_DEBUG] source_type=vidman account_id=6 price_list_id=9665 price_name=јстана Ч “ќќ “ест ћедикал Ч aiman.imanbaeva1975@mail.ru items_count=224 real_items_count_from_db=224 visible=true hidden_reason=
2026-07-28 01:14:08,160 [INFO] [PRICE_LIST_ASSIGNMENT_DEBUG] source_type=vidman account_id=1 price_list_id=10925 price_name=јстана Ч »ѕ  азимирова ј.Ќ. (ћедћаг) Ч Zhadi-90@mail.ru items_count=152 real_items_count_from_db=152 visible=true hidden_reason=
2026-07-28 01:14:08,160 [INFO] [PRICE_LIST_ASSIGNMENT_DEBUG] source_type=vidman account_id=6 price_list_id=10925 price_name=јстана Ч »ѕ  азимирова ј.Ќ. (ћедћаг) Ч aiman.imanbaeva1975@mail.ru items_count=152 real_items_count_from_db=152 visible=true hidden_reason=
2026-07-28 01:14:08,160 [INFO] [PRICE_LIST_ASSIGNMENT_DEBUG] source_type=vidman account_id=2 price_list_id=8911 price_name=јлматы Ч “ќќ Rosana.kz Ч dovulbaevaamangul@gmail.com items_count=374 real_items_count_from_db=374 visible=true hidden_reason=
2026-07-28 01:14:08,160 [INFO] [PRICE_LIST_ASSIGNMENT_DEBUG] source_type=vidman account_id=1 price_list_id=8911 price_name=јлматы Ч “ќќ Rosana.kz Ч Zhadi-90@mail.ru items_count=374 real_items_count_from_db=374 visible=true hidden_reason=
2026-07-28 01:14:08,160 [INFO] [PRICE_LIST_ASSIGNMENT_DEBUG] source_type=vidman account_id=6 price_list_id=8911 price_name=јлматы Ч “ќќ Rosana.kz Ч aiman.imanbaeva1975@mail.ru items_count=374 real_items_count_from_db=374 visible=true hidden_reason=
2026-07-28 01:14:08,160 [INFO] [PRICE_LIST_ASSIGNMENT_DEBUG] source_type=vidman account_id=1 price_list_id=11194 price_name= останай Ч “ќќ елешек ‘армаци€ Ч Zhadi-90@mail.ru items_count=4 real_items_count_from_db=4 visible=true hidden_reason=
2026-07-28 01:14:08,160 [INFO] [PRICE_LIST_ASSIGNMENT_DEBUG] source_type=vidman account_id=6 price_list_id=11194 price_name= останай Ч “ќќ елешек ‘армаци€ Ч aiman.imanbaeva1975@mail.ru items_count=4 real_items_count_from_db=4 visible=true hidden_reason=
2026-07-28 01:14:08,160 [INFO] [PRICE_LIST_ASSIGNMENT_DEBUG] source_type=vidman account_id=2 price_list_id=11607 price_name=јстана Ч “ќќ Kazbiotech Ч dovulbaevaamangul@gmail.com items_count=12 real_items_count_from_db=12 visible=true hidden_reason=
2026-07-28 01:14:08,160 [INFO] [PRICE_LIST_ASSIGNMENT_DEBUG] source_type=vidman account_id=1 price_list_id=11607 price_name=јстана Ч “ќќ Kazbiotech Ч Zhadi-90@mail.ru items_count=12 real_items_count_from_db=12 visible=true hidden_reason=
2026-07-28 01:14:08,160 [INFO] [PRICE_LIST_ASSIGNMENT_DEBUG] source_type=vidman account_id=6 price_list_id=11607 price_name=јстана Ч “ќќ Kazbiotech Ч aiman.imanbaeva1975@mail.ru items_count=12 real_items_count_from_db=12 visible=true hidden_reason=
2026-07-28 01:14:08,160 [INFO] [PRICE_LIST_ASSIGNMENT_DEBUG] source_type=vidman account_id=6 price_list_id=8394 price_name=Ўымкент Ч “ќќ ‘ј–ћј“ Ч aiman.imanbaeva1975@mail.ru items_count=2768 real_items_count_from_db=2768 visible=true hidden_reason=
2026-07-28 01:14:08,161 [INFO] [PRICE_LIST_ASSIGNMENT_DEBUG] source_type=vidman account_id=6 price_list_id=10298 price_name=Ўымкент Ч Belasar Pharmacy Ч aiman.imanbaeva1975@mail.ru items_count=3189 real_items_count_from_db=3189 visible=true hidden_reason=
2026-07-28 01:14:08,161 [INFO] [PRICE_LIST_ASSIGNMENT_DEBUG] source_type=vidman account_id=1 price_list_id=1212 price_name=јктобе Ч «ерде јктобе Ч Zhadi-90@mail.ru items_count=2098 real_items_count_from_db=2098 visible=true hidden_reason=
2026-07-28 01:14:08,161 [INFO] [PRICE_LIST_ASSIGNMENT_DEBUG] source_type=vidman account_id=1 price_list_id=391 price_name=јлматы Ч «ерде јлматы Ч Zhadi-90@mail.ru items_count=2183 real_items_count_from_db=2183 visible=true hidden_reason=
2026-07-28 01:14:08,161 [INFO] [PRICE_LIST_ASSIGNMENT_DEBUG] source_type=vidman account_id=1 price_list_id=175 price_name=јктау Ч ћедсервис ѕлюс јктау Ч Zhadi-90@mail.ru items_count=4763 real_items_count_from_db=4763 visible=true hidden_reason=
2026-07-28 01:14:08,161 [INFO] [PRICE_LIST_ASSIGNMENT_DEBUG] source_type=vidman account_id=6 price_list_id=388 price_name=јлматы Ч “ур—ад Ч aiman.imanbaeva1975@mail.ru items_count=1328 real_items_count_from_db=1328 visible=true hidden_reason=
2026-07-28 01:14:08,161 [INFO] [PRICE_LIST_ASSIGNMENT_DEBUG] source_type=vidman account_id=1 price_list_id=9352 price_name=јктау Ч »нкар јктау Ч Zhadi-90@mail.ru items_count=2347 real_items_count_from_db=2347 visible=true hidden_reason=
2026-07-28 01:14:08,161 [INFO] [PRICE_LIST_ASSIGNMENT_DEBUG] source_type=vidman account_id=6 price_list_id=9352 price_name=јктау Ч »нкар јктау Ч aiman.imanbaeva1975@mail.ru items_count=2347 real_items_count_from_db=2347 visible=true hidden_reason=
2026-07-28 01:14:08,161 [INFO] [PRICE_LIST_ASSIGNMENT_DEBUG] source_type=vidman account_id=1 price_list_id=390 price_name=јлматы Ч —адыхан премиум Ч Zhadi-90@mail.ru items_count=3704 real_items_count_from_db=3704 visible=true hidden_reason=
2026-07-28 01:14:08,161 [INFO] [PRICE_LIST_ASSIGNMENT_DEBUG] source_type=vidman account_id=6 price_list_id=5648 price_name=јктобе Ч Dosfarm јктобе Ч aiman.imanbaeva1975@mail.ru items_count=130 real_items_count_from_db=130 visible=true hidden_reason=
2026-07-28 01:14:08,161 [INFO] [PRICE_LIST_ASSIGNMENT_DEBUG] source_type=vidman account_id=1 price_list_id=4237 price_name=јктобе Ч –ј”«ј-јƒ≈ ‘»ЋЋ»јЋ ¬ √ ј “ќЅ≈ Ч Zhadi-90@mail.ru items_count=2100 real_items_count_from_db=2100 visible=true hidden_reason=
2026-07-28 01:14:08,161 [INFO] [PRICE_LIST_ASSIGNMENT_DEBUG] source_type=vidman account_id=6 price_list_id=4237 price_name=јктобе Ч –ј”«ј-јƒ≈ ‘»ЋЋ»јЋ ¬ √ ј “ќЅ≈ Ч aiman.imanbaeva1975@mail.ru items_count=2100 real_items_count_from_db=2100 visible=true hidden_reason=
2026-07-28 01:14:08,161 [INFO] [PRICE_LIST_ASSIGNMENT_DEBUG] source_type=vidman account_id=1 price_list_id=11591 price_name=јктау Ч Ёмити »нтернешнл јктау Ч Zhadi-90@mail.ru items_count=4298 real_items_count_from_db=4298 visible=true hidden_reason=
2026-07-28 01:14:08,161 [INFO] [PRICE_LIST_ASSIGNMENT_DEBUG] source_type=vidman account_id=2 price_list_id=1212 price_name=јктобе Ч «ерде јктобе Ч dovulbaevaamangul@gmail.com items_count=2098 real_items_count_from_db=2098 visible=true hidden_reason=
2026-07-28 01:14:08,161 [INFO] [PRICE_LIST_ASSIGNMENT_DEBUG] source_type=vidman account_id=2 price_list_id=5927 price_name=јктау Ч —тофарм јктау Ч dovulbaevaamangul@gmail.com items_count=2293 real_items_count_from_db=2293 visible=true hidden_reason=
2026-07-28 01:14:08,161 [INFO] [PRICE_LIST_ASSIGNMENT_DEBUG] source_type=vidman account_id=6 price_list_id=10364 price_name=јктау Ч »нкар јктау Ч aiman.imanbaeva1975@mail.ru items_count=2359 real_items_count_from_db=2359 visible=true hidden_reason=
2026-07-28 01:14:08,161 [INFO] [PRICE_LIST_ASSIGNMENT_DEBUG] source_type=vidman account_id=2 price_list_id=10364 price_name=јктау Ч »нкар јктау Ч dovulbaevaamangul@gmail.com items_count=2359 real_items_count_from_db=2359 visible=true hidden_reason=
2026-07-28 01:14:08,161 [INFO] [PRICE_LIST_ASSIGNMENT_DEBUG] source_type=vidman account_id=6 price_list_id=10427 price_name=јктау Ч »нкар јктау Ч aiman.imanbaeva1975@mail.ru items_count=2359 real_items_count_from_db=2359 visible=true hidden_reason=
2026-07-28 01:14:08,161 [INFO] [PRICE_LIST_ASSIGNMENT_DEBUG] source_type=vidman account_id=2 price_list_id=4237 price_name=јктобе Ч –ј”«ј-јƒ≈ ‘»ЋЋ»јЋ ¬ √ ј “ќЅ≈ Ч dovulbaevaamangul@gmail.com items_count=2100 real_items_count_from_db=2100 visible=true hidden_reason=
2026-07-28 01:14:08,161 [INFO] [PRICE_LIST_ASSIGNMENT_DEBUG] source_type=vidman account_id=1 price_list_id=247 price_name=јктобе Ч јманат јктобе Ч Zhadi-90@mail.ru items_count=4618 real_items_count_from_db=4618 visible=true hidden_reason=
2026-07-28 01:14:08,161 [INFO] [PRICE_LIST_ASSIGNMENT_DEBUG] source_type=vidman account_id=6 price_list_id=11591 price_name=јктау Ч Ёмити »нтернешнл јктау Ч aiman.imanbaeva1975@mail.ru items_count=4298 real_items_count_from_db=4298 visible=true hidden_reason=
INFO:     127.0.0.1:60173 - "GET /api/competitors/price-lists?format_code=TEST_01 HTTP/1.1" 200 OK
INFO:     127.0.0.1:60206 - "GET /api/price-lists?format_code=%D0%98%D0%9F%D0%9B_01_002 HTTP/1.1" 200 OK
INFO:     127.0.0.1:60205 - "GET /api/price-formats/%D0%98%D0%9F%D0%9B_01_002/settings HTTP/1.1" 200 OK
INFO:     127.0.0.1:60203 - "GET /api/price-formats/TEST_01/settings HTTP/1.1" 200 OK
INFO:     127.0.0.1:60204 - "GET /api/price-lists?format_code=TEST_01 HTTP/1.1" 200 OK
INFO:     127.0.0.1:52025 - "GET /api/current-user HTTP/1.1" 200 OK
INFO:     127.0.0.1:52027 - "GET /api/current-user HTTP/1.1" 200 OK
INFO:     127.0.0.1:52028 - "GET /api/price-formats HTTP/1.1" 200 OK
INFO:     127.0.0.1:52026 - "GET /api/price-formats HTTP/1.1" 200 OK
INFO:     127.0.0.1:52030 - "GET /api/price-formats/TEST_01/settings HTTP/1.1" 200 OK
INFO:     127.0.0.1:52037 - "GET /api/pricing-rules HTTP/1.1" 200 OK
INFO:     127.0.0.1:52033 - "GET /api/price-lists?format_code=TEST_01 HTTP/1.1" 200 OK
INFO:     127.0.0.1:52038 - "GET /api/price-formats/TEST_01/settings HTTP/1.1" 200 OK
INFO:     127.0.0.1:52036 - "GET /api/references/status HTTP/1.1" 200 OK
INFO:     127.0.0.1:52046 - "GET /api/pricing-rules HTTP/1.1" 200 OK
INFO:     127.0.0.1:52044 - "GET /api/references/status HTTP/1.1" 200 OK
INFO:     127.0.0.1:52040 - "GET /api/price-lists?format_code=TEST_01 HTTP/1.1" 200 OK
2026-07-28 01:14:41,200 [INFO] [PRICE_LIST_ASSIGNMENT_DEBUG] source_type=vidman account_id=1 price_list_id=1478 price_name=јлматы Ч ¬»¬ј ‘арм Ч Zhadi-90@mail.ru items_count=85 real_items_count_from_db=85 visible=true hidden_reason=
2026-07-28 01:14:41,200 [INFO] [PRICE_LIST_ASSIGNMENT_DEBUG] source_type=provisor account_id=4 price_list_id=8322 price_name=јтамирас “ќќ (ATAMIRAS.S “ќќ јлматы) Ч јтамирас “ќќ (ATAMIRAS.S “ќќ јлматы) Ч Aksai4/83 items_count=3767 real_items_count_from_db=3767 visible=true hidden_reason=
2026-07-28 01:14:41,200 [INFO] [PRICE_LIST_ASSIGNMENT_DEBUG] source_type=provisor account_id=3 price_list_id=1417 price_name=«ерде “ќќ Ќѕќ (јктау) Ч «ерде “ќќ Ќѕќ (јктау) Ч ∆асулан-‘арм items_count=2408 real_items_count_from_db=2408 visible=true hidden_reason=
2026-07-28 01:14:41,200 [INFO] [PRICE_LIST_ASSIGNMENT_DEBUG] source_type=provisor account_id=4 price_list_id=1392 price_name=ћедсервис (јтырау) Ч ћедсервис (јтырау) Ч Aksai4/83 items_count=5935 real_items_count_from_db=5935 visible=true hidden_reason=
2026-07-28 01:14:41,200 [INFO] [PRICE_LIST_ASSIGNMENT_DEBUG] source_type=provisor account_id=4 price_list_id=1397 price_name=«ерде “ќќ Ќѕќ (јлматы) Ч «ерде “ќќ Ќѕќ (јлматы) Ч Aksai4/83 items_count=2235 real_items_count_from_db=2235 visible=true hidden_reason=
2026-07-28 01:14:41,201 [INFO] [PRICE_LIST_ASSIGNMENT_DEBUG] source_type=provisor account_id=3 price_list_id=1418 price_name=јк-Ќиет (јктау) Ч јк-Ќиет (јктау) Ч ∆асулан-‘арм items_count=2 real_items_count_from_db=2 visible=true hidden_reason=
2026-07-28 01:14:41,201 [INFO] [PRICE_LIST_ASSIGNMENT_DEBUG] source_type=provisor account_id=4 price_list_id=1145 price_name=јтамирас “ќќ (ATAMIRAS.S “ќќ Ўымкент) Ч јтамирас “ќќ (ATAMIRAS.S “ќќ Ўымкент) Ч Aksai4/83 items_count=4208 real_items_count_from_db=4208 visible=true hidden_reason=
2026-07-28 01:14:41,201 [INFO] [PRICE_LIST_ASSIGNMENT_DEBUG] source_type=provisor account_id=4 price_list_id=158 price_name=ћедсервис ( ызылорда) Ч ћедсервис ( ызылорда) Ч Aksai4/83 items_count=5977 real_items_count_from_db=5977 visible=true hidden_reason=
2026-07-28 01:14:41,201 [INFO] [PRICE_LIST_ASSIGNMENT_DEBUG] source_type=provisor account_id=3 price_list_id=159 price_name=ћедсервис (јктау) Ч ћедсервис (јктау) Ч ∆асулан-‘арм items_count=4948 real_items_count_from_db=4948 visible=true hidden_reason=
2026-07-28 01:14:41,201 [INFO] [PRICE_LIST_ASSIGNMENT_DEBUG] source_type=provisor account_id=4 price_list_id=155 price_name=ћедсервис (ѕавлодар) Ч ћедсервис (ѕавлодар) Ч Aksai4/83 items_count=5414 real_items_count_from_db=5414 visible=true hidden_reason=
2026-07-28 01:14:41,201 [INFO] [PRICE_LIST_ASSIGNMENT_DEBUG] source_type=provisor account_id=4 price_list_id=128 price_name=»нкар (јлматы) Ч »нкар (јлматы) Ч Aksai4/83 items_count=2773 real_items_count_from_db=2773 visible=true hidden_reason=
2026-07-28 01:14:41,201 [INFO] [PRICE_LIST_ASSIGNMENT_DEBUG] source_type=provisor account_id=4 price_list_id=1075 price_name=јманат (јлматы) Ч јманат (јлматы) Ч Aksai4/83 items_count=5183 real_items_count_from_db=5183 visible=true hidden_reason=
2026-07-28 01:14:41,201 [INFO] [PRICE_LIST_ASSIGNMENT_DEBUG] source_type=provisor account_id=3 price_list_id=302 price_name=јманат (јктау) Ч јманат (јктау) Ч ∆асулан-‘арм items_count=4454 real_items_count_from_db=4454 visible=true hidden_reason=
2026-07-28 01:14:41,201 [INFO] [PRICE_LIST_ASSIGNMENT_DEBUG] source_type=provisor account_id=3 price_list_id=8067 price_name=¬ива ‘арм “ќќ(јктау) Ч ¬ива ‘арм “ќќ(јктау) Ч ∆асулан-‘арм items_count=37 real_items_count_from_db=37 visible=true hidden_reason=
2026-07-28 01:14:41,201 [INFO] [PRICE_LIST_ASSIGNMENT_DEBUG] source_type=provisor account_id=3 price_list_id=8781 price_name=“ќќ јЋ јзи€ (јктау) Ч “ќќ јЋ јзи€ (јктау) Ч ∆асулан-‘арм items_count=1 real_items_count_from_db=1 visible=true hidden_reason=
2026-07-28 01:14:41,201 [INFO] [PRICE_LIST_ASSIGNMENT_DEBUG] source_type=provisor account_id=3 price_list_id=8358 price_name=—тофарм средн€€ цена (јктау) Ч —тофарм средн€€ цена (јктау) Ч ∆асулан-‘арм items_count=2385 real_items_count_from_db=2385 visible=true hidden_reason=
2026-07-28 01:14:41,201 [INFO] [PRICE_LIST_ASSIGNMENT_DEBUG] source_type=vidman account_id=2 price_list_id=9665 price_name=јстана Ч “ќќ “ест ћедикал Ч dovulbaevaamangul@gmail.com items_count=224 real_items_count_from_db=224 visible=true hidden_reason=
2026-07-28 01:14:41,201 [INFO] [PRICE_LIST_ASSIGNMENT_DEBUG] source_type=vidman account_id=6 price_list_id=9665 price_name=јстана Ч “ќќ “ест ћедикал Ч aiman.imanbaeva1975@mail.ru items_count=224 real_items_count_from_db=224 visible=true hidden_reason=
2026-07-28 01:14:41,201 [INFO] [PRICE_LIST_ASSIGNMENT_DEBUG] source_type=vidman account_id=1 price_list_id=10925 price_name=јстана Ч »ѕ  азимирова ј.Ќ. (ћедћаг) Ч Zhadi-90@mail.ru items_count=152 real_items_count_from_db=152 visible=true hidden_reason=
2026-07-28 01:14:41,201 [INFO] [PRICE_LIST_ASSIGNMENT_DEBUG] source_type=vidman account_id=6 price_list_id=10925 price_name=јстана Ч »ѕ  азимирова ј.Ќ. (ћедћаг) Ч aiman.imanbaeva1975@mail.ru items_count=152 real_items_count_from_db=152 visible=true hidden_reason=
2026-07-28 01:14:41,201 [INFO] [PRICE_LIST_ASSIGNMENT_DEBUG] source_type=vidman account_id=2 price_list_id=8911 price_name=јлматы Ч “ќќ Rosana.kz Ч dovulbaevaamangul@gmail.com items_count=374 real_items_count_from_db=374 visible=true hidden_reason=
2026-07-28 01:14:41,201 [INFO] [PRICE_LIST_ASSIGNMENT_DEBUG] source_type=vidman account_id=1 price_list_id=8911 price_name=јлматы Ч “ќќ Rosana.kz Ч Zhadi-90@mail.ru items_count=374 real_items_count_from_db=374 visible=true hidden_reason=
2026-07-28 01:14:41,201 [INFO] [PRICE_LIST_ASSIGNMENT_DEBUG] source_type=vidman account_id=6 price_list_id=8911 price_name=јлматы Ч “ќќ Rosana.kz Ч aiman.imanbaeva1975@mail.ru items_count=374 real_items_count_from_db=374 visible=true hidden_reason=
2026-07-28 01:14:41,201 [INFO] [PRICE_LIST_ASSIGNMENT_DEBUG] source_type=vidman account_id=1 price_list_id=11194 price_name= останай Ч “ќќ елешек ‘армаци€ Ч Zhadi-90@mail.ru items_count=4 real_items_count_from_db=4 visible=true hidden_reason=
2026-07-28 01:14:41,201 [INFO] [PRICE_LIST_ASSIGNMENT_DEBUG] source_type=vidman account_id=6 price_list_id=11194 price_name= останай Ч “ќќ елешек ‘армаци€ Ч aiman.imanbaeva1975@mail.ru items_count=4 real_items_count_from_db=4 visible=true hidden_reason=
2026-07-28 01:14:41,201 [INFO] [PRICE_LIST_ASSIGNMENT_DEBUG] source_type=vidman account_id=2 price_list_id=11607 price_name=јстана Ч “ќќ Kazbiotech Ч dovulbaevaamangul@gmail.com items_count=12 real_items_count_from_db=12 visible=true hidden_reason=
2026-07-28 01:14:41,201 [INFO] [PRICE_LIST_ASSIGNMENT_DEBUG] source_type=vidman account_id=1 price_list_id=11607 price_name=јстана Ч “ќќ Kazbiotech Ч Zhadi-90@mail.ru items_count=12 real_items_count_from_db=12 visible=true hidden_reason=
2026-07-28 01:14:41,201 [INFO] [PRICE_LIST_ASSIGNMENT_DEBUG] source_type=vidman account_id=6 price_list_id=11607 price_name=јстана Ч “ќќ Kazbiotech Ч aiman.imanbaeva1975@mail.ru items_count=12 real_items_count_from_db=12 visible=true hidden_reason=
2026-07-28 01:14:41,201 [INFO] [PRICE_LIST_ASSIGNMENT_DEBUG] source_type=vidman account_id=6 price_list_id=8394 price_name=Ўымкент Ч “ќќ ‘ј–ћј“ Ч aiman.imanbaeva1975@mail.ru items_count=2768 real_items_count_from_db=2768 visible=true hidden_reason=
2026-07-28 01:14:41,201 [INFO] [PRICE_LIST_ASSIGNMENT_DEBUG] source_type=vidman account_id=6 price_list_id=10298 price_name=Ўымкент Ч Belasar Pharmacy Ч aiman.imanbaeva1975@mail.ru items_count=3189 real_items_count_from_db=3189 visible=true hidden_reason=
2026-07-28 01:14:41,201 [INFO] [PRICE_LIST_ASSIGNMENT_DEBUG] source_type=vidman account_id=1 price_list_id=1212 price_name=јктобе Ч «ерде јктобе Ч Zhadi-90@mail.ru items_count=2098 real_items_count_from_db=2098 visible=true hidden_reason=
2026-07-28 01:14:41,201 [INFO] [PRICE_LIST_ASSIGNMENT_DEBUG] source_type=vidman account_id=1 price_list_id=391 price_name=јлматы Ч «ерде јлматы Ч Zhadi-90@mail.ru items_count=2183 real_items_count_from_db=2183 visible=true hidden_reason=
2026-07-28 01:14:41,201 [INFO] [PRICE_LIST_ASSIGNMENT_DEBUG] source_type=vidman account_id=1 price_list_id=175 price_name=јктау Ч ћедсервис ѕлюс јктау Ч Zhadi-90@mail.ru items_count=4763 real_items_count_from_db=4763 visible=true hidden_reason=
2026-07-28 01:14:41,201 [INFO] [PRICE_LIST_ASSIGNMENT_DEBUG] source_type=vidman account_id=6 price_list_id=388 price_name=јлматы Ч “ур—ад Ч aiman.imanbaeva1975@mail.ru items_count=1328 real_items_count_from_db=1328 visible=true hidden_reason=
2026-07-28 01:14:41,201 [INFO] [PRICE_LIST_ASSIGNMENT_DEBUG] source_type=vidman account_id=1 price_list_id=9352 price_name=јктау Ч »нкар јктау Ч Zhadi-90@mail.ru items_count=2347 real_items_count_from_db=2347 visible=true hidden_reason=
2026-07-28 01:14:41,201 [INFO] [PRICE_LIST_ASSIGNMENT_DEBUG] source_type=vidman account_id=6 price_list_id=9352 price_name=јктау Ч »нкар јктау Ч aiman.imanbaeva1975@mail.ru items_count=2347 real_items_count_from_db=2347 visible=true hidden_reason=
2026-07-28 01:14:41,201 [INFO] [PRICE_LIST_ASSIGNMENT_DEBUG] source_type=vidman account_id=1 price_list_id=390 price_name=јлматы Ч —адыхан премиум Ч Zhadi-90@mail.ru items_count=3704 real_items_count_from_db=3704 visible=true hidden_reason=
2026-07-28 01:14:41,201 [INFO] [PRICE_LIST_ASSIGNMENT_DEBUG] source_type=vidman account_id=6 price_list_id=5648 price_name=јктобе Ч Dosfarm јктобе Ч aiman.imanbaeva1975@mail.ru items_count=130 real_items_count_from_db=130 visible=true hidden_reason=
2026-07-28 01:14:41,201 [INFO] [PRICE_LIST_ASSIGNMENT_DEBUG] source_type=vidman account_id=1 price_list_id=4237 price_name=јктобе Ч –ј”«ј-јƒ≈ ‘»ЋЋ»јЋ ¬ √ ј “ќЅ≈ Ч Zhadi-90@mail.ru items_count=2100 real_items_count_from_db=2100 visible=true hidden_reason=
2026-07-28 01:14:41,202 [INFO] [PRICE_LIST_ASSIGNMENT_DEBUG] source_type=vidman account_id=6 price_list_id=4237 price_name=јктобе Ч –ј”«ј-јƒ≈ ‘»ЋЋ»јЋ ¬ √ ј “ќЅ≈ Ч aiman.imanbaeva1975@mail.ru items_count=2100 real_items_count_from_db=2100 visible=true hidden_reason=
2026-07-28 01:14:41,202 [INFO] [PRICE_LIST_ASSIGNMENT_DEBUG] source_type=vidman account_id=1 price_list_id=11591 price_name=јктау Ч Ёмити »нтернешнл јктау Ч Zhadi-90@mail.ru items_count=4298 real_items_count_from_db=4298 visible=true hidden_reason=
2026-07-28 01:14:41,202 [INFO] [PRICE_LIST_ASSIGNMENT_DEBUG] source_type=vidman account_id=2 price_list_id=1212 price_name=јктобе Ч «ерде јктобе Ч dovulbaevaamangul@gmail.com items_count=2098 real_items_count_from_db=2098 visible=true hidden_reason=
2026-07-28 01:14:41,202 [INFO] [PRICE_LIST_ASSIGNMENT_DEBUG] source_type=vidman account_id=2 price_list_id=5927 price_name=јктау Ч —тофарм јктау Ч dovulbaevaamangul@gmail.com items_count=2293 real_items_count_from_db=2293 visible=true hidden_reason=
2026-07-28 01:14:41,202 [INFO] [PRICE_LIST_ASSIGNMENT_DEBUG] source_type=vidman account_id=6 price_list_id=10364 price_name=јктау Ч »нкар јктау Ч aiman.imanbaeva1975@mail.ru items_count=2359 real_items_count_from_db=2359 visible=true hidden_reason=
2026-07-28 01:14:41,202 [INFO] [PRICE_LIST_ASSIGNMENT_DEBUG] source_type=vidman account_id=2 price_list_id=10364 price_name=јктау Ч »нкар јктау Ч dovulbaevaamangul@gmail.com items_count=2359 real_items_count_from_db=2359 visible=true hidden_reason=
2026-07-28 01:14:41,202 [INFO] [PRICE_LIST_ASSIGNMENT_DEBUG] source_type=vidman account_id=6 price_list_id=10427 price_name=јктау Ч »нкар јктау Ч aiman.imanbaeva1975@mail.ru items_count=2359 real_items_count_from_db=2359 visible=true hidden_reason=
2026-07-28 01:14:41,202 [INFO] [PRICE_LIST_ASSIGNMENT_DEBUG] source_type=vidman account_id=2 price_list_id=4237 price_name=јктобе Ч –ј”«ј-јƒ≈ ‘»ЋЋ»јЋ ¬ √ ј “ќЅ≈ Ч dovulbaevaamangul@gmail.com items_count=2100 real_items_count_from_db=2100 visible=true hidden_reason=
2026-07-28 01:14:41,202 [INFO] [PRICE_LIST_ASSIGNMENT_DEBUG] source_type=vidman account_id=1 price_list_id=247 price_name=јктобе Ч јманат јктобе Ч Zhadi-90@mail.ru items_count=4618 real_items_count_from_db=4618 visible=true hidden_reason=
2026-07-28 01:14:41,202 [INFO] [PRICE_LIST_ASSIGNMENT_DEBUG] source_type=vidman account_id=6 price_list_id=11591 price_name=јктау Ч Ёмити »нтернешнл јктау Ч aiman.imanbaeva1975@mail.ru items_count=4298 real_items_count_from_db=4298 visible=true hidden_reason=
INFO:     127.0.0.1:52042 - "GET /api/competitors/price-lists?format_code=TEST_01 HTTP/1.1" 200 OK
2026-07-28 01:14:41,219 [INFO] [PRICE_LIST_ASSIGNMENT_DEBUG] source_type=vidman account_id=1 price_list_id=1478 price_name=јлматы Ч ¬»¬ј ‘арм Ч Zhadi-90@mail.ru items_count=85 real_items_count_from_db=85 visible=true hidden_reason=
2026-07-28 01:14:41,219 [INFO] [PRICE_LIST_ASSIGNMENT_DEBUG] source_type=provisor account_id=4 price_list_id=8322 price_name=јтамирас “ќќ (ATAMIRAS.S “ќќ јлматы) Ч јтамирас “ќќ (ATAMIRAS.S “ќќ јлматы) Ч Aksai4/83 items_count=3767 real_items_count_from_db=3767 visible=true hidden_reason=
2026-07-28 01:14:41,219 [INFO] [PRICE_LIST_ASSIGNMENT_DEBUG] source_type=provisor account_id=3 price_list_id=1417 price_name=«ерде “ќќ Ќѕќ (јктау) Ч «ерде “ќќ Ќѕќ (јктау) Ч ∆асулан-‘арм items_count=2408 real_items_count_from_db=2408 visible=true hidden_reason=
2026-07-28 01:14:41,219 [INFO] [PRICE_LIST_ASSIGNMENT_DEBUG] source_type=provisor account_id=4 price_list_id=1392 price_name=ћедсервис (јтырау) Ч ћедсервис (јтырау) Ч Aksai4/83 items_count=5935 real_items_count_from_db=5935 visible=true hidden_reason=
2026-07-28 01:14:41,219 [INFO] [PRICE_LIST_ASSIGNMENT_DEBUG] source_type=provisor account_id=4 price_list_id=1397 price_name=«ерде “ќќ Ќѕќ (јлматы) Ч «ерде “ќќ Ќѕќ (јлматы) Ч Aksai4/83 items_count=2235 real_items_count_from_db=2235 visible=true hidden_reason=
2026-07-28 01:14:41,219 [INFO] [PRICE_LIST_ASSIGNMENT_DEBUG] source_type=provisor account_id=3 price_list_id=1418 price_name=јк-Ќиет (јктау) Ч јк-Ќиет (јктау) Ч ∆асулан-‘арм items_count=2 real_items_count_from_db=2 visible=true hidden_reason=
2026-07-28 01:14:41,219 [INFO] [PRICE_LIST_ASSIGNMENT_DEBUG] source_type=provisor account_id=4 price_list_id=1145 price_name=јтамирас “ќќ (ATAMIRAS.S “ќќ Ўымкент) Ч јтамирас “ќќ (ATAMIRAS.S “ќќ Ўымкент) Ч Aksai4/83 items_count=4208 real_items_count_from_db=4208 visible=true hidden_reason=
2026-07-28 01:14:41,219 [INFO] [PRICE_LIST_ASSIGNMENT_DEBUG] source_type=provisor account_id=4 price_list_id=158 price_name=ћедсервис ( ызылорда) Ч ћедсервис ( ызылорда) Ч Aksai4/83 items_count=5977 real_items_count_from_db=5977 visible=true hidden_reason=
2026-07-28 01:14:41,220 [INFO] [PRICE_LIST_ASSIGNMENT_DEBUG] source_type=provisor account_id=3 price_list_id=159 price_name=ћедсервис (јктау) Ч ћедсервис (јктау) Ч ∆асулан-‘арм items_count=4948 real_items_count_from_db=4948 visible=true hidden_reason=
2026-07-28 01:14:41,220 [INFO] [PRICE_LIST_ASSIGNMENT_DEBUG] source_type=provisor account_id=4 price_list_id=155 price_name=ћедсервис (ѕавлодар) Ч ћедсервис (ѕавлодар) Ч Aksai4/83 items_count=5414 real_items_count_from_db=5414 visible=true hidden_reason=
2026-07-28 01:14:41,220 [INFO] [PRICE_LIST_ASSIGNMENT_DEBUG] source_type=provisor account_id=4 price_list_id=128 price_name=»нкар (јлматы) Ч »нкар (јлматы) Ч Aksai4/83 items_count=2773 real_items_count_from_db=2773 visible=true hidden_reason=
2026-07-28 01:14:41,220 [INFO] [PRICE_LIST_ASSIGNMENT_DEBUG] source_type=provisor account_id=4 price_list_id=1075 price_name=јманат (јлматы) Ч јманат (јлматы) Ч Aksai4/83 items_count=5183 real_items_count_from_db=5183 visible=true hidden_reason=
2026-07-28 01:14:41,220 [INFO] [PRICE_LIST_ASSIGNMENT_DEBUG] source_type=provisor account_id=3 price_list_id=302 price_name=јманат (јктау) Ч јманат (јктау) Ч ∆асулан-‘арм items_count=4454 real_items_count_from_db=4454 visible=true hidden_reason=
2026-07-28 01:14:41,220 [INFO] [PRICE_LIST_ASSIGNMENT_DEBUG] source_type=provisor account_id=3 price_list_id=8067 price_name=¬ива ‘арм “ќќ(јктау) Ч ¬ива ‘арм “ќќ(јктау) Ч ∆асулан-‘арм items_count=37 real_items_count_from_db=37 visible=true hidden_reason=
2026-07-28 01:14:41,220 [INFO] [PRICE_LIST_ASSIGNMENT_DEBUG] source_type=provisor account_id=3 price_list_id=8781 price_name=“ќќ јЋ јзи€ (јктау) Ч “ќќ јЋ јзи€ (јктау) Ч ∆асулан-‘арм items_count=1 real_items_count_from_db=1 visible=true hidden_reason=
2026-07-28 01:14:41,220 [INFO] [PRICE_LIST_ASSIGNMENT_DEBUG] source_type=provisor account_id=3 price_list_id=8358 price_name=—тофарм средн€€ цена (јктау) Ч —тофарм средн€€ цена (јктау) Ч ∆асулан-‘арм items_count=2385 real_items_count_from_db=2385 visible=true hidden_reason=
2026-07-28 01:14:41,220 [INFO] [PRICE_LIST_ASSIGNMENT_DEBUG] source_type=vidman account_id=2 price_list_id=9665 price_name=јстана Ч “ќќ “ест ћедикал Ч dovulbaevaamangul@gmail.com items_count=224 real_items_count_from_db=224 visible=true hidden_reason=
2026-07-28 01:14:41,220 [INFO] [PRICE_LIST_ASSIGNMENT_DEBUG] source_type=vidman account_id=6 price_list_id=9665 price_name=јстана Ч “ќќ “ест ћедикал Ч aiman.imanbaeva1975@mail.ru items_count=224 real_items_count_from_db=224 visible=true hidden_reason=
2026-07-28 01:14:41,220 [INFO] [PRICE_LIST_ASSIGNMENT_DEBUG] source_type=vidman account_id=1 price_list_id=10925 price_name=јстана Ч »ѕ  азимирова ј.Ќ. (ћедћаг) Ч Zhadi-90@mail.ru items_count=152 real_items_count_from_db=152 visible=true hidden_reason=
2026-07-28 01:14:41,221 [INFO] [PRICE_LIST_ASSIGNMENT_DEBUG] source_type=vidman account_id=6 price_list_id=10925 price_name=јстана Ч »ѕ  азимирова ј.Ќ. (ћедћаг) Ч aiman.imanbaeva1975@mail.ru items_count=152 real_items_count_from_db=152 visible=true hidden_reason=
2026-07-28 01:14:41,221 [INFO] [PRICE_LIST_ASSIGNMENT_DEBUG] source_type=vidman account_id=2 price_list_id=8911 price_name=јлматы Ч “ќќ Rosana.kz Ч dovulbaevaamangul@gmail.com items_count=374 real_items_count_from_db=374 visible=true hidden_reason=
2026-07-28 01:14:41,221 [INFO] [PRICE_LIST_ASSIGNMENT_DEBUG] source_type=vidman account_id=1 price_list_id=8911 price_name=јлматы Ч “ќќ Rosana.kz Ч Zhadi-90@mail.ru items_count=374 real_items_count_from_db=374 visible=true hidden_reason=
2026-07-28 01:14:41,221 [INFO] [PRICE_LIST_ASSIGNMENT_DEBUG] source_type=vidman account_id=6 price_list_id=8911 price_name=јлматы Ч “ќќ Rosana.kz Ч aiman.imanbaeva1975@mail.ru items_count=374 real_items_count_from_db=374 visible=true hidden_reason=
2026-07-28 01:14:41,221 [INFO] [PRICE_LIST_ASSIGNMENT_DEBUG] source_type=vidman account_id=1 price_list_id=11194 price_name= останай Ч “ќќ елешек ‘армаци€ Ч Zhadi-90@mail.ru items_count=4 real_items_count_from_db=4 visible=true hidden_reason=
2026-07-28 01:14:41,221 [INFO] [PRICE_LIST_ASSIGNMENT_DEBUG] source_type=vidman account_id=6 price_list_id=11194 price_name= останай Ч “ќќ елешек ‘армаци€ Ч aiman.imanbaeva1975@mail.ru items_count=4 real_items_count_from_db=4 visible=true hidden_reason=
2026-07-28 01:14:41,221 [INFO] [PRICE_LIST_ASSIGNMENT_DEBUG] source_type=vidman account_id=2 price_list_id=11607 price_name=јстана Ч “ќќ Kazbiotech Ч dovulbaevaamangul@gmail.com items_count=12 real_items_count_from_db=12 visible=true hidden_reason=
2026-07-28 01:14:41,221 [INFO] [PRICE_LIST_ASSIGNMENT_DEBUG] source_type=vidman account_id=1 price_list_id=11607 price_name=јстана Ч “ќќ Kazbiotech Ч Zhadi-90@mail.ru items_count=12 real_items_count_from_db=12 visible=true hidden_reason=
2026-07-28 01:14:41,222 [INFO] [PRICE_LIST_ASSIGNMENT_DEBUG] source_type=vidman account_id=6 price_list_id=11607 price_name=јстана Ч “ќќ Kazbiotech Ч aiman.imanbaeva1975@mail.ru items_count=12 real_items_count_from_db=12 visible=true hidden_reason=
2026-07-28 01:14:41,222 [INFO] [PRICE_LIST_ASSIGNMENT_DEBUG] source_type=vidman account_id=6 price_list_id=8394 price_name=Ўымкент Ч “ќќ ‘ј–ћј“ Ч aiman.imanbaeva1975@mail.ru items_count=2768 real_items_count_from_db=2768 visible=true hidden_reason=
2026-07-28 01:14:41,222 [INFO] [PRICE_LIST_ASSIGNMENT_DEBUG] source_type=vidman account_id=6 price_list_id=10298 price_name=Ўымкент Ч Belasar Pharmacy Ч aiman.imanbaeva1975@mail.ru items_count=3189 real_items_count_from_db=3189 visible=true hidden_reason=
2026-07-28 01:14:41,222 [INFO] [PRICE_LIST_ASSIGNMENT_DEBUG] source_type=vidman account_id=1 price_list_id=1212 price_name=јктобе Ч «ерде јктобе Ч Zhadi-90@mail.ru items_count=2098 real_items_count_from_db=2098 visible=true hidden_reason=
2026-07-28 01:14:41,222 [INFO] [PRICE_LIST_ASSIGNMENT_DEBUG] source_type=vidman account_id=1 price_list_id=391 price_name=јлматы Ч «ерде јлматы Ч Zhadi-90@mail.ru items_count=2183 real_items_count_from_db=2183 visible=true hidden_reason=
2026-07-28 01:14:41,222 [INFO] [PRICE_LIST_ASSIGNMENT_DEBUG] source_type=vidman account_id=1 price_list_id=175 price_name=јктау Ч ћедсервис ѕлюс јктау Ч Zhadi-90@mail.ru items_count=4763 real_items_count_from_db=4763 visible=true hidden_reason=
2026-07-28 01:14:41,223 [INFO] [PRICE_LIST_ASSIGNMENT_DEBUG] source_type=vidman account_id=6 price_list_id=388 price_name=јлматы Ч “ур—ад Ч aiman.imanbaeva1975@mail.ru items_count=1328 real_items_count_from_db=1328 visible=true hidden_reason=
2026-07-28 01:14:41,223 [INFO] [PRICE_LIST_ASSIGNMENT_DEBUG] source_type=vidman account_id=1 price_list_id=9352 price_name=јктау Ч »нкар јктау Ч Zhadi-90@mail.ru items_count=2347 real_items_count_from_db=2347 visible=true hidden_reason=
2026-07-28 01:14:41,224 [INFO] [PRICE_LIST_ASSIGNMENT_DEBUG] source_type=vidman account_id=6 price_list_id=9352 price_name=јктау Ч »нкар јктау Ч aiman.imanbaeva1975@mail.ru items_count=2347 real_items_count_from_db=2347 visible=true hidden_reason=
2026-07-28 01:14:41,225 [INFO] [PRICE_LIST_ASSIGNMENT_DEBUG] source_type=vidman account_id=1 price_list_id=390 price_name=јлматы Ч —адыхан премиум Ч Zhadi-90@mail.ru items_count=3704 real_items_count_from_db=3704 visible=true hidden_reason=
2026-07-28 01:14:41,225 [INFO] [PRICE_LIST_ASSIGNMENT_DEBUG] source_type=vidman account_id=6 price_list_id=5648 price_name=јктобе Ч Dosfarm јктобе Ч aiman.imanbaeva1975@mail.ru items_count=130 real_items_count_from_db=130 visible=true hidden_reason=
2026-07-28 01:14:41,225 [INFO] [PRICE_LIST_ASSIGNMENT_DEBUG] source_type=vidman account_id=1 price_list_id=4237 price_name=јктобе Ч –ј”«ј-јƒ≈ ‘»ЋЋ»јЋ ¬ √ ј “ќЅ≈ Ч Zhadi-90@mail.ru items_count=2100 real_items_count_from_db=2100 visible=true hidden_reason=
2026-07-28 01:14:41,225 [INFO] [PRICE_LIST_ASSIGNMENT_DEBUG] source_type=vidman account_id=6 price_list_id=4237 price_name=јктобе Ч –ј”«ј-јƒ≈ ‘»ЋЋ»јЋ ¬ √ ј “ќЅ≈ Ч aiman.imanbaeva1975@mail.ru items_count=2100 real_items_count_from_db=2100 visible=true hidden_reason=
2026-07-28 01:14:41,227 [INFO] [PRICE_LIST_ASSIGNMENT_DEBUG] source_type=vidman account_id=1 price_list_id=11591 price_name=јктау Ч Ёмити »нтернешнл јктау Ч Zhadi-90@mail.ru items_count=4298 real_items_count_from_db=4298 visible=true hidden_reason=
2026-07-28 01:14:41,227 [INFO] [PRICE_LIST_ASSIGNMENT_DEBUG] source_type=vidman account_id=2 price_list_id=1212 price_name=јктобе Ч «ерде јктобе Ч dovulbaevaamangul@gmail.com items_count=2098 real_items_count_from_db=2098 visible=true hidden_reason=
2026-07-28 01:14:41,227 [INFO] [PRICE_LIST_ASSIGNMENT_DEBUG] source_type=vidman account_id=2 price_list_id=5927 price_name=јктау Ч —тофарм јктау Ч dovulbaevaamangul@gmail.com items_count=2293 real_items_count_from_db=2293 visible=true hidden_reason=
2026-07-28 01:14:41,227 [INFO] [PRICE_LIST_ASSIGNMENT_DEBUG] source_type=vidman account_id=6 price_list_id=10364 price_name=јктау Ч »нкар јктау Ч aiman.imanbaeva1975@mail.ru items_count=2359 real_items_count_from_db=2359 visible=true hidden_reason=
2026-07-28 01:14:41,227 [INFO] [PRICE_LIST_ASSIGNMENT_DEBUG] source_type=vidman account_id=2 price_list_id=10364 price_name=јктау Ч »нкар јктау Ч dovulbaevaamangul@gmail.com items_count=2359 real_items_count_from_db=2359 visible=true hidden_reason=
2026-07-28 01:14:41,227 [INFO] [PRICE_LIST_ASSIGNMENT_DEBUG] source_type=vidman account_id=6 price_list_id=10427 price_name=јктау Ч »нкар јктау Ч aiman.imanbaeva1975@mail.ru items_count=2359 real_items_count_from_db=2359 visible=true hidden_reason=
2026-07-28 01:14:41,228 [INFO] [PRICE_LIST_ASSIGNMENT_DEBUG] source_type=vidman account_id=2 price_list_id=4237 price_name=јктобе Ч –ј”«ј-јƒ≈ ‘»ЋЋ»јЋ ¬ √ ј “ќЅ≈ Ч dovulbaevaamangul@gmail.com items_count=2100 real_items_count_from_db=2100 visible=true hidden_reason=
2026-07-28 01:14:41,229 [INFO] [PRICE_LIST_ASSIGNMENT_DEBUG] source_type=vidman account_id=1 price_list_id=247 price_name=јктобе Ч јманат јктобе Ч Zhadi-90@mail.ru items_count=4618 real_items_count_from_db=4618 visible=true hidden_reason=
2026-07-28 01:14:41,229 [INFO] [PRICE_LIST_ASSIGNMENT_DEBUG] source_type=vidman account_id=6 price_list_id=11591 price_name=јктау Ч Ёмити »нтернешнл јктау Ч aiman.imanbaeva1975@mail.ru items_count=4298 real_items_count_from_db=4298 visible=true hidden_reason=
INFO:     127.0.0.1:52054 - "GET /api/price-lists?format_code=%D0%98%D0%9F%D0%9B_01_002 HTTP/1.1" 200 OK
INFO:     127.0.0.1:52053 - "GET /api/price-formats/%D0%98%D0%9F%D0%9B_01_002/settings HTTP/1.1" 200 OK
INFO:     127.0.0.1:52051 - "GET /api/price-formats/TEST_01/settings HTTP/1.1" 200 OK
INFO:     127.0.0.1:52052 - "GET /api/price-lists?format_code=TEST_01 HTTP/1.1" 200 OK
INFO:     127.0.0.1:52035 - "GET /api/competitors/price-lists?format_code=TEST_01 HTTP/1.1" 200 OK
INFO:     127.0.0.1:52062 - "GET /api/price-lists?format_code=%D0%98%D0%9F%D0%9B_01_002 HTTP/1.1" 200 OK
INFO:     127.0.0.1:52061 - "GET /api/price-formats/%D0%98%D0%9F%D0%9B_01_002/settings HTTP/1.1" 200 OK
INFO:     127.0.0.1:52059 - "GET /api/price-formats/TEST_01/settings HTTP/1.1" 200 OK
INFO:     127.0.0.1:52060 - "GET /api/price-lists?format_code=TEST_01 HTTP/1.1" 200 OK
INFO:     127.0.0.1:52071 - "GET /api/provisor/accounts HTTP/1.1" 200 OK
2026-07-28 01:14:42,562 [INFO] [PRICE_LIST_ASSIGNMENT_DEBUG] source_type=vidman account_id=1 price_list_id=1478 price_name=јлматы Ч ¬»¬ј ‘арм Ч Zhadi-90@mail.ru items_count=85 real_items_count_from_db=85 visible=true hidden_reason=
2026-07-28 01:14:42,562 [INFO] [PRICE_LIST_ASSIGNMENT_DEBUG] source_type=provisor account_id=4 price_list_id=8322 price_name=јтамирас “ќќ (ATAMIRAS.S “ќќ јлматы) Ч јтамирас “ќќ (ATAMIRAS.S “ќќ јлматы) Ч Aksai4/83 items_count=3767 real_items_count_from_db=3767 visible=true hidden_reason=
2026-07-28 01:14:42,562 [INFO] [PRICE_LIST_ASSIGNMENT_DEBUG] source_type=provisor account_id=3 price_list_id=1417 price_name=«ерде “ќќ Ќѕќ (јктау) Ч «ерде “ќќ Ќѕќ (јктау) Ч ∆асулан-‘арм items_count=2408 real_items_count_from_db=2408 visible=true hidden_reason=
2026-07-28 01:14:42,562 [INFO] [PRICE_LIST_ASSIGNMENT_DEBUG] source_type=provisor account_id=4 price_list_id=1392 price_name=ћедсервис (јтырау) Ч ћедсервис (јтырау) Ч Aksai4/83 items_count=5935 real_items_count_from_db=5935 visible=true hidden_reason=
2026-07-28 01:14:42,562 [INFO] [PRICE_LIST_ASSIGNMENT_DEBUG] source_type=provisor account_id=4 price_list_id=1397 price_name=«ерде “ќќ Ќѕќ (јлматы) Ч «ерде “ќќ Ќѕќ (јлматы) Ч Aksai4/83 items_count=2235 real_items_count_from_db=2235 visible=true hidden_reason=
2026-07-28 01:14:42,563 [INFO] [PRICE_LIST_ASSIGNMENT_DEBUG] source_type=provisor account_id=3 price_list_id=1418 price_name=јк-Ќиет (јктау) Ч јк-Ќиет (јктау) Ч ∆асулан-‘арм items_count=2 real_items_count_from_db=2 visible=true hidden_reason=
2026-07-28 01:14:42,563 [INFO] [PRICE_LIST_ASSIGNMENT_DEBUG] source_type=provisor account_id=4 price_list_id=1145 price_name=јтамирас “ќќ (ATAMIRAS.S “ќќ Ўымкент) Ч јтамирас “ќќ (ATAMIRAS.S “ќќ Ўымкент) Ч Aksai4/83 items_count=4208 real_items_count_from_db=4208 visible=true hidden_reason=
2026-07-28 01:14:42,563 [INFO] [PRICE_LIST_ASSIGNMENT_DEBUG] source_type=provisor account_id=4 price_list_id=158 price_name=ћедсервис ( ызылорда) Ч ћедсервис ( ызылорда) Ч Aksai4/83 items_count=5977 real_items_count_from_db=5977 visible=true hidden_reason=
2026-07-28 01:14:42,563 [INFO] [PRICE_LIST_ASSIGNMENT_DEBUG] source_type=provisor account_id=3 price_list_id=159 price_name=ћедсервис (јктау) Ч ћедсервис (јктау) Ч ∆асулан-‘арм items_count=4948 real_items_count_from_db=4948 visible=true hidden_reason=
2026-07-28 01:14:42,563 [INFO] [PRICE_LIST_ASSIGNMENT_DEBUG] source_type=provisor account_id=4 price_list_id=155 price_name=ћедсервис (ѕавлодар) Ч ћедсервис (ѕавлодар) Ч Aksai4/83 items_count=5414 real_items_count_from_db=5414 visible=true hidden_reason=
2026-07-28 01:14:42,563 [INFO] [PRICE_LIST_ASSIGNMENT_DEBUG] source_type=provisor account_id=4 price_list_id=128 price_name=»нкар (јлматы) Ч »нкар (јлматы) Ч Aksai4/83 items_count=2773 real_items_count_from_db=2773 visible=true hidden_reason=
2026-07-28 01:14:42,563 [INFO] [PRICE_LIST_ASSIGNMENT_DEBUG] source_type=provisor account_id=4 price_list_id=1075 price_name=јманат (јлматы) Ч јманат (јлматы) Ч Aksai4/83 items_count=5183 real_items_count_from_db=5183 visible=true hidden_reason=
2026-07-28 01:14:42,563 [INFO] [PRICE_LIST_ASSIGNMENT_DEBUG] source_type=provisor account_id=3 price_list_id=302 price_name=јманат (јктау) Ч јманат (јктау) Ч ∆асулан-‘арм items_count=4454 real_items_count_from_db=4454 visible=true hidden_reason=
2026-07-28 01:14:42,563 [INFO] [PRICE_LIST_ASSIGNMENT_DEBUG] source_type=provisor account_id=3 price_list_id=8067 price_name=¬ива ‘арм “ќќ(јктау) Ч ¬ива ‘арм “ќќ(јктау) Ч ∆асулан-‘арм items_count=37 real_items_count_from_db=37 visible=true hidden_reason=
2026-07-28 01:14:42,563 [INFO] [PRICE_LIST_ASSIGNMENT_DEBUG] source_type=provisor account_id=3 price_list_id=8781 price_name=“ќќ јЋ јзи€ (јктау) Ч “ќќ јЋ јзи€ (јктау) Ч ∆асулан-‘арм items_count=1 real_items_count_from_db=1 visible=true hidden_reason=
2026-07-28 01:14:42,563 [INFO] [PRICE_LIST_ASSIGNMENT_DEBUG] source_type=provisor account_id=3 price_list_id=8358 price_name=—тофарм средн€€ цена (јктау) Ч —тофарм средн€€ цена (јктау) Ч ∆асулан-‘арм items_count=2385 real_items_count_from_db=2385 visible=true hidden_reason=
2026-07-28 01:14:42,563 [INFO] [PRICE_LIST_ASSIGNMENT_DEBUG] source_type=vidman account_id=2 price_list_id=9665 price_name=јстана Ч “ќќ “ест ћедикал Ч dovulbaevaamangul@gmail.com items_count=224 real_items_count_from_db=224 visible=true hidden_reason=
2026-07-28 01:14:42,563 [INFO] [PRICE_LIST_ASSIGNMENT_DEBUG] source_type=vidman account_id=6 price_list_id=9665 price_name=јстана Ч “ќќ “ест ћедикал Ч aiman.imanbaeva1975@mail.ru items_count=224 real_items_count_from_db=224 visible=true hidden_reason=
2026-07-28 01:14:42,563 [INFO] [PRICE_LIST_ASSIGNMENT_DEBUG] source_type=vidman account_id=1 price_list_id=10925 price_name=јстана Ч »ѕ  азимирова ј.Ќ. (ћедћаг) Ч Zhadi-90@mail.ru items_count=152 real_items_count_from_db=152 visible=true hidden_reason=
2026-07-28 01:14:42,563 [INFO] [PRICE_LIST_ASSIGNMENT_DEBUG] source_type=vidman account_id=6 price_list_id=10925 price_name=јстана Ч »ѕ  азимирова ј.Ќ. (ћедћаг) Ч aiman.imanbaeva1975@mail.ru items_count=152 real_items_count_from_db=152 visible=true hidden_reason=
2026-07-28 01:14:42,563 [INFO] [PRICE_LIST_ASSIGNMENT_DEBUG] source_type=vidman account_id=2 price_list_id=8911 price_name=јлматы Ч “ќќ Rosana.kz Ч dovulbaevaamangul@gmail.com items_count=374 real_items_count_from_db=374 visible=true hidden_reason=
2026-07-28 01:14:42,564 [INFO] [PRICE_LIST_ASSIGNMENT_DEBUG] source_type=vidman account_id=1 price_list_id=8911 price_name=јлматы Ч “ќќ Rosana.kz Ч Zhadi-90@mail.ru items_count=374 real_items_count_from_db=374 visible=true hidden_reason=
2026-07-28 01:14:42,564 [INFO] [PRICE_LIST_ASSIGNMENT_DEBUG] source_type=vidman account_id=6 price_list_id=8911 price_name=јлматы Ч “ќќ Rosana.kz Ч aiman.imanbaeva1975@mail.ru items_count=374 real_items_count_from_db=374 visible=true hidden_reason=
2026-07-28 01:14:42,564 [INFO] [PRICE_LIST_ASSIGNMENT_DEBUG] source_type=vidman account_id=1 price_list_id=11194 price_name= останай Ч “ќќ елешек ‘армаци€ Ч Zhadi-90@mail.ru items_count=4 real_items_count_from_db=4 visible=true hidden_reason=
2026-07-28 01:14:42,564 [INFO] [PRICE_LIST_ASSIGNMENT_DEBUG] source_type=vidman account_id=6 price_list_id=11194 price_name= останай Ч “ќќ елешек ‘армаци€ Ч aiman.imanbaeva1975@mail.ru items_count=4 real_items_count_from_db=4 visible=true hidden_reason=
2026-07-28 01:14:42,564 [INFO] [PRICE_LIST_ASSIGNMENT_DEBUG] source_type=vidman account_id=2 price_list_id=11607 price_name=јстана Ч “ќќ Kazbiotech Ч dovulbaevaamangul@gmail.com items_count=12 real_items_count_from_db=12 visible=true hidden_reason=
2026-07-28 01:14:42,564 [INFO] [PRICE_LIST_ASSIGNMENT_DEBUG] source_type=vidman account_id=1 price_list_id=11607 price_name=јстана Ч “ќќ Kazbiotech Ч Zhadi-90@mail.ru items_count=12 real_items_count_from_db=12 visible=true hidden_reason=
2026-07-28 01:14:42,564 [INFO] [PRICE_LIST_ASSIGNMENT_DEBUG] source_type=vidman account_id=6 price_list_id=11607 price_name=јстана Ч “ќќ Kazbiotech Ч aiman.imanbaeva1975@mail.ru items_count=12 real_items_count_from_db=12 visible=true hidden_reason=
2026-07-28 01:14:42,564 [INFO] [PRICE_LIST_ASSIGNMENT_DEBUG] source_type=vidman account_id=6 price_list_id=8394 price_name=Ўымкент Ч “ќќ ‘ј–ћј“ Ч aiman.imanbaeva1975@mail.ru items_count=2768 real_items_count_from_db=2768 visible=true hidden_reason=
2026-07-28 01:14:42,564 [INFO] [PRICE_LIST_ASSIGNMENT_DEBUG] source_type=vidman account_id=6 price_list_id=10298 price_name=Ўымкент Ч Belasar Pharmacy Ч aiman.imanbaeva1975@mail.ru items_count=3189 real_items_count_from_db=3189 visible=true hidden_reason=
2026-07-28 01:14:42,564 [INFO] [PRICE_LIST_ASSIGNMENT_DEBUG] source_type=vidman account_id=1 price_list_id=1212 price_name=јктобе Ч «ерде јктобе Ч Zhadi-90@mail.ru items_count=2098 real_items_count_from_db=2098 visible=true hidden_reason=
2026-07-28 01:14:42,564 [INFO] [PRICE_LIST_ASSIGNMENT_DEBUG] source_type=vidman account_id=1 price_list_id=391 price_name=јлматы Ч «ерде јлматы Ч Zhadi-90@mail.ru items_count=2183 real_items_count_from_db=2183 visible=true hidden_reason=
2026-07-28 01:14:42,564 [INFO] [PRICE_LIST_ASSIGNMENT_DEBUG] source_type=vidman account_id=1 price_list_id=175 price_name=јктау Ч ћедсервис ѕлюс јктау Ч Zhadi-90@mail.ru items_count=4763 real_items_count_from_db=4763 visible=true hidden_reason=
2026-07-28 01:14:42,564 [INFO] [PRICE_LIST_ASSIGNMENT_DEBUG] source_type=vidman account_id=6 price_list_id=388 price_name=јлматы Ч “ур—ад Ч aiman.imanbaeva1975@mail.ru items_count=1328 real_items_count_from_db=1328 visible=true hidden_reason=
2026-07-28 01:14:42,564 [INFO] [PRICE_LIST_ASSIGNMENT_DEBUG] source_type=vidman account_id=1 price_list_id=9352 price_name=јктау Ч »нкар јктау Ч Zhadi-90@mail.ru items_count=2347 real_items_count_from_db=2347 visible=true hidden_reason=
2026-07-28 01:14:42,564 [INFO] [PRICE_LIST_ASSIGNMENT_DEBUG] source_type=vidman account_id=6 price_list_id=9352 price_name=јктау Ч »нкар јктау Ч aiman.imanbaeva1975@mail.ru items_count=2347 real_items_count_from_db=2347 visible=true hidden_reason=
2026-07-28 01:14:42,564 [INFO] [PRICE_LIST_ASSIGNMENT_DEBUG] source_type=vidman account_id=1 price_list_id=390 price_name=јлматы Ч —адыхан премиум Ч Zhadi-90@mail.ru items_count=3704 real_items_count_from_db=3704 visible=true hidden_reason=
2026-07-28 01:14:42,564 [INFO] [PRICE_LIST_ASSIGNMENT_DEBUG] source_type=vidman account_id=6 price_list_id=5648 price_name=јктобе Ч Dosfarm јктобе Ч aiman.imanbaeva1975@mail.ru items_count=130 real_items_count_from_db=130 visible=true hidden_reason=
2026-07-28 01:14:42,564 [INFO] [PRICE_LIST_ASSIGNMENT_DEBUG] source_type=vidman account_id=1 price_list_id=4237 price_name=јктобе Ч –ј”«ј-јƒ≈ ‘»ЋЋ»јЋ ¬ √ ј “ќЅ≈ Ч Zhadi-90@mail.ru items_count=2100 real_items_count_from_db=2100 visible=true hidden_reason=
2026-07-28 01:14:42,564 [INFO] [PRICE_LIST_ASSIGNMENT_DEBUG] source_type=vidman account_id=6 price_list_id=4237 price_name=јктобе Ч –ј”«ј-јƒ≈ ‘»ЋЋ»јЋ ¬ √ ј “ќЅ≈ Ч aiman.imanbaeva1975@mail.ru items_count=2100 real_items_count_from_db=2100 visible=true hidden_reason=
2026-07-28 01:14:42,564 [INFO] [PRICE_LIST_ASSIGNMENT_DEBUG] source_type=vidman account_id=1 price_list_id=11591 price_name=јктау Ч Ёмити »нтернешнл јктау Ч Zhadi-90@mail.ru items_count=4298 real_items_count_from_db=4298 visible=true hidden_reason=
2026-07-28 01:14:42,565 [INFO] [PRICE_LIST_ASSIGNMENT_DEBUG] source_type=vidman account_id=2 price_list_id=1212 price_name=јктобе Ч «ерде јктобе Ч dovulbaevaamangul@gmail.com items_count=2098 real_items_count_from_db=2098 visible=true hidden_reason=
2026-07-28 01:14:42,565 [INFO] [PRICE_LIST_ASSIGNMENT_DEBUG] source_type=vidman account_id=2 price_list_id=5927 price_name=јктау Ч —тофарм јктау Ч dovulbaevaamangul@gmail.com items_count=2293 real_items_count_from_db=2293 visible=true hidden_reason=
2026-07-28 01:14:42,565 [INFO] [PRICE_LIST_ASSIGNMENT_DEBUG] source_type=vidman account_id=6 price_list_id=10364 price_name=јктау Ч »нкар јктау Ч aiman.imanbaeva1975@mail.ru items_count=2359 real_items_count_from_db=2359 visible=true hidden_reason=
2026-07-28 01:14:42,565 [INFO] [PRICE_LIST_ASSIGNMENT_DEBUG] source_type=vidman account_id=2 price_list_id=10364 price_name=јктау Ч »нкар јктау Ч dovulbaevaamangul@gmail.com items_count=2359 real_items_count_from_db=2359 visible=true hidden_reason=
2026-07-28 01:14:42,565 [INFO] [PRICE_LIST_ASSIGNMENT_DEBUG] source_type=vidman account_id=6 price_list_id=10427 price_name=јктау Ч »нкар јктау Ч aiman.imanbaeva1975@mail.ru items_count=2359 real_items_count_from_db=2359 visible=true hidden_reason=
2026-07-28 01:14:42,565 [INFO] [PRICE_LIST_ASSIGNMENT_DEBUG] source_type=vidman account_id=2 price_list_id=4237 price_name=јктобе Ч –ј”«ј-јƒ≈ ‘»ЋЋ»јЋ ¬ √ ј “ќЅ≈ Ч dovulbaevaamangul@gmail.com items_count=2100 real_items_count_from_db=2100 visible=true hidden_reason=
2026-07-28 01:14:42,565 [INFO] [PRICE_LIST_ASSIGNMENT_DEBUG] source_type=vidman account_id=1 price_list_id=247 price_name=јктобе Ч јманат јктобе Ч Zhadi-90@mail.ru items_count=4618 real_items_count_from_db=4618 visible=true hidden_reason=
2026-07-28 01:14:42,565 [INFO] [PRICE_LIST_ASSIGNMENT_DEBUG] source_type=vidman account_id=6 price_list_id=11591 price_name=јктау Ч Ёмити »нтернешнл јктау Ч aiman.imanbaeva1975@mail.ru items_count=4298 real_items_count_from_db=4298 visible=true hidden_reason=
INFO:     127.0.0.1:52067 - "GET /api/competitors/price-lists?format_code=TEST_01 HTTP/1.1" 200 OK
2026-07-28 01:14:42,580 [INFO] [PRICE_LIST_ASSIGNMENT_DEBUG] source_type=vidman account_id=1 price_list_id=1478 price_name=јлматы Ч ¬»¬ј ‘арм Ч Zhadi-90@mail.ru items_count=85 real_items_count_from_db=85 visible=true hidden_reason=
2026-07-28 01:14:42,580 [INFO] [PRICE_LIST_ASSIGNMENT_DEBUG] source_type=provisor account_id=4 price_list_id=8322 price_name=јтамирас “ќќ (ATAMIRAS.S “ќќ јлматы) Ч јтамирас “ќќ (ATAMIRAS.S “ќќ јлматы) Ч Aksai4/83 items_count=3767 real_items_count_from_db=3767 visible=true hidden_reason=
2026-07-28 01:14:42,581 [INFO] [PRICE_LIST_ASSIGNMENT_DEBUG] source_type=provisor account_id=3 price_list_id=1417 price_name=«ерде “ќќ Ќѕќ (јктау) Ч «ерде “ќќ Ќѕќ (јктау) Ч ∆асулан-‘арм items_count=2408 real_items_count_from_db=2408 visible=true hidden_reason=
2026-07-28 01:14:42,581 [INFO] [PRICE_LIST_ASSIGNMENT_DEBUG] source_type=provisor account_id=4 price_list_id=1392 price_name=ћедсервис (јтырау) Ч ћедсервис (јтырау) Ч Aksai4/83 items_count=5935 real_items_count_from_db=5935 visible=true hidden_reason=
2026-07-28 01:14:42,581 [INFO] [PRICE_LIST_ASSIGNMENT_DEBUG] source_type=provisor account_id=4 price_list_id=1397 price_name=«ерде “ќќ Ќѕќ (јлматы) Ч «ерде “ќќ Ќѕќ (јлматы) Ч Aksai4/83 items_count=2235 real_items_count_from_db=2235 visible=true hidden_reason=
2026-07-28 01:14:42,581 [INFO] [PRICE_LIST_ASSIGNMENT_DEBUG] source_type=provisor account_id=3 price_list_id=1418 price_name=јк-Ќиет (јктау) Ч јк-Ќиет (јктау) Ч ∆асулан-‘арм items_count=2 real_items_count_from_db=2 visible=true hidden_reason=
2026-07-28 01:14:42,581 [INFO] [PRICE_LIST_ASSIGNMENT_DEBUG] source_type=provisor account_id=4 price_list_id=1145 price_name=јтамирас “ќќ (ATAMIRAS.S “ќќ Ўымкент) Ч јтамирас “ќќ (ATAMIRAS.S “ќќ Ўымкент) Ч Aksai4/83 items_count=4208 real_items_count_from_db=4208 visible=true hidden_reason=
2026-07-28 01:14:42,581 [INFO] [PRICE_LIST_ASSIGNMENT_DEBUG] source_type=provisor account_id=4 price_list_id=158 price_name=ћедсервис ( ызылорда) Ч ћедсервис ( ызылорда) Ч Aksai4/83 items_count=5977 real_items_count_from_db=5977 visible=true hidden_reason=
2026-07-28 01:14:42,581 [INFO] [PRICE_LIST_ASSIGNMENT_DEBUG] source_type=provisor account_id=3 price_list_id=159 price_name=ћедсервис (јктау) Ч ћедсервис (јктау) Ч ∆асулан-‘арм items_count=4948 real_items_count_from_db=4948 visible=true hidden_reason=
2026-07-28 01:14:42,581 [INFO] [PRICE_LIST_ASSIGNMENT_DEBUG] source_type=provisor account_id=4 price_list_id=155 price_name=ћедсервис (ѕавлодар) Ч ћедсервис (ѕавлодар) Ч Aksai4/83 items_count=5414 real_items_count_from_db=5414 visible=true hidden_reason=
2026-07-28 01:14:42,581 [INFO] [PRICE_LIST_ASSIGNMENT_DEBUG] source_type=provisor account_id=4 price_list_id=128 price_name=»нкар (јлматы) Ч »нкар (јлматы) Ч Aksai4/83 items_count=2773 real_items_count_from_db=2773 visible=true hidden_reason=
2026-07-28 01:14:42,581 [INFO] [PRICE_LIST_ASSIGNMENT_DEBUG] source_type=provisor account_id=4 price_list_id=1075 price_name=јманат (јлматы) Ч јманат (јлматы) Ч Aksai4/83 items_count=5183 real_items_count_from_db=5183 visible=true hidden_reason=
2026-07-28 01:14:42,581 [INFO] [PRICE_LIST_ASSIGNMENT_DEBUG] source_type=provisor account_id=3 price_list_id=302 price_name=јманат (јктау) Ч јманат (јктау) Ч ∆асулан-‘арм items_count=4454 real_items_count_from_db=4454 visible=true hidden_reason=
2026-07-28 01:14:42,581 [INFO] [PRICE_LIST_ASSIGNMENT_DEBUG] source_type=provisor account_id=3 price_list_id=8067 price_name=¬ива ‘арм “ќќ(јктау) Ч ¬ива ‘арм “ќќ(јктау) Ч ∆асулан-‘арм items_count=37 real_items_count_from_db=37 visible=true hidden_reason=
2026-07-28 01:14:42,581 [INFO] [PRICE_LIST_ASSIGNMENT_DEBUG] source_type=provisor account_id=3 price_list_id=8781 price_name=“ќќ јЋ јзи€ (јктау) Ч “ќќ јЋ јзи€ (јктау) Ч ∆асулан-‘арм items_count=1 real_items_count_from_db=1 visible=true hidden_reason=
2026-07-28 01:14:42,581 [INFO] [PRICE_LIST_ASSIGNMENT_DEBUG] source_type=provisor account_id=3 price_list_id=8358 price_name=—тофарм средн€€ цена (јктау) Ч —тофарм средн€€ цена (јктау) Ч ∆асулан-‘арм items_count=2385 real_items_count_from_db=2385 visible=true hidden_reason=
2026-07-28 01:14:42,581 [INFO] [PRICE_LIST_ASSIGNMENT_DEBUG] source_type=vidman account_id=2 price_list_id=9665 price_name=јстана Ч “ќќ “ест ћедикал Ч dovulbaevaamangul@gmail.com items_count=224 real_items_count_from_db=224 visible=true hidden_reason=
2026-07-28 01:14:42,582 [INFO] [PRICE_LIST_ASSIGNMENT_DEBUG] source_type=vidman account_id=6 price_list_id=9665 price_name=јстана Ч “ќќ “ест ћедикал Ч aiman.imanbaeva1975@mail.ru items_count=224 real_items_count_from_db=224 visible=true hidden_reason=
2026-07-28 01:14:42,582 [INFO] [PRICE_LIST_ASSIGNMENT_DEBUG] source_type=vidman account_id=1 price_list_id=10925 price_name=јстана Ч »ѕ  азимирова ј.Ќ. (ћедћаг) Ч Zhadi-90@mail.ru items_count=152 real_items_count_from_db=152 visible=true hidden_reason=
2026-07-28 01:14:42,582 [INFO] [PRICE_LIST_ASSIGNMENT_DEBUG] source_type=vidman account_id=6 price_list_id=10925 price_name=јстана Ч »ѕ  азимирова ј.Ќ. (ћедћаг) Ч aiman.imanbaeva1975@mail.ru items_count=152 real_items_count_from_db=152 visible=true hidden_reason=
2026-07-28 01:14:42,582 [INFO] [PRICE_LIST_ASSIGNMENT_DEBUG] source_type=vidman account_id=2 price_list_id=8911 price_name=јлматы Ч “ќќ Rosana.kz Ч dovulbaevaamangul@gmail.com items_count=374 real_items_count_from_db=374 visible=true hidden_reason=
2026-07-28 01:14:42,582 [INFO] [PRICE_LIST_ASSIGNMENT_DEBUG] source_type=vidman account_id=1 price_list_id=8911 price_name=јлматы Ч “ќќ Rosana.kz Ч Zhadi-90@mail.ru items_count=374 real_items_count_from_db=374 visible=true hidden_reason=
2026-07-28 01:14:42,582 [INFO] [PRICE_LIST_ASSIGNMENT_DEBUG] source_type=vidman account_id=6 price_list_id=8911 price_name=јлматы Ч “ќќ Rosana.kz Ч aiman.imanbaeva1975@mail.ru items_count=374 real_items_count_from_db=374 visible=true hidden_reason=
2026-07-28 01:14:42,582 [INFO] [PRICE_LIST_ASSIGNMENT_DEBUG] source_type=vidman account_id=1 price_list_id=11194 price_name= останай Ч “ќќ елешек ‘армаци€ Ч Zhadi-90@mail.ru items_count=4 real_items_count_from_db=4 visible=true hidden_reason=
2026-07-28 01:14:42,582 [INFO] [PRICE_LIST_ASSIGNMENT_DEBUG] source_type=vidman account_id=6 price_list_id=11194 price_name= останай Ч “ќќ елешек ‘армаци€ Ч aiman.imanbaeva1975@mail.ru items_count=4 real_items_count_from_db=4 visible=true hidden_reason=
2026-07-28 01:14:42,582 [INFO] [PRICE_LIST_ASSIGNMENT_DEBUG] source_type=vidman account_id=2 price_list_id=11607 price_name=јстана Ч “ќќ Kazbiotech Ч dovulbaevaamangul@gmail.com items_count=12 real_items_count_from_db=12 visible=true hidden_reason=
2026-07-28 01:14:42,582 [INFO] [PRICE_LIST_ASSIGNMENT_DEBUG] source_type=vidman account_id=1 price_list_id=11607 price_name=јстана Ч “ќќ Kazbiotech Ч Zhadi-90@mail.ru items_count=12 real_items_count_from_db=12 visible=true hidden_reason=
2026-07-28 01:14:42,582 [INFO] [PRICE_LIST_ASSIGNMENT_DEBUG] source_type=vidman account_id=6 price_list_id=11607 price_name=јстана Ч “ќќ Kazbiotech Ч aiman.imanbaeva1975@mail.ru items_count=12 real_items_count_from_db=12 visible=true hidden_reason=
2026-07-28 01:14:42,582 [INFO] [PRICE_LIST_ASSIGNMENT_DEBUG] source_type=vidman account_id=6 price_list_id=8394 price_name=Ўымкент Ч “ќќ ‘ј–ћј“ Ч aiman.imanbaeva1975@mail.ru items_count=2768 real_items_count_from_db=2768 visible=true hidden_reason=
2026-07-28 01:14:42,582 [INFO] [PRICE_LIST_ASSIGNMENT_DEBUG] source_type=vidman account_id=6 price_list_id=10298 price_name=Ўымкент Ч Belasar Pharmacy Ч aiman.imanbaeva1975@mail.ru items_count=3189 real_items_count_from_db=3189 visible=true hidden_reason=
2026-07-28 01:14:42,582 [INFO] [PRICE_LIST_ASSIGNMENT_DEBUG] source_type=vidman account_id=1 price_list_id=1212 price_name=јктобе Ч «ерде јктобе Ч Zhadi-90@mail.ru items_count=2098 real_items_count_from_db=2098 visible=true hidden_reason=
2026-07-28 01:14:42,582 [INFO] [PRICE_LIST_ASSIGNMENT_DEBUG] source_type=vidman account_id=1 price_list_id=391 price_name=јлматы Ч «ерде јлматы Ч Zhadi-90@mail.ru items_count=2183 real_items_count_from_db=2183 visible=true hidden_reason=
2026-07-28 01:14:42,582 [INFO] [PRICE_LIST_ASSIGNMENT_DEBUG] source_type=vidman account_id=1 price_list_id=175 price_name=јктау Ч ћедсервис ѕлюс јктау Ч Zhadi-90@mail.ru items_count=4763 real_items_count_from_db=4763 visible=true hidden_reason=
2026-07-28 01:14:42,582 [INFO] [PRICE_LIST_ASSIGNMENT_DEBUG] source_type=vidman account_id=6 price_list_id=388 price_name=јлматы Ч “ур—ад Ч aiman.imanbaeva1975@mail.ru items_count=1328 real_items_count_from_db=1328 visible=true hidden_reason=
2026-07-28 01:14:42,582 [INFO] [PRICE_LIST_ASSIGNMENT_DEBUG] source_type=vidman account_id=1 price_list_id=9352 price_name=јктау Ч »нкар јктау Ч Zhadi-90@mail.ru items_count=2347 real_items_count_from_db=2347 visible=true hidden_reason=
2026-07-28 01:14:42,583 [INFO] [PRICE_LIST_ASSIGNMENT_DEBUG] source_type=vidman account_id=6 price_list_id=9352 price_name=јктау Ч »нкар јктау Ч aiman.imanbaeva1975@mail.ru items_count=2347 real_items_count_from_db=2347 visible=true hidden_reason=
2026-07-28 01:14:42,583 [INFO] [PRICE_LIST_ASSIGNMENT_DEBUG] source_type=vidman account_id=1 price_list_id=390 price_name=јлматы Ч —адыхан премиум Ч Zhadi-90@mail.ru items_count=3704 real_items_count_from_db=3704 visible=true hidden_reason=
2026-07-28 01:14:42,583 [INFO] [PRICE_LIST_ASSIGNMENT_DEBUG] source_type=vidman account_id=6 price_list_id=5648 price_name=јктобе Ч Dosfarm јктобе Ч aiman.imanbaeva1975@mail.ru items_count=130 real_items_count_from_db=130 visible=true hidden_reason=
2026-07-28 01:14:42,583 [INFO] [PRICE_LIST_ASSIGNMENT_DEBUG] source_type=vidman account_id=1 price_list_id=4237 price_name=јктобе Ч –ј”«ј-јƒ≈ ‘»ЋЋ»јЋ ¬ √ ј “ќЅ≈ Ч Zhadi-90@mail.ru items_count=2100 real_items_count_from_db=2100 visible=true hidden_reason=
2026-07-28 01:14:42,583 [INFO] [PRICE_LIST_ASSIGNMENT_DEBUG] source_type=vidman account_id=6 price_list_id=4237 price_name=јктобе Ч –ј”«ј-јƒ≈ ‘»ЋЋ»јЋ ¬ √ ј “ќЅ≈ Ч aiman.imanbaeva1975@mail.ru items_count=2100 real_items_count_from_db=2100 visible=true hidden_reason=
2026-07-28 01:14:42,583 [INFO] [PRICE_LIST_ASSIGNMENT_DEBUG] source_type=vidman account_id=1 price_list_id=11591 price_name=јктау Ч Ёмити »нтернешнл јктау Ч Zhadi-90@mail.ru items_count=4298 real_items_count_from_db=4298 visible=true hidden_reason=
2026-07-28 01:14:42,583 [INFO] [PRICE_LIST_ASSIGNMENT_DEBUG] source_type=vidman account_id=2 price_list_id=1212 price_name=јктобе Ч «ерде јктобе Ч dovulbaevaamangul@gmail.com items_count=2098 real_items_count_from_db=2098 visible=true hidden_reason=
2026-07-28 01:14:42,583 [INFO] [PRICE_LIST_ASSIGNMENT_DEBUG] source_type=vidman account_id=2 price_list_id=5927 price_name=јктау Ч —тофарм јктау Ч dovulbaevaamangul@gmail.com items_count=2293 real_items_count_from_db=2293 visible=true hidden_reason=
2026-07-28 01:14:42,583 [INFO] [PRICE_LIST_ASSIGNMENT_DEBUG] source_type=vidman account_id=6 price_list_id=10364 price_name=јктау Ч »нкар јктау Ч aiman.imanbaeva1975@mail.ru items_count=2359 real_items_count_from_db=2359 visible=true hidden_reason=
2026-07-28 01:14:42,583 [INFO] [PRICE_LIST_ASSIGNMENT_DEBUG] source_type=vidman account_id=2 price_list_id=10364 price_name=јктау Ч »нкар јктау Ч dovulbaevaamangul@gmail.com items_count=2359 real_items_count_from_db=2359 visible=true hidden_reason=
2026-07-28 01:14:42,583 [INFO] [PRICE_LIST_ASSIGNMENT_DEBUG] source_type=vidman account_id=6 price_list_id=10427 price_name=јктау Ч »нкар јктау Ч aiman.imanbaeva1975@mail.ru items_count=2359 real_items_count_from_db=2359 visible=true hidden_reason=
2026-07-28 01:14:42,583 [INFO] [PRICE_LIST_ASSIGNMENT_DEBUG] source_type=vidman account_id=2 price_list_id=4237 price_name=јктобе Ч –ј”«ј-јƒ≈ ‘»ЋЋ»јЋ ¬ √ ј “ќЅ≈ Ч dovulbaevaamangul@gmail.com items_count=2100 real_items_count_from_db=2100 visible=true hidden_reason=
2026-07-28 01:14:42,583 [INFO] [PRICE_LIST_ASSIGNMENT_DEBUG] source_type=vidman account_id=1 price_list_id=247 price_name=јктобе Ч јманат јктобе Ч Zhadi-90@mail.ru items_count=4618 real_items_count_from_db=4618 visible=true hidden_reason=
2026-07-28 01:14:42,583 [INFO] [PRICE_LIST_ASSIGNMENT_DEBUG] source_type=vidman account_id=6 price_list_id=11591 price_name=јктау Ч Ёмити »нтернешнл јктау Ч aiman.imanbaeva1975@mail.ru items_count=4298 real_items_count_from_db=4298 visible=true hidden_reason=
INFO:     127.0.0.1:52074 - "GET /api/competitors/price-lists?format_code=TEST_01 HTTP/1.1" 200 OK
INFO:     127.0.0.1:52081 - "GET /api/provisor/accounts HTTP/1.1" 200 OK
INFO:     127.0.0.1:52072 - "GET /api/competitors/percentile-rows?format_code=TEST_01&percentile_source=emit&region=&competitor=&source_key=&q=&percentile_filter=all&competitor_filter=all&sort=sku&direction=asc&page=1&page_size=100 HTTP/1.1" 200 OK
INFO:     127.0.0.1:52068 - "GET /api/competitors/percentile-rows?format_code=TEST_01&percentile_source=emit&region=&competitor=&source_key=&q=&percentile_filter=all&competitor_filter=all&sort=sku&direction=asc&page=1&page_size=100 HTTP/1.1" 200 OK
INFO:     127.0.0.1:52076 - "GET /api/competitors/percentile-rows?format_code=TEST_01&percentile_source=emit&region=&competitor=&source_key=&q=&percentile_filter=all&competitor_filter=all&sort=sku&direction=asc&page=1&page_size=100 HTTP/1.1" 200 OK
INFO:     127.0.0.1:52084 - "GET /api/competitors/percentile-rows?format_code=TEST_01&percentile_source=emit&region=&competitor=&source_key=&q=&percentile_filter=all&competitor_filter=all&sort=sku&direction=asc&page=1&page_size=100 HTTP/1.1" 200 OK
INFO:     127.0.0.1:52070 - "GET /api/competitors/provisor-diagnostics?format_code=TEST_01 HTTP/1.1" 200 OK
INFO:     127.0.0.1:52080 - "GET /api/competitors/provisor-diagnostics?format_code=TEST_01 HTTP/1.1" 200 OK
INFO:     127.0.0.1:52093 - "GET /api/competitors/code-mappings/catalog-view?platform=provisor&status=unmapped&format_code=TEST_01&page=1&limit=50&include_candidates=false HTTP/1.1" 200 OK
